Time (sec),Semi-Major Axis (km),Eccentricity,Inclination (deg),RAAN (deg),Argument of Periapsis (deg),True Anomaly (deg),Orbital Energy (km^2/sec^2),Radius_1 (km),Radius_2 (km),Radius_3 (km),Velocity_1 (km/s),Velocity_2 (km/s),Velocity_3 (km/s),Acceleration_1 (km/s^2),Acceleration_2 (km/s^2),Acceleration_3 (km/s^2),Angular_Momemntum_1 (km^2/s),Angular_Momemntum_2 (km^2/s),Angular_Momemntum_3 (km^2/s)
               0,      7035.932572,   0.005249136681,      7.594643369,                0,                0,                0,     -28.32605612,             6999,                0,                0,                0,              7.5,                1,  -0.008137027593,               -0,               -0,                0,            -6999,          52492.5
           0.001,      7035.932572,   0.005249136681,      7.594643369,              360,              360,  6.194420527e-05,     -28.32605612,             6999,           0.0075,            0.001, -8.137027593e-06,              7.5,                1,  -0.008137027593,               -0,               -0, -4.857225724e-19,            -6999,          52492.5
           0.002,      7035.932572,   0.005249136681,      7.594643369,              360,              360,  0.0001238825267,     -28.32605612,             6999,            0.015,            0.002, -1.627405519e-05,              7.5,                1,  -0.008137027593,               -0,               -0, -2.151057083e-18,            -6999,          52492.5
           0.003,      7035.932572,   0.005249136681,      7.594643369,              360,              360,  0.0001858228093,     -28.32605612,             6999,           0.0225,            0.003, -2.441108278e-05,              7.5,                1,  -0.008137027593,               -0,               -0,  -5.41233704e-18,            -6999,          52492.5
           0.004,      7035.932572,   0.005249136681,      7.594643369,              360,              360,  0.0002477635823,     -28.32605612,             6999,             0.03,            0.004, -3.254811037e-05,              7.5,                1,  -0.008137027593,               -0,               -0, -7.077670917e-18,            -6999,          52492.5
           0.005,      7035.932572,   0.005249136681,      7.594643369,              360,              360,  0.0003097021978,     -28.32605612,             6999,           0.0375,            0.005, -4.068513796e-05,              7.5,                1,  -0.008137027593,               -0,               -0, -1.387776141e-18,            -6999,          52492.5
           0.006,      7035.932572,   0.005249136681,      7.594643369,              360,                0,  0.0003716426766,     -28.32605612,             6999,            0.045,            0.006, -4.882216556e-05,              7.5,                1,  -0.008137027593,               -0,               -0, -8.604221872e-18,            -6999,          52492.5
           0.007,      7035.932572,   0.005249136681,      7.594643369,              360,                0,  0.0004335842201,     -28.32605612,             6999,           0.0525,            0.007, -5.695919315e-05,              7.5,                1,  -0.008137027593,               -0,               -0, -1.193488332e-17,            -6999,          52492.5
           0.008,      7035.932572,   0.005249136681,      7.594643369,              360,              360,   0.000495523487,     -28.32605612,             6999,             0.06,            0.008, -6.509622074e-05,              7.5,                1,  -0.008137027593,               -0,               -0, -1.110195343e-18,            -6999,          52492.5
           0.009,      7035.932572,   0.005249136681,      7.594643369,              360,                0,  0.0005574645052,     -28.32605612,             6999,           0.0675,            0.009, -7.323324833e-05,              7.5,                1,  -0.008137027593,               -0,               -0, -3.330619191e-18,            -6999,          52492.5
            0.01,      7035.932572,   0.005249136681,      7.594643369,                0,                0,  0.0006194055724,     -28.32605612,             6999,            0.075,             0.01, -8.137027593e-05,              7.5,     0.9999999999,  -0.008137027593,               -0,               -0,  2.775642039e-18,            -6999,          52492.5
           0.011,      7035.932572,   0.005249136681,      7.594643369,              360,                0,  0.0006813445356,     -28.32605612,             6999,           0.0825,            0.011, -8.950730352e-05,      7.499999999,     0.9999999999,  -0.008137027593,               -0,               -0, -8.325312175e-19,            -6999,          52492.5
           0.012,      7035.932572,   0.005249136681,      7.594643369,                0,              360,  0.0007432858435,     -28.32605612,      6998.999999,             0.09,            0.012, -9.764433111e-05,      7.499999999,     0.9999999999,  -0.008137027593,               -0,               -0,  6.661548353e-18,            -6999,          52492.5
           0.013,      7035.932572,   0.005249136681,      7.594643369,                0,              360,  0.0008052262393,     -28.32605612,      6998.999999,           0.0975,            0.013, -0.0001057813587,      7.499999999,     0.9999999999,  -0.008137027593,               -0,               -0,  1.193521117e-17,            -6999,          52492.5
           0.014,      7035.932572,   0.005249136681,      7.594643369,                0,              360,  0.0008671654981,     -28.32605612,      6998.999999,            0.105,            0.014, -0.0001139183863,      7.499999999,     0.9999999999,  -0.008137027593,               -0,               -0,  1.554357668e-17,            -6999,          52492.5
           0.015,      7035.932572,   0.005249136681,      7.594643369,                0,              360,  0.0009291065933,     -28.32605612,      6998.999999,           0.1125,            0.015, -0.0001220554139,      7.499999999,     0.9999999999,  -0.008137027593,               -0,               -0,  2.776199058e-18,            -6999,          52492.5
           0.016,      7035.932572,   0.005249136681,      7.594643369,                0,              360,  0.0009910477096,     -28.32605612,      6998.999999,             0.12,            0.016, -0.0001301924415,      7.499999999,     0.9999999999,  -0.008137027593,               -0,               -0,  1.887467722e-17,            -6999,          52492.5
           0.017,      7035.932572,   0.005249136681,      7.594643369,                0,              360,   0.001052987459,     -28.32605612,      6998.999999,           0.1275,            0.017, -0.0001383294691,      7.499999999,     0.9999999998,  -0.008137027593,               -0,               -0,  3.663855926e-17,            -6999,          52492.5
           0.018,      7035.932572,   0.005249136681,      7.594643369,                0,                0,    0.00111492803,     -28.32605612,      6998.999999,            0.135,            0.018, -0.0001464664967,      7.499999999,     0.9999999998,  -0.008137027593,               -0,               -0,  2.886739489e-17,            -6999,          52492.5
           0.019,      7035.932572,   0.005249136681,      7.594643369,                0,                0,   0.001176869293,     -28.32605612,      6998.999999,           0.1425,            0.019, -0.0001546035243,      7.499999998,     0.9999999998,  -0.008137027593,               -0,               -0,  3.774967457e-17,            -6999,          52492.5
            0.02,      7035.932572,   0.005249136681,      7.594643369,                0,                0,   0.001238809085,     -28.32605612,      6998.999998,             0.15,             0.02, -0.0001627405518,      7.499999998,     0.9999999998,  -0.008137027593,               -0,               -0,  1.110493352e-17,            -6999,          52492.5
           0.021,      7035.932572,   0.005249136681,      7.594643369,                0,                0,   0.001300749578,     -28.32605612,      6998.999998,           0.1575,            0.021, -0.0001708775794,      7.499999998,     0.9999999997,  -0.008137027593,               -0,               -0,  3.889230722e-18,            -6999,          52492.5
           0.022,      7035.932572,   0.005249136681,      7.594643369,              360,                0,   0.001362689874,     -28.32605612,      6998.999998,            0.165,            0.022,  -0.000179014607,      7.499999998,     0.9999999997,  -0.008137027593,               -0,               -0, -2.497566441e-17,            -6999,          52492.5
           0.023,      7035.932572,   0.005249136681,      7.594643369,              360,              360,   0.001424630509,     -28.32605612,      6998.999998,           0.1725,            0.023, -0.0001871516346,      7.499999998,     0.9999999997,  -0.008137027593,               -0,               -0, -3.330125349e-17,            -6999,          52492.5
           0.024,      7035.932572,   0.005249136681,      7.594643369,              360,                0,   0.001486571197,     -28.32605612,      6998.999998,             0.18,            0.024, -0.0001952886622,      7.499999997,     0.9999999997,  -0.008137027593,               -0,               -0, -1.442617271e-17,            -6999,          52492.5
           0.025,      7035.932572,   0.005249136681,      7.594643369,                0,              360,    0.00154851146,     -28.32605612,      6998.999997,           0.1875,            0.025, -0.0002034256898,      7.499999997,     0.9999999996,  -0.008137027593,               -0,               -0,  8.249727724e-21,            -6999,          52492.5
           0.026,      7035.932572,   0.005249136681,      7.594643369,              360,                0,   0.001610451573,     -28.32605612,      6998.999997,            0.195,            0.026, -0.0002115627174,      7.499999997,     0.9999999996,  -0.008137027593,               -0,               -0, -3.107620764e-17,            -6999,          52492.5
           0.027,      7035.932572,   0.005249136681,      7.594643369,              360,                0,   0.001672392208,     -28.32605612,      6998.999997,           0.2025,            0.027,  -0.000219699745,      7.499999997,     0.9999999996,  -0.008137027593,               -0,               -0, -9.979885668e-18,            -6999,          52492.5
           0.028,      7035.932572,   0.005249136681,      7.594643369,                0,              360,   0.001734332677,     -28.32605612,      6998.999997,             0.21,            0.028, -0.0002278367726,      7.499999997,     0.9999999995,  -0.008137027593,               -0,               -0,  1.777810722e-17,            -6999,          52492.5
           0.029,      7035.932572,   0.005249136681,      7.594643369,              360,              360,   0.001796272999,     -28.32605612,      6998.999997,           0.2175,            0.029, -0.0002359738002,      7.499999996,     0.9999999995,  -0.008137027593,               -0,               -0, -1.052979149e-17,            -6999,          52492.5
            0.03,      7035.932572,   0.005249136681,      7.594643369,                0,              360,   0.001858213383,     -28.32605612,      6998.999996,            0.225,    0.02999999999, -0.0002441108277,      7.499999996,     0.9999999995,  -0.008137027593,               -0,               -0,  2.796085521e-18,            -6999,          52492.5
           0.031,      7035.932572,   0.005249136681,      7.594643369,              360,              360,   0.001920154013,     -28.32605612,      6998.999996,           0.2325,    0.03099999999, -0.0002522478553,      7.499999996,     0.9999999994,  -0.008137027593,               -0,               -0, -1.107804513e-17,            -6999,          52492.5
           0.032,      7035.932572,   0.005249136681,      7.594643369,                0,              360,     0.0019820945,     -28.32605612,      6998.999996,             0.24,    0.03199999999, -0.0002603848829,      7.499999996,     0.9999999994,  -0.008137027593,               -0,               -0,  1.668169122e-17,            -6999,          52492.5
           0.033,      7035.932572,   0.005249136681,      7.594643369,              360,              360,   0.002044035033,     -28.32605612,      6998.999996,     0.2474999999,    0.03299999999, -0.0002685219105,      7.499999995,     0.9999999994,  -0.008137027593,               -0,               -0, -7.738500691e-18,            -6999,          52492.5
           0.034,      7035.932572,   0.005249136681,      7.594643369,                0,              360,   0.002105975436,     -28.32605612,      6998.999995,     0.2549999999,    0.03399999999, -0.0002766589381,      7.499999995,     0.9999999993,  -0.008137027593,               -0,               -0,  1.336105888e-17,            -6999,          52492.5
           0.035,      7035.932572,   0.005249136681,      7.594643369,              360,              360,   0.002167915889,     -28.32605612,      6998.999995,     0.2624999999,    0.03499999999, -0.0002847959657,      7.499999995,     0.9999999993,  -0.008137027593,               -0,               -0, -4.436455195e-17,            -6999,          52492.5
           0.036,      7035.932572,   0.005249136681,      7.594643369,              360,                0,   0.002229856386,     -28.32605612,      6998.999995,     0.2699999999,    0.03599999999, -0.0002929329933,      7.499999994,     0.9999999992,  -0.008137027593,               -0,               -0, -2.548404942e-17,            -6999,          52492.5
           0.037,      7035.932572,   0.005249136681,      7.594643369,              360,              360,   0.002291796925,     -28.32605612,      6998.999994,     0.2774999999,    0.03699999999, -0.0003010700209,      7.499999994,     0.9999999992,  -0.008137027593,               -0,               -0, -2.714188427e-17,            -6999,          52492.5
           0.038,      7035.932572,   0.005249136681,      7.594643369,              360,              360,   0.002353737193,     -28.32605612,      6998.999994,     0.2849999999,    0.03799999999, -0.0003092070484,      7.499999994,     0.9999999992,  -0.008137027593,               -0,               -0, -6.266066523e-17,            -6999,          52492.5
           0.039,      7035.932572,   0.005249136681,      7.594643369,              360,              360,   0.002415677662,     -28.32605612,      6998.999994,     0.2924999999,    0.03899999999,  -0.000317344076,      7.499999993,     0.9999999991,  -0.008137027593,               -0,               -0,  -8.98518461e-17,            -6999,          52492.5
            0.04,      7035.932572,   0.005249136681,      7.594643369,              360,              360,   0.002477618024,     -28.32605612,      6998.999993,     0.2999999999,    0.03999999999, -0.0003254811036,      7.499999993,     0.9999999991,  -0.008137027593,               -0,               -0, -3.322018606e-17,            -6999,          52492.5
           0.041,      7035.932572,   0.005249136681,      7.594643369,                0,              360,   0.002539558573,     -28.32605612,      6998.999993,     0.3074999999,    0.04099999999, -0.0003336181312,      7.499999993,      0.999999999,  -0.008137027593,               -0,               -0,  6.759210252e-18,            -6999,          52492.5
           0.042,      7035.932572,   0.005249136681,      7.594643369,                0,              360,   0.002601499156,     -28.32605612,      6998.999993,     0.3149999999,    0.04199999999, -0.0003417551588,      7.499999992,      0.999999999,  -0.008137027593,               -0,               -0,  1.676374969e-17,            -6999,          52492.5
           0.043,      7035.932572,   0.005249136681,      7.594643369,              360,              360,   0.002663439498,     -28.32605612,      6998.999992,     0.3224999999,    0.04299999998, -0.0003498921864,      7.499999992,     0.9999999989,  -0.008137027593,               -0,               -0, -1.652915673e-17,            -6999,          52492.5
           0.044,      7035.932572,   0.005249136681,      7.594643369,              360,                0,   0.002725380148,     -28.32605612,      6998.999992,     0.3299999999,    0.04399999998, -0.0003580292139,      7.499999992,     0.9999999989,  -0.008137027593,               -0,               -0, -1.429358266e-17,            -6999,          52492.5
           0.045,      7035.932572,   0.005249136681,      7.594643369,                0,                0,   0.002787320565,     -28.32605612,      6998.999992,     0.3374999999,    0.04499999998, -0.0003661662415,      7.499999991,     0.9999999988,  -0.008137027593,               -0,               -0,  3.068701743e-17,            -6999,          52492.5
           0.046,      7035.932572,   0.005249136681,      7.594643369,                0,                0,    0.00284926089,     -28.32605612,      6998.999991,     0.3449999999,    0.04599999998, -0.0003743032691,      7.499999991,     0.9999999988,  -0.008137027593,               -0,               -0,  4.957891639e-17,            -6999,          52492.5
           0.047,      7035.932572,   0.005249136681,      7.594643369,                0,                0,   0.002911201255,     -28.32605612,      6998.999991,     0.3524999998,    0.04699999998, -0.0003824402967,       7.49999999,     0.9999999987,  -0.008137027593,               -0,               -0,  2.905954294e-17,            -6999,          52492.5
           0.048,      7035.932572,   0.005249136681,      7.594643369,                0,                0,   0.002973142026,     -28.32605612,      6998.999991,     0.3599999998,    0.04799999998, -0.0003905773243,       7.49999999,     0.9999999987,  -0.008137027593,               -0,               -0,  5.128551042e-17,            -6999,          52492.5
           0.049,      7035.932572,   0.005249136681,      7.594643369,                0,              360,   0.003035082216,     -28.32605612,       6998.99999,     0.3674999998,    0.04899999998, -0.0003987143519,       7.49999999,     0.9999999986,  -0.008137027593,               -0,               -0,  6.463156263e-17,            -6999,          52492.5
            0.05,      7035.932572,   0.005249136681,      7.594643369,                0,                0,   0.003097022684,     -28.32605612,       6998.99999,     0.3749999998,    0.04999999998, -0.0004068513794,      7.499999989,     0.9999999985,  -0.008137027593,               -0,               -0,  5.577514252e-17,            -6999,          52492.5
           0.051,      7035.932572,   0.005249136681,      7.594643369,                0,                0,   0.003158963068,     -28.32605612,      6998.999989,     0.3824999998,    0.05099999997,  -0.000414988407,      7.499999989,     0.9999999985,  -0.008137027593,               -0,               -0,  1.139369799e-17,            -6999,          52492.5
           0.052,      7035.932572,   0.005249136681,      7.594643369,                0,                0,   0.003220903373,     -28.32605612,      6998.999989,     0.3899999998,    0.05199999997, -0.0004231254346,      7.499999988,     0.9999999984,  -0.008137027593,               -0,               -0,   1.69745312e-17,            -6999,          52492.5
           0.053,      7035.932572,   0.005249136681,      7.594643369,                0,                0,   0.003282844047,     -28.32605612,      6998.999989,     0.3974999998,    0.05299999997, -0.0004312624622,      7.499999988,     0.9999999984,  -0.008137027593,               -0,               -0,  1.756173688e-17,            -6999,          52492.5
           0.054,      7035.932572,   0.005249136681,      7.594643369,              360,                0,   0.003344784525,     -28.32605612,      6998.999988,     0.4049999998,    0.05399999997, -0.0004393994898,      7.499999987,     0.9999999983,  -0.008137027593,               -0,               -0, -5.567837278e-17,            -6999,          52492.5
           0.055,      7035.932572,   0.005249136681,      7.594643369,              360,                0,   0.003406724925,     -28.32605612,      6998.999988,     0.4124999998,    0.05499999997, -0.0004475365173,      7.499999987,     0.9999999982,  -0.008137027593,               -0,               -0, -1.050460265e-16,            -6999,          52492.5
           0.056,      7035.932572,   0.005249136681,      7.594643369,              360,                0,   0.003468665355,     -28.32605612,      6998.999987,     0.4199999997,    0.05599999997, -0.0004556735449,      7.499999986,     0.9999999982,  -0.008137027593,               -0,               -0, -8.835259889e-17,            -6999,          52492.5
           0.057,      7035.932572,   0.005249136681,      7.594643369,              360,                0,   0.003530605918,     -28.32605612,      6998.999987,     0.4274999997,    0.05699999996, -0.0004638105725,      7.499999986,     0.9999999981,  -0.008137027593,               -0,               -0,  -8.24808782e-17,            -6999,          52492.5
           0.058,      7035.932572,   0.005249136681,      7.594643369,              360,                0,   0.003592546505,     -28.32605612,      6998.999986,     0.4349999997,    0.05799999996, -0.0004719476001,      7.499999985,      0.999999998,  -0.008137027593,               -0,               -0, -9.103892736e-17,            -6999,          52492.5
           0.059,      7035.932572,   0.005249136681,      7.594643369,              360,                0,   0.003654486816,     -28.32605612,      6998.999986,     0.4424999997,    0.05899999996, -0.0004800846276,      7.499999985,      0.999999998,  -0.008137027593,               -0,               -0, -1.273492552e-16,            -6999,          52492.5
            0.06,      7035.932572,   0.005249136681,      7.594643369,              360,                0,   0.003716427257,     -28.32605612,      6998.999985,     0.4499999997,    0.05999999996, -0.0004882216552,      7.499999984,     0.9999999979,  -0.008137027593,               -0,               -0, -9.371206202e-17,            -6999,          52492.5
           0.061,      7035.932572,   0.005249136681,      7.594643369,              360,                0,   0.003778367628,     -28.32605612,      6998.999985,     0.4574999997,    0.06099999996, -0.0004963586828,      7.499999984,     0.9999999978,  -0.008137027593,               -0,               -0,  -1.19190595e-16,            -6999,          52492.5
           0.062,      7035.932572,   0.005249136681,      7.594643369,              360,                0,   0.003840308028,     -28.32605612,      6998.999984,     0.4649999997,    0.06199999995, -0.0005044957104,      7.499999983,     0.9999999978,  -0.008137027593,               -0,               -0, -9.970125994e-17,            -6999,          52492.5
           0.063,      7035.932572,   0.005249136681,      7.594643369,              360,                0,   0.003902248642,     -28.32605612,      6998.999984,     0.4724999996,    0.06299999995, -0.0005126327379,      7.499999983,     0.9999999977,  -0.008137027593,               -0,               -0, -4.856654159e-17,            -6999,          52492.5
           0.064,      7035.932572,   0.005249136681,      7.594643369,                0,                0,      0.003964189,     -28.32605612,      6998.999983,     0.4799999996,    0.06399999995, -0.0005207697655,      7.499999982,     0.9999999976,  -0.008137027593,               -0,               -0,  2.089108188e-17,            -6999,          52492.5
           0.065,      7035.932572,   0.005249136681,      7.594643369,                0,                0,   0.004026129477,     -28.32605612,      6998.999983,     0.4874999996,    0.06499999995, -0.0005289067931,      7.499999982,     0.9999999975,  -0.008137027593,               -0,               -0,  3.845020851e-17,            -6999,          52492.5
           0.066,      7035.932572,   0.005249136681,      7.594643369,              360,              360,   0.004088069889,     -28.32605612,      6998.999982,     0.4949999996,    0.06599999994, -0.0005370438207,      7.499999981,     0.9999999975,  -0.008137027593,               -0,               -0,  -6.15851376e-18,            -6999,          52492.5
           0.067,      7035.932572,   0.005249136681,      7.594643369,              360,                0,   0.004150010414,     -28.32605612,      6998.999982,     0.5024999996,    0.06699999994, -0.0005451808482,       7.49999998,     0.9999999974,  -0.008137027593,               -0,               -0, -1.262575436e-16,            -6999,          52492.5
           0.068,      7035.932572,   0.005249136681,      7.594643369,              360,                0,   0.004211950874,     -28.32605612,      6998.999981,     0.5099999995,    0.06799999994, -0.0005533178758,       7.49999998,     0.9999999973,  -0.008137027592,               -0,               -0, -1.686358797e-16,            -6999,          52492.5
           0.069,      7035.932572,   0.005249136681,      7.594643369,              360,                0,   0.004273891357,     -28.32605612,      6998.999981,     0.5174999995,    0.06899999994, -0.0005614549034,      7.499999979,     0.9999999972,  -0.008137027592,               -0,               -0, -1.446730772e-16,            -6999,          52492.5
            0.07,      7035.932572,   0.005249136681,      7.594643369,              360,                0,   0.004335831695,     -28.32605612,       6998.99998,     0.5249999995,    0.06999999993, -0.0005695919309,      7.499999979,     0.9999999972,  -0.008137027592,               -0,               -0, -1.789914326e-16,            -6999,          52492.5
           0.071,      7035.932572,   0.005249136681,      7.594643369,              360,                0,   0.004397772307,     -28.32605612,      6998.999979,     0.5324999995,    0.07099999993, -0.0005777289585,      7.499999978,     0.9999999971,  -0.008137027592,               -0,               -0, -1.183799236e-16,            -6999,          52492.5
           0.072,      7035.932572,   0.005249136681,      7.594643369,              360,              360,   0.004459712692,     -28.32605612,      6998.999979,     0.5399999995,    0.07199999993, -0.0005858659861,      7.499999977,      0.999999997,  -0.008137027592,               -0,               -0, -3.167212591e-17,            -6999,          52492.5
           0.073,      7035.932572,   0.005249136681,      7.594643369,              360,              360,   0.004521653182,     -28.32605612,      6998.999978,     0.5474999994,    0.07299999992, -0.0005940030137,      7.499999977,     0.9999999969,  -0.008137027592,               -0,               -0, -3.793919969e-17,            -6999,          52492.5
           0.074,      7035.932572,   0.005249136681,      7.594643369,                0,              360,   0.004583593533,     -28.32605612,      6998.999978,     0.5549999994,    0.07399999992, -0.0006021400412,      7.499999976,     0.9999999968,  -0.008137027592,               -0,               -0,  6.793282516e-17,            -6999,          52492.5
           0.075,      7035.932572,   0.005249136681,      7.594643369,              360,              360,   0.004645534066,     -28.32605612,      6998.999977,     0.5624999994,    0.07499999992, -0.0006102770688,      7.499999975,     0.9999999967,  -0.008137027592,               -0,               -0, -4.934209817e-18,            -6999,          52492.5
           0.076,      7035.932572,   0.005249136681,      7.594643369,                0,              360,   0.004707474618,     -28.32605612,      6998.999977,     0.5699999994,    0.07599999991, -0.0006184140964,      7.499999975,     0.9999999966,  -0.008137027592,               -0,               -0,  1.187153588e-16,            -6999,          52492.5
           0.077,      7035.932572,   0.005249136681,      7.594643369,                0,              360,   0.004769415036,     -28.32605612,      6998.999976,     0.5774999993,    0.07699999991, -0.0006265511239,      7.499999974,     0.9999999966,  -0.008137027592,               -0,               -0,  1.010964649e-16,            -6999,          52492.5
           0.078,      7035.932572,   0.005249136681,      7.594643369,                0,              360,     0.0048313554,     -28.32605612,      6998.999975,     0.5849999993,    0.07799999991, -0.0006346881515,      7.499999973,     0.9999999965,  -0.008137027592,               -0,               -0,  1.439924401e-16,            -6999,          52492.5
           0.079,      7035.932572,   0.005249136681,      7.594643369,                0,              360,    0.00489329601,     -28.32605612,      6998.999975,     0.5924999993,     0.0789999999,  -0.000642825179,      7.499999973,     0.9999999964,  -0.008137027592,               -0,               -0,   1.78569761e-16,            -6999,          52492.5
            0.08,      7035.932572,   0.005249136681,      7.594643369,                0,              360,   0.004955236269,     -28.32605612,      6998.999974,     0.5999999993,     0.0799999999, -0.0006509622066,      7.499999972,     0.9999999963,  -0.008137027592,               -0,               -0,  1.359949123e-16,            -6999,          52492.5
           0.081,      7035.932572,   0.005249136681,      7.594643369,                0,                0,   0.005017176698,     -28.32605612,      6998.999973,     0.6074999992,     0.0809999999, -0.0006590992342,      7.499999971,     0.9999999962,  -0.008137027592,               -0,               -0,  2.369250405e-16,            -6999,          52492.5
           0.082,      7035.932572,   0.005249136681,      7.594643369,                0,              360,   0.005079117291,     -28.32605612,      6998.999973,     0.6149999992,    0.08199999989, -0.0006672362617,      7.499999971,     0.9999999961,  -0.008137027592,               -0,               -0,  2.357236304e-16,            -6999,          52492.5
           0.083,      7035.932572,   0.005249136681,      7.594643369,                0,              360,   0.005141057758,     -28.32605612,      6998.999972,     0.6224999992,    0.08299999989, -0.0006753732893,       7.49999997,      0.999999996,  -0.008137027592,               -0,               -0,  2.856017956e-16,            -6999,          52492.5
           0.084,      7035.932572,   0.005249136681,      7.594643369,                0,                0,   0.005202998104,     -28.32605612,      6998.999971,     0.6299999991,    0.08399999989, -0.0006835103168,      7.499999969,     0.9999999959,  -0.008137027592,               -0,               -0,  2.067037514e-16,            -6999,          52492.5
           0.085,      7035.932572,   0.005249136681,      7.594643369,                0,              360,   0.005264938541,     -28.32605612,      6998.999971,     0.6374999991,    0.08499999988, -0.0006916473444,      7.499999969,     0.9999999958,  -0.008137027592,               -0,               -0,  2.230173461e-16,            -6999,          52492.5
           0.086,      7035.932572,   0.005249136681,      7.594643369,                0,              360,   0.005326879065,     -28.32605612,       6998.99997,     0.6449999991,    0.08599999988,  -0.000699784372,      7.499999968,     0.9999999957,  -0.008137027592,               -0,               -0,  1.965977312e-16,            -6999,          52492.5
           0.087,      7035.932572,   0.005249136681,      7.594643369,                0,              360,   0.005388819539,     -28.32605612,      6998.999969,      0.652499999,    0.08699999987, -0.0007079213995,      7.499999967,     0.9999999956,  -0.008137027592,               -0,               -0,  1.696337518e-16,            -6999,          52492.5
           0.088,      7035.932572,   0.005249136681,      7.594643369,                0,              360,   0.005450759897,     -28.32605612,      6998.999968,      0.659999999,    0.08799999987, -0.0007160584271,      7.499999966,     0.9999999955,  -0.008137027592,               -0,               -0,   7.32919599e-17,            -6999,          52492.5
           0.089,      7035.932572,   0.005249136681,      7.594643369,                0,              360,   0.005512700408,     -28.32605612,      6998.999968,      0.667499999,    0.08899999986, -0.0007241954546,      7.499999965,     0.9999999954,  -0.008137027592,               -0,               -0,  6.078352075e-17,            -6999,          52492.5
            0.09,      7035.932572,   0.005249136681,      7.594643369,                0,              360,    0.00557464087,     -28.32605612,      6998.999967,     0.6749999989,    0.08999999986, -0.0007323324822,      7.499999965,     0.9999999953,  -0.008137027592,               -0,               -0,  1.382150581e-16,            -6999,          52492.5
           0.091,      7035.932572,   0.005249136681,      7.594643369,                0,              360,   0.005636581285,     -28.32605612,      6998.999966,     0.6824999989,    0.09099999985, -0.0007404695097,      7.499999964,     0.9999999952,  -0.008137027592,               -0,               -0,  1.634784306e-16,            -6999,          52492.5
           0.092,      7035.932572,   0.005249136681,      7.594643369,                0,                0,   0.005698521782,     -28.32605612,      6998.999966,     0.6899999989,    0.09199999985, -0.0007486065373,      7.499999963,     0.9999999951,  -0.008137027592,               -0,               -0,  1.787625286e-16,            -6999,          52492.5
           0.093,      7035.932572,   0.005249136681,      7.594643369,                0,              360,   0.005760462169,     -28.32605612,      6998.999965,     0.6974999988,    0.09299999984, -0.0007567435648,      7.499999962,      0.999999995,  -0.008137027592,               -0,               -0,  1.152339491e-16,            -6999,          52492.5
           0.094,      7035.932572,   0.005249136681,      7.594643369,                0,              360,   0.005822402763,     -28.32605612,      6998.999964,     0.7049999988,    0.09399999984, -0.0007648805924,      7.499999961,     0.9999999949,  -0.008137027592,               -0,               -0,  9.335232379e-17,            -6999,          52492.5
           0.095,      7035.932572,   0.005249136681,      7.594643369,                0,                0,   0.005884343123,     -28.32605612,      6998.999963,     0.7124999988,    0.09499999983, -0.0007730176199,      7.499999961,     0.9999999948,  -0.008137027592,               -0,               -0,  7.870118224e-17,            -6999,          52492.5
           0.096,      7035.932572,   0.005249136681,      7.594643369,                0,                0,   0.005946283686,     -28.32605612,      6998.999963,     0.7199999987,    0.09599999983, -0.0007811546475,       7.49999996,     0.9999999946,  -0.008137027592,               -0,               -0,  1.134694518e-16,            -6999,          52492.5
           0.097,      7035.932572,   0.005249136681,      7.594643369,                0,              360,    0.00600822402,     -28.32605612,      6998.999962,     0.7274999987,    0.09699999982,  -0.000789291675,      7.499999959,     0.9999999945,  -0.008137027592,               -0,               -0,  1.288237669e-16,            -6999,          52492.5
           0.098,      7035.932572,   0.005249136681,      7.594643369,                0,              360,   0.006070164434,     -28.32605612,      6998.999961,     0.7349999986,    0.09799999982, -0.0007974287026,      7.499999958,     0.9999999944,  -0.008137027592,               -0,               -0,  2.650986254e-17,            -6999,          52492.5
           0.099,      7035.932572,   0.005249136681,      7.594643369,                0,              360,   0.006132104924,     -28.32605612,       6998.99996,     0.7424999986,    0.09899999981, -0.0008055657301,      7.499999957,     0.9999999943,  -0.008137027592,               -0,               -0,  1.018475444e-16,            -6999,          52492.5
             0.1,      7035.932572,   0.005249136681,      7.594643369,                0,                0,   0.006194045371,     -28.32605612,      6998.999959,     0.7499999985,    0.09999999981, -0.0008137027577,      7.499999956,     0.9999999942,  -0.008137027592,               -0,               -0,  6.395887274e-17,            -6999,          52492.5
           0.101,      7035.932572,   0.005249136681,      7.594643369,                0,              360,    0.00625598595,     -28.32605612,      6998.999958,     0.7574999985,     0.1009999998, -0.0008218397852,      7.499999956,     0.9999999941,  -0.008137027592,               -0,               -0,  1.770774282e-16,            -6999,          52492.5
           0.102,      7035.932572,   0.005249136681,      7.594643369,                0,                0,   0.006317926312,     -28.32605612,      6998.999958,     0.7649999985,     0.1019999998, -0.0008299768128,      7.499999955,      0.999999994,  -0.008137027592,               -0,               -0,  1.242350501e-16,            -6999,          52492.5
           0.103,      7035.932572,   0.005249136681,      7.594643369,                0,                0,   0.006379866806,     -28.32605612,      6998.999957,     0.7724999984,     0.1029999998, -0.0008381138403,      7.499999954,     0.9999999938,  -0.008137027592,               -0,               -0,  8.639861328e-17,            -6999,          52492.5
           0.104,      7035.932572,   0.005249136681,      7.594643369,                0,                0,   0.006441807145,     -28.32605612,      6998.999956,     0.7799999984,     0.1039999998, -0.0008462508679,      7.499999953,     0.9999999937,  -0.008137027592,               -0,               -0,   1.05757125e-16,            -6999,          52492.5
           0.105,      7035.932572,   0.005249136681,      7.594643369,                0,                0,    0.00650374767,     -28.32605612,      6998.999955,     0.7874999983,     0.1049999998, -0.0008543878954,      7.499999952,     0.9999999936,  -0.008137027592,               -0,               -0,  2.454998513e-18,            -6999,          52492.5
           0.106,      7035.932572,   0.005249136681,      7.594643369,                0,                0,   0.006565688042,     -28.32605612,      6998.999954,     0.7949999983,     0.1059999998, -0.0008625249229,      7.499999951,     0.9999999935,  -0.008137027592,               -0,               -0,  1.796629535e-17,            -6999,          52492.5
           0.107,      7035.932572,   0.005249136681,      7.594643369,                0,                0,   0.006627628541,     -28.32605612,      6998.999953,     0.8024999982,     0.1069999998, -0.0008706619505,       7.49999995,     0.9999999933,  -0.008137027592,               -0,               -0,  1.078826585e-16,            -6999,          52492.5
           0.108,      7035.932572,   0.005249136681,      7.594643369,                0,                0,   0.006689569162,     -28.32605612,      6998.999953,     0.8099999982,     0.1079999998,  -0.000878798978,      7.499999949,     0.9999999932,  -0.008137027592,               -0,               -0,  2.033708349e-16,            -6999,          52492.5
           0.109,      7035.932572,   0.005249136681,      7.594643369,                0,                0,   0.006751509472,     -28.32605612,      6998.999952,     0.8174999981,     0.1089999997, -0.0008869360055,      7.499999948,     0.9999999931,  -0.008137027592,               -0,               -0,  1.245752808e-16,            -6999,          52492.5
            0.11,      7035.932572,   0.005249136681,      7.594643369,                0,                0,   0.006813450067,     -28.32605612,      6998.999951,     0.8249999981,     0.1099999997, -0.0008950730331,      7.499999947,      0.999999993,  -0.008137027592,               -0,               -0,  1.163007698e-16,            -6999,          52492.5
           0.111,      7035.932572,   0.005249136681,      7.594643369,                0,              360,   0.006875390408,     -28.32605612,       6998.99995,      0.832499998,     0.1109999997, -0.0009032100606,      7.499999946,     0.9999999928,  -0.008137027592,               -0,               -0,  2.418306219e-16,            -6999,          52492.5
           0.112,      7035.932572,   0.005249136681,      7.594643369,                0,              360,   0.006937330714,     -28.32605612,      6998.999949,      0.839999998,     0.1119999997, -0.0009113470881,      7.499999945,     0.9999999927,  -0.008137027592,               -0,               -0,  3.213093264e-16,            -6999,          52492.5
           0.113,      7035.932572,   0.005249136681,      7.594643369,                0,              360,   0.006999271245,     -28.32605612,      6998.999948,     0.8474999979,     0.1129999997, -0.0009194841157,      7.499999944,     0.9999999926,  -0.008137027592,               -0,               -0,  2.859036855e-16,            -6999,          52492.5
           0.114,      7035.932572,   0.005249136681,      7.594643369,                0,              360,   0.007061211788,     -28.32605612,      6998.999947,     0.8549999978,     0.1139999997, -0.0009276211432,      7.499999943,     0.9999999924,  -0.008137027592,               -0,               -0,  2.727268845e-16,            -6999,          52492.5
           0.115,      7035.932572,   0.005249136681,      7.594643369,                0,              360,    0.00712315214,     -28.32605612,      6998.999946,     0.8624999978,     0.1149999997, -0.0009357581707,      7.499999942,     0.9999999923,  -0.008137027592,               -0,               -0,  4.527539217e-16,            -6999,          52492.5
           0.116,      7035.932572,   0.005249136681,      7.594643369,                0,              360,   0.007185092608,     -28.32605612,      6998.999945,     0.8699999977,     0.1159999997, -0.0009438951983,      7.499999941,     0.9999999922,  -0.008137027592,               -0,               -0,  4.240847274e-16,            -6999,          52492.5
           0.117,      7035.932572,   0.005249136681,      7.594643369,                0,              360,   0.007247033141,     -28.32605612,      6998.999944,     0.8774999977,     0.1169999997, -0.0009520322258,       7.49999994,      0.999999992,  -0.008137027592,               -0,               -0,  3.399307553e-16,            -6999,          52492.5
           0.118,      7035.932572,   0.005249136681,      7.594643369,                0,              360,   0.007308973536,     -28.32605612,      6998.999943,     0.8849999976,     0.1179999997, -0.0009601692533,      7.499999939,     0.9999999919,  -0.008137027592,               -0,               -0,  4.517582079e-16,            -6999,          52492.5
           0.119,      7035.932572,   0.005249136681,      7.594643369,                0,              360,   0.007370914094,     -28.32605612,      6998.999942,     0.8924999976,     0.1189999997, -0.0009683062808,      7.499999938,     0.9999999918,  -0.008137027592,               -0,               -0,  4.831222516e-16,            -6999,          52492.5
            0.12,      7035.932572,   0.005249136681,      7.594643369,                0,              360,   0.007432854468,     -28.32605612,      6998.999941,     0.8999999975,     0.1199999997, -0.0009764433084,      7.499999937,     0.9999999916,  -0.008137027592,               -0,               -0,  5.872343759e-16,            -6999,          52492.5
           0.121,      7035.932572,   0.005249136681,      7.594643369,                0,              360,   0.007494794954,     -28.32605612,       6998.99994,     0.9074999974,     0.1209999997, -0.0009845803359,      7.499999936,     0.9999999915,  -0.008137027592,               -0,               -0,  4.732168727e-16,            -6999,          52492.5
           0.122,      7035.932572,   0.005249136681,      7.594643369,                0,              360,   0.007556735452,     -28.32605612,      6998.999939,     0.9149999974,     0.1219999996, -0.0009927173634,      7.499999935,     0.9999999913,  -0.008137027592,               -0,               -0,  6.179112662e-16,            -6999,          52492.5
           0.123,      7035.932572,   0.005249136681,      7.594643369,                0,              360,    0.00761867582,     -28.32605612,      6998.999938,     0.9224999973,     0.1229999996,  -0.001000854391,      7.499999934,     0.9999999912,  -0.008137027592,               -0,               -0,  6.305198007e-16,            -6999,          52492.5
           0.124,      7035.932572,   0.005249136681,      7.594643369,                0,              360,   0.007680616344,     -28.32605612,      6998.999937,     0.9299999972,     0.1239999996,  -0.001008991418,      7.499999933,     0.9999999911,  -0.008137027592,               -0,               -0,  5.532317114e-16,            -6999,          52492.5
           0.125,      7035.932572,   0.005249136681,      7.594643369,                0,              360,   0.007742556739,     -28.32605612,      6998.999936,     0.9374999972,     0.1249999996,  -0.001017128446,      7.499999932,     0.9999999909,  -0.008137027592,               -0,               -0,  4.282362467e-16,            -6999,          52492.5
           0.126,      7035.932572,   0.005249136681,      7.594643369,                0,                0,   0.007804497241,     -28.32605612,      6998.999935,     0.9449999971,     0.1259999996,  -0.001025265473,      7.499999931,     0.9999999908,  -0.008137027592,               -0,               -0,  4.087449691e-16,            -6999,          52492.5
           0.127,      7035.932572,   0.005249136681,      7.594643369,                0,                0,   0.007866437663,     -28.32605612,      6998.999934,      0.952499997,     0.1269999996,  -0.001033402501,       7.49999993,     0.9999999906,  -0.008137027592,               -0,               -0,  4.206512902e-16,            -6999,          52492.5
           0.128,      7035.932572,   0.005249136681,      7.594643369,                0,              360,   0.007928378097,     -28.32605612,      6998.999933,      0.959999997,     0.1279999996,  -0.001041539529,      7.499999929,     0.9999999905,  -0.008137027592,               -0,               -0,  4.020610873e-16,            -6999,          52492.5
           0.129,      7035.932572,   0.005249136681,      7.594643369,                0,                0,   0.007990318545,     -28.32605612,      6998.999932,     0.9674999969,     0.1289999996,  -0.001049676556,      7.499999927,     0.9999999903,  -0.008137027592,               -0,               -0,  2.841413572e-16,            -6999,          52492.5
            0.13,      7035.932572,   0.005249136681,      7.594643369,                0,                0,   0.008052259005,     -28.32605612,      6998.999931,     0.9749999968,     0.1299999996,  -0.001057813584,      7.499999926,     0.9999999902,  -0.008137027592,               -0,               -0,  3.311260163e-16,            -6999,          52492.5
           0.131,      7035.932572,   0.005249136681,      7.594643369,                0,              360,   0.008114199432,     -28.32605612,       6998.99993,     0.9824999967,     0.1309999996,  -0.001065950611,      7.499999925,       0.99999999,  -0.008137027592,               -0,               -0,  3.612168945e-16,            -6999,          52492.5
           0.132,      7035.932572,   0.005249136681,      7.594643369,                0,                0,   0.008176139961,     -28.32605612,      6998.999929,     0.9899999967,     0.1319999996,  -0.001074087639,      7.499999924,     0.9999999899,  -0.008137027592,               -0,               -0,   3.09189253e-16,            -6999,          52492.5
           0.133,      7035.932572,   0.005249136681,      7.594643369,                0,              360,   0.008238080413,     -28.32605612,      6998.999928,     0.9974999966,     0.1329999995,  -0.001082224666,      7.499999923,     0.9999999897,  -0.008137027592,               -0,               -0,  2.172324428e-16,            -6999,          52492.5
           0.134,      7035.932572,   0.005249136681,      7.594643369,                0,              360,   0.008300020877,     -28.32605612,      6998.999927,      1.004999997,     0.1339999995,  -0.001090361694,      7.499999922,     0.9999999896,  -0.008137027592,               -0,               -0,  1.275358281e-16,            -6999,          52492.5
           0.135,      7035.932572,   0.005249136681,      7.594643369,                0,              360,   0.008361961352,     -28.32605612,      6998.999926,      1.012499996,     0.1349999995,  -0.001098498721,      7.499999921,     0.9999999894,  -0.008137027591,               -0,               -0,  8.367656719e-17,            -6999,          52492.5
           0.136,      7035.932572,   0.005249136681,      7.594643369,                0,                0,   0.008423901753,     -28.32605612,      6998.999925,      1.019999996,     0.1359999995,  -0.001106635749,      7.499999919,     0.9999999892,  -0.008137027591,               -0,               -0,  1.709930387e-17,            -6999,          52492.5
           0.137,      7035.932572,   0.005249136681,      7.594643369,                0,                0,   0.008485842295,     -28.32605612,      6998.999924,      1.027499996,     0.1369999995,  -0.001114772776,      7.499999918,     0.9999999891,  -0.008137027591,               -0,               -0,  1.920380504e-16,            -6999,          52492.5
           0.138,      7035.932572,   0.005249136681,      7.594643369,              360,                0,   0.008547782677,     -28.32605612,      6998.999923,      1.034999996,     0.1379999995,  -0.001122909804,      7.499999917,     0.9999999889,  -0.008137027591,               -0,               -0, -1.545158933e-17,            -6999,          52492.5
           0.139,      7035.932572,   0.005249136681,      7.594643369,              360,                0,   0.008609723114,     -28.32605612,      6998.999921,      1.042499996,     0.1389999995,  -0.001131046831,      7.499999916,     0.9999999888,  -0.008137027591,               -0,               -0, -3.350222939e-18,            -6999,          52492.5
            0.14,      7035.932572,   0.005249136681,      7.594643369,              360,                0,   0.008671663605,     -28.32605612,       6998.99992,      1.049999996,     0.1399999995,  -0.001139183859,      7.499999915,     0.9999999886,  -0.008137027591,               -0,               -0, -6.558842419e-17,            -6999,          52492.5
           0.141,      7035.932572,   0.005249136681,      7.594643369,                0,                0,   0.008733604024,     -28.32605612,      6998.999919,      1.057499996,     0.1409999995,  -0.001147320886,      7.499999913,     0.9999999884,  -0.008137027591,               -0,               -0,  6.206787499e-17,            -6999,          52492.5
           0.142,      7035.932572,   0.005249136681,      7.594643369,              360,                0,   0.008795544413,     -28.32605612,      6998.999918,      1.064999996,     0.1419999994,  -0.001155457914,      7.499999912,     0.9999999883,  -0.008137027591,               -0,               -0, -2.443256653e-16,            -6999,          52492.5
           0.143,      7035.932572,   0.005249136681,      7.594643369,              360,                0,   0.008857484937,     -28.32605612,      6998.999917,      1.072499996,     0.1429999994,  -0.001163594941,      7.499999911,     0.9999999881,  -0.008137027591,               -0,               -0, -1.573743223e-16,            -6999,          52492.5
           0.144,      7035.932572,   0.005249136681,      7.594643369,                0,                0,   0.008919425431,     -28.32605612,      6998.999916,      1.079999996,     0.1439999994,  -0.001171731969,       7.49999991,     0.9999999879,  -0.008137027591,               -0,               -0,  2.566071814e-17,            -6999,          52492.5
           0.145,      7035.932572,   0.005249136681,      7.594643369,                0,                0,   0.008981365855,     -28.32605612,      6998.999914,      1.087499996,     0.1449999994,  -0.001179868996,      7.499999908,     0.9999999878,  -0.008137027591,               -0,               -0,  1.249243717e-16,            -6999,          52492.5
           0.146,      7035.932572,   0.005249136681,      7.594643369,              360,                0,    0.00904330629,     -28.32605612,      6998.999913,      1.094999995,     0.1459999994,  -0.001188006024,      7.499999907,     0.9999999876,  -0.008137027591,               -0,               -0, -3.943843384e-17,            -6999,          52492.5
           0.147,      7035.932572,   0.005249136681,      7.594643369,                0,                0,   0.009105246736,     -28.32605612,      6998.999912,      1.102499995,     0.1469999994,  -0.001196143051,      7.499999906,     0.9999999874,  -0.008137027591,               -0,               -0,  1.412531464e-16,            -6999,          52492.5
           0.148,      7035.932572,   0.005249136681,      7.594643369,                0,              360,   0.009167187193,     -28.32605612,      6998.999911,      1.109999995,     0.1479999994,  -0.001204280079,      7.499999905,     0.9999999873,  -0.008137027591,               -0,               -0,  3.664073191e-16,            -6999,          52492.5
           0.149,      7035.932572,   0.005249136681,      7.594643369,                0,                0,   0.009229127661,     -28.32605612,       6998.99991,      1.117499995,     0.1489999994,  -0.001212417106,      7.499999903,     0.9999999871,  -0.008137027591,               -0,               -0,  2.341244511e-16,            -6999,          52492.5
            0.15,      7035.932572,   0.005249136681,      7.594643369,                0,                0,    0.00929106814,     -28.32605612,      6998.999908,      1.124999995,     0.1499999993,  -0.001220554134,      7.499999902,     0.9999999869,  -0.008137027591,               -0,               -0,  2.306833445e-16,            -6999,          52492.5
           0.151,      7035.932572,   0.005249136681,      7.594643369,                0,                0,   0.009353008512,     -28.32605612,      6998.999907,      1.132499995,     0.1509999993,  -0.001228691161,      7.499999901,     0.9999999867,  -0.008137027591,               -0,               -0,  3.019617581e-16,            -6999,          52492.5
           0.152,      7035.932572,   0.005249136681,      7.594643369,                0,                0,   0.009414949051,     -28.32605612,      6998.999906,      1.139999995,     0.1519999993,  -0.001236828188,      7.499999899,     0.9999999866,  -0.008137027591,               -0,               -0,  3.660818948e-16,            -6999,          52492.5
           0.153,      7035.932572,   0.005249136681,      7.594643369,                0,                0,   0.009476889446,     -28.32605612,      6998.999905,      1.147499995,     0.1529999993,  -0.001244965216,      7.499999898,     0.9999999864,  -0.008137027591,               -0,               -0,   2.43188787e-16,            -6999,          52492.5
           0.154,      7035.932572,   0.005249136681,      7.594643369,                0,                0,   0.009538829928,     -28.32605612,      6998.999904,      1.154999995,     0.1539999993,  -0.001253102243,      7.499999897,     0.9999999862,  -0.008137027591,               -0,               -0,  1.975166928e-16,            -6999,          52492.5
           0.155,      7035.932572,   0.005249136681,      7.594643369,                0,                0,   0.009600770382,     -28.32605612,      6998.999902,      1.162499995,     0.1549999993,  -0.001261239271,      7.499999895,      0.999999986,  -0.008137027591,               -0,               -0,  4.003187064e-16,            -6999,          52492.5
           0.156,      7035.932572,   0.005249136681,      7.594643369,                0,              360,   0.009662710809,     -28.32605612,      6998.999901,      1.169999994,     0.1559999993,  -0.001269376298,      7.499999894,     0.9999999859,  -0.008137027591,               -0,               -0,  5.443418186e-16,            -6999,          52492.5
           0.157,      7035.932572,   0.005249136681,      7.594643369,                0,                0,   0.009724651284,     -28.32605612,        6998.9999,      1.177499994,     0.1569999993,  -0.001277513326,      7.499999893,     0.9999999857,  -0.008137027591,               -0,               -0,  6.717757291e-16,            -6999,          52492.5
           0.158,      7035.932572,   0.005249136681,      7.594643369,                0,                0,   0.009786591695,     -28.32605612,      6998.999898,      1.184999994,     0.1579999992,  -0.001285650353,      7.499999891,     0.9999999855,  -0.008137027591,               -0,               -0,  6.027655484e-16,            -6999,          52492.5
           0.159,      7035.932572,   0.005249136681,      7.594643369,                0,                0,   0.009848532153,     -28.32605612,      6998.999897,      1.192499994,     0.1589999992,  -0.001293787381,       7.49999989,     0.9999999853,  -0.008137027591,               -0,               -0,  6.015456162e-16,            -6999,          52492.5
            0.16,      7035.932572,   0.005249136681,      7.594643369,                0,                0,   0.009910472658,     -28.32605612,      6998.999896,      1.199999994,     0.1599999992,  -0.001301924408,      7.499999888,     0.9999999851,  -0.008137027591,               -0,               -0,  6.214878373e-16,            -6999,          52492.5
           0.161,      7035.932572,   0.005249136681,      7.594643369,                0,                0,   0.009972413063,     -28.32605612,      6998.999895,      1.207499994,     0.1609999992,  -0.001310061436,      7.499999887,     0.9999999849,  -0.008137027591,               -0,               -0,  3.511759425e-16,            -6999,          52492.5
           0.162,      7035.932572,   0.005249136681,      7.594643369,                0,                0,    0.01003435359,     -28.32605612,      6998.999893,      1.214999994,     0.1619999992,  -0.001318198463,      7.499999886,     0.9999999847,  -0.008137027591,               -0,               -0,  4.989335265e-16,            -6999,          52492.5
           0.163,      7035.932572,   0.005249136681,      7.594643369,                0,                0,    0.01009629401,     -28.32605612,      6998.999892,      1.222499994,     0.1629999992,  -0.001326335491,      7.499999884,     0.9999999846,  -0.008137027591,               -0,               -0,  2.187719688e-16,            -6999,          52492.5
           0.164,      7035.932572,   0.005249136681,      7.594643369,                0,                0,    0.01015823448,     -28.32605612,      6998.999891,      1.229999994,     0.1639999991,  -0.001334472518,      7.499999883,     0.9999999844,  -0.008137027591,               -0,               -0,  3.555723246e-16,            -6999,          52492.5
           0.165,      7035.932572,   0.005249136681,      7.594643369,                0,                0,    0.01022017493,     -28.32605612,      6998.999889,      1.237499993,     0.1649999991,  -0.001342609546,      7.499999881,     0.9999999842,  -0.008137027591,               -0,               -0,  3.725431232e-16,            -6999,          52492.5
           0.166,      7035.932572,   0.005249136681,      7.594643369,                0,                0,    0.01028211538,     -28.32605612,      6998.999888,      1.244999993,     0.1659999991,  -0.001350746573,       7.49999988,      0.999999984,  -0.008137027591,               -0,               -0,  3.118742067e-16,            -6999,          52492.5
           0.167,      7035.932572,   0.005249136681,      7.594643369,                0,                0,    0.01034405578,     -28.32605612,      6998.999887,      1.252499993,     0.1669999991,  -0.001358883601,      7.499999878,     0.9999999838,  -0.008137027591,               -0,               -0,   2.15755441e-16,            -6999,          52492.5
           0.168,      7035.932572,   0.005249136681,      7.594643369,                0,                0,    0.01040599625,     -28.32605612,      6998.999885,      1.259999993,     0.1679999991,  -0.001367020628,      7.499999877,     0.9999999836,  -0.008137027591,               -0,               -0,  4.422020055e-17,            -6999,          52492.5
           0.169,      7035.932572,   0.005249136681,      7.594643369,              360,                0,     0.0104679367,     -28.32605612,      6998.999884,      1.267499993,     0.1689999991,  -0.001375157655,      7.499999875,     0.9999999834,  -0.008137027591,               -0,               -0, -7.671977939e-17,            -6999,          52492.5
            0.17,      7035.932572,   0.005249136681,      7.594643369,                0,                0,    0.01052987716,     -28.32605612,      6998.999882,      1.274999993,      0.169999999,  -0.001383294683,      7.499999874,     0.9999999832,  -0.008137027591,               -0,               -0,  1.171700191e-16,            -6999,          52492.5
           0.171,      7035.932572,   0.005249136681,      7.594643369,                0,                0,     0.0105918176,     -28.32605612,      6998.999881,      1.282499993,      0.170999999,   -0.00139143171,      7.499999873,      0.999999983,  -0.008137027591,               -0,               -0,  1.945715084e-18,            -6999,          52492.5
           0.172,      7035.932572,   0.005249136681,      7.594643369,                0,                0,    0.01065375807,     -28.32605612,       6998.99988,      1.289999993,      0.171999999,  -0.001399568738,      7.499999871,     0.9999999828,  -0.008137027591,               -0,               -0,  2.071052353e-16,            -6999,          52492.5
           0.173,      7035.932572,   0.005249136681,      7.594643369,                0,                0,    0.01071569856,     -28.32605612,      6998.999878,      1.297499992,      0.172999999,  -0.001407705765,       7.49999987,     0.9999999826,  -0.008137027591,               -0,               -0,  1.891958996e-16,            -6999,          52492.5
           0.174,      7035.932572,   0.005249136681,      7.594643369,                0,                0,    0.01077763899,     -28.32605612,      6998.999877,      1.304999992,      0.173999999,  -0.001415842793,      7.499999868,     0.9999999824,  -0.008137027591,               -0,               -0,  2.124522991e-16,            -6999,          52492.5
           0.175,      7035.932572,   0.005249136681,      7.594643369,                0,                0,    0.01083957946,     -28.32605612,      6998.999875,      1.312499992,      0.174999999,   -0.00142397982,      7.499999866,     0.9999999822,  -0.008137027591,               -0,               -0,  9.701982846e-17,            -6999,          52492.5
           0.176,      7035.932572,   0.005249136681,      7.594643369,                0,                0,    0.01090151987,     -28.32605612,      6998.999874,      1.319999992,     0.1759999989,  -0.001432116848,      7.499999865,      0.999999982,  -0.008137027591,               -0,               -0,  3.163794347e-17,            -6999,          52492.5
           0.177,      7035.932572,   0.005249136681,      7.594643369,              360,                0,    0.01096346033,     -28.32605612,      6998.999873,      1.327499992,     0.1769999989,  -0.001440253875,      7.499999863,     0.9999999818,  -0.008137027591,               -0,               -0, -8.638742476e-17,            -6999,          52492.5
           0.178,      7035.932572,   0.005249136681,      7.594643369,              360,                0,    0.01102540083,     -28.32605612,      6998.999871,      1.334999992,     0.1779999989,  -0.001448390902,      7.499999862,     0.9999999816,   -0.00813702759,               -0,               -0, -2.148662193e-16,            -6999,          52492.5
           0.179,      7035.932572,   0.005249136681,      7.594643369,              360,                0,    0.01108734127,     -28.32605612,       6998.99987,      1.342499992,     0.1789999989,   -0.00145652793,       7.49999986,     0.9999999814,   -0.00813702759,               -0,               -0, -3.116083694e-16,            -6999,          52492.5
            0.18,      7035.932572,   0.005249136681,      7.594643369,              360,                0,    0.01114928165,     -28.32605612,      6998.999868,      1.349999992,     0.1799999989,  -0.001464664957,      7.499999859,     0.9999999812,   -0.00813702759,               -0,               -0, -4.065882838e-16,            -6999,          52492.5
           0.181,      7035.932572,   0.005249136681,      7.594643369,              360,                0,    0.01121122218,     -28.32605612,      6998.999867,      1.357499991,     0.1809999989,  -0.001472801985,      7.499999857,      0.999999981,   -0.00813702759,               -0,               -0, -1.617414184e-16,            -6999,          52492.5
           0.182,      7035.932572,   0.005249136681,      7.594643369,              360,                0,    0.01127316262,     -28.32605612,      6998.999865,      1.364999991,     0.1819999988,  -0.001480939012,      7.499999856,     0.9999999807,   -0.00813702759,               -0,               -0, -2.010114587e-16,            -6999,          52492.5
           0.183,      7035.932572,   0.005249136681,      7.594643369,              360,                0,    0.01133510309,     -28.32605612,      6998.999864,      1.372499991,     0.1829999988,   -0.00148907604,      7.499999854,     0.9999999805,   -0.00813702759,               -0,               -0, -2.601636563e-16,            -6999,          52492.5
           0.184,      7035.932572,   0.005249136681,      7.594643369,              360,                0,    0.01139704355,     -28.32605612,      6998.999862,      1.379999991,     0.1839999988,  -0.001497213067,      7.499999852,     0.9999999803,   -0.00813702759,               -0,               -0, -1.437970728e-16,            -6999,          52492.5
           0.185,      7035.932572,   0.005249136681,      7.594643369,              360,                0,    0.01145898401,     -28.32605612,      6998.999861,      1.387499991,     0.1849999988,  -0.001505350095,      7.499999851,     0.9999999801,   -0.00813702759,               -0,               -0,   -1.8331157e-16,            -6999,          52492.5
           0.186,      7035.932572,   0.005249136681,      7.594643369,              360,                0,    0.01152092442,     -28.32605612,      6998.999859,      1.394999991,     0.1859999988,  -0.001513487122,      7.499999849,     0.9999999799,   -0.00813702759,               -0,               -0, -3.365169488e-16,            -6999,          52492.5
           0.187,      7035.932572,   0.005249136681,      7.594643369,              360,                0,     0.0115828649,     -28.32605612,      6998.999858,       1.40249999,     0.1869999987,  -0.001521624149,      7.499999848,     0.9999999797,   -0.00813702759,               -0,               -0, -7.832675963e-16,            -6999,          52492.5
           0.188,      7035.932572,   0.005249136681,      7.594643369,              360,                0,    0.01164480535,     -28.32605612,      6998.999856,       1.40999999,     0.1879999987,  -0.001529761177,      7.499999846,     0.9999999795,   -0.00813702759,               -0,               -0, -6.586980155e-16,            -6999,          52492.5
           0.189,      7035.932572,   0.005249136681,      7.594643369,              360,                0,    0.01170674579,     -28.32605612,      6998.999855,       1.41749999,     0.1889999987,  -0.001537898204,      7.499999844,     0.9999999792,   -0.00813702759,               -0,               -0, -5.195832716e-16,            -6999,          52492.5
            0.19,      7035.932572,   0.005249136681,      7.594643369,              360,                0,    0.01176868626,     -28.32605612,      6998.999853,       1.42499999,     0.1899999987,  -0.001546035232,      7.499999843,      0.999999979,   -0.00813702759,               -0,               -0, -3.237330852e-16,            -6999,          52492.5
           0.191,      7035.932572,   0.005249136681,      7.594643369,              360,                0,    0.01183062674,     -28.32605612,      6998.999852,       1.43249999,     0.1909999986,  -0.001554172259,      7.499999841,     0.9999999788,   -0.00813702759,               -0,               -0, -2.510017675e-16,            -6999,          52492.5
           0.192,      7035.932572,   0.005249136681,      7.594643369,              360,                0,    0.01189256723,     -28.32605612,       6998.99985,       1.43999999,     0.1919999986,  -0.001562309286,      7.499999839,     0.9999999786,   -0.00813702759,               -0,               -0, -9.932688616e-17,            -6999,          52492.5
           0.193,      7035.932572,   0.005249136681,      7.594643369,              360,                0,    0.01195450755,     -28.32605612,      6998.999848,       1.44749999,     0.1929999986,  -0.001570446314,      7.499999838,     0.9999999783,   -0.00813702759,               -0,               -0, -2.067694935e-16,            -6999,          52492.5
           0.194,      7035.932572,   0.005249136681,      7.594643369,              360,                0,    0.01201644806,     -28.32605612,      6998.999847,      1.454999989,     0.1939999986,  -0.001578583341,      7.499999836,     0.9999999781,   -0.00813702759,               -0,               -0, -8.705003262e-17,            -6999,          52492.5
           0.195,      7035.932572,   0.005249136681,      7.594643369,              360,                0,    0.01207838848,     -28.32605612,      6998.999845,      1.462499989,     0.1949999986,  -0.001586720369,      7.499999834,     0.9999999779,   -0.00813702759,               -0,               -0, -3.641119371e-16,            -6999,          52492.5
           0.196,      7035.932572,   0.005249136681,      7.594643369,              360,                0,    0.01214032894,     -28.32605612,      6998.999844,      1.469999989,     0.1959999985,  -0.001594857396,      7.499999833,     0.9999999777,   -0.00813702759,               -0,               -0, -3.296310059e-16,            -6999,          52492.5
           0.197,      7035.932572,   0.005249136681,      7.594643369,              360,                0,    0.01220226945,     -28.32605612,      6998.999842,      1.477499989,     0.1969999985,  -0.001602994424,      7.499999831,     0.9999999774,   -0.00813702759,               -0,               -0, -4.435151874e-16,            -6999,          52492.5
           0.198,      7035.932572,   0.005249136681,      7.594643369,              360,                0,     0.0122642099,     -28.32605612,       6998.99984,      1.484999989,     0.1979999985,  -0.001611131451,      7.499999829,     0.9999999772,   -0.00813702759,               -0,               -0, -3.818549571e-16,            -6999,          52492.5
           0.199,      7035.932572,   0.005249136681,      7.594643369,              360,                0,    0.01232615029,     -28.32605612,      6998.999839,      1.492499989,     0.1989999985,  -0.001619268478,      7.499999827,      0.999999977,   -0.00813702759,               -0,               -0, -3.245044694e-16,            -6999,          52492.5
             0.2,      7035.932572,   0.005249136681,      7.594643369,              360,                0,    0.01238809076,     -28.32605612,      6998.999837,      1.499999988,     0.1999999984,  -0.001627405506,      7.499999826,     0.9999999767,   -0.00813702759,               -0,               -0, -4.513178531e-16,            -6999,          52492.5
           0.201,      7035.932572,   0.005249136681,      7.594643369,              360,                0,    0.01245003126,     -28.32605612,      6998.999836,      1.507499988,     0.2009999984,  -0.001635542533,      7.499999824,     0.9999999765,   -0.00813702759,               -0,               -0, -5.527384978e-16,            -6999,          52492.5
           0.202,      7035.932572,   0.005249136681,      7.594643369,              360,                0,    0.01251197169,     -28.32605612,      6998.999834,      1.514999988,     0.2019999984,  -0.001643679561,      7.499999822,     0.9999999763,   -0.00813702759,               -0,               -0, -5.302320725e-16,            -6999,          52492.5
           0.203,      7035.932572,   0.005249136681,      7.594643369,              360,                0,    0.01257391215,     -28.32605612,      6998.999832,      1.522499988,     0.2029999984,  -0.001651816588,       7.49999982,      0.999999976,   -0.00813702759,               -0,               -0, -5.636526506e-16,            -6999,          52492.5
           0.204,      7035.932572,   0.005249136681,      7.594643369,              360,                0,    0.01263585261,     -28.32605612,      6998.999831,      1.529999988,     0.2039999984,  -0.001659953615,      7.499999819,     0.9999999758,   -0.00813702759,               -0,               -0, -6.108096749e-16,            -6999,          52492.5
           0.205,      7035.932572,   0.005249136681,      7.594643369,              360,                0,    0.01269779309,     -28.32605612,      6998.999829,      1.537499987,     0.2049999983,  -0.001668090643,      7.499999817,     0.9999999756,   -0.00813702759,               -0,               -0, -4.588157895e-16,            -6999,          52492.5
           0.206,      7035.932572,   0.005249136681,      7.594643369,              360,                0,    0.01275973352,     -28.32605612,      6998.999827,      1.544999987,     0.2059999983,   -0.00167622767,      7.499999815,     0.9999999753,   -0.00813702759,               -0,               -0, -4.565564494e-16,            -6999,          52492.5
           0.207,      7035.932572,   0.005249136681,      7.594643369,              360,                0,    0.01282167395,     -28.32605612,      6998.999826,      1.552499987,     0.2069999983,  -0.001684364698,      7.499999813,     0.9999999751,   -0.00813702759,               -0,               -0, -5.618410462e-16,            -6999,          52492.5
           0.208,      7035.932572,   0.005249136681,      7.594643369,              360,                0,    0.01288361442,     -28.32605612,      6998.999824,      1.559999987,     0.2079999983,  -0.001692501725,      7.499999811,     0.9999999749,   -0.00813702759,               -0,               -0, -7.324789394e-16,            -6999,          52492.5
           0.209,      7035.932572,   0.005249136681,      7.594643369,              360,                0,    0.01294555487,     -28.32605612,      6998.999822,      1.567499987,     0.2089999982,  -0.001700638752,       7.49999981,     0.9999999746,   -0.00813702759,               -0,               -0, -7.522520155e-16,            -6999,          52492.5
            0.21,      7035.932572,   0.005249136681,      7.594643369,              360,                0,    0.01300749536,     -28.32605612,      6998.999821,      1.574999987,     0.2099999982,   -0.00170877578,      7.499999808,     0.9999999744,   -0.00813702759,               -0,               -0, -7.513317208e-16,            -6999,          52492.5
           0.211,      7035.932572,   0.005249136681,      7.594643369,              360,                0,     0.0130694358,     -28.32605612,      6998.999819,      1.582499986,     0.2109999982,  -0.001716912807,      7.499999806,     0.9999999741,   -0.00813702759,               -0,               -0, -9.095719566e-16,            -6999,          52492.5
           0.212,      7035.932572,   0.005249136681,      7.594643369,              360,                0,    0.01313137624,     -28.32605612,      6998.999817,      1.589999986,     0.2119999982,  -0.001725049834,      7.499999804,     0.9999999739,  -0.008137027589,               -0,               -0, -9.627374041e-16,            -6999,          52492.5
           0.213,      7035.932572,   0.005249136681,      7.594643369,              360,                0,     0.0131933167,     -28.32605612,      6998.999815,      1.597499986,     0.2129999981,  -0.001733186862,      7.499999802,     0.9999999736,  -0.008137027589,               -0,               -0, -9.133237954e-16,            -6999,          52492.5
           0.214,      7035.932572,   0.005249136681,      7.594643369,              360,                0,    0.01325525719,     -28.32605612,      6998.999814,      1.604999986,     0.2139999981,  -0.001741323889,        7.4999998,     0.9999999734,  -0.008137027589,               -0,               -0, -8.948331544e-16,            -6999,          52492.5
           0.215,      7035.932572,   0.005249136681,      7.594643369,              360,                0,     0.0133171976,     -28.32605612,      6998.999812,      1.612499986,     0.2149999981,  -0.001749460917,      7.499999798,     0.9999999731,  -0.008137027589,               -0,               -0, -8.650747033e-16,            -6999,          52492.5
           0.216,      7035.932572,   0.005249136681,      7.594643369,              360,                0,     0.0133791381,     -28.32605612,       6998.99981,      1.619999985,      0.215999998,  -0.001757597944,      7.499999797,     0.9999999729,  -0.008137027589,               -0,               -0, -1.003902236e-15,            -6999,          52492.5
           0.217,      7035.932572,   0.005249136681,      7.594643369,              360,                0,     0.0134410785,     -28.32605612,      6998.999808,      1.627499985,      0.216999998,  -0.001765734971,      7.499999795,     0.9999999726,  -0.008137027589,               -0,               -0, -1.088436128e-15,            -6999,          52492.5
           0.218,      7035.932572,   0.005249136681,      7.594643369,              360,                0,    0.01350301897,     -28.32605612,      6998.999807,      1.634999985,      0.217999998,  -0.001773871999,      7.499999793,     0.9999999724,  -0.008137027589,               -0,               -0, -1.033464383e-15,            -6999,          52492.5
           0.219,      7035.932572,   0.005249136681,      7.594643369,              360,                0,    0.01356495944,     -28.32605612,      6998.999805,      1.642499985,      0.218999998,  -0.001782009026,      7.499999791,     0.9999999721,  -0.008137027589,               -0,               -0, -1.018840739e-15,            -6999,          52492.5
            0.22,      7035.932572,   0.005249136681,      7.594643369,              360,                0,    0.01362689986,     -28.32605612,      6998.999803,      1.649999985,     0.2199999979,  -0.001790146053,      7.499999789,     0.9999999719,  -0.008137027589,               -0,               -0, -1.002374297e-15,            -6999,          52492.5
           0.221,      7035.932572,   0.005249136681,      7.594643369,              360,                0,    0.01368884038,     -28.32605612,      6998.999801,      1.657499984,     0.2209999979,  -0.001798283081,      7.499999787,     0.9999999716,  -0.008137027589,               -0,               -0, -7.578546772e-16,            -6999,          52492.5
           0.222,      7035.932572,   0.005249136681,      7.594643369,              360,                0,    0.01375078076,     -28.32605612,      6998.999799,      1.664999984,     0.2219999979,  -0.001806420108,      7.499999785,     0.9999999714,  -0.008137027589,               -0,               -0, -6.474896708e-16,            -6999,          52492.5
           0.223,      7035.932572,   0.005249136681,      7.594643369,              360,                0,    0.01381272124,     -28.32605612,      6998.999798,      1.672499984,     0.2229999979,  -0.001814557135,      7.499999783,     0.9999999711,  -0.008137027589,               -0,               -0, -6.290883176e-16,            -6999,          52492.5
           0.224,      7035.932572,   0.005249136681,      7.594643369,              360,                0,    0.01387466166,     -28.32605612,      6998.999796,      1.679999984,     0.2239999978,  -0.001822694163,      7.499999781,     0.9999999708,  -0.008137027589,               -0,               -0,   -8.8250424e-16,            -6999,          52492.5
           0.225,      7035.932572,   0.005249136681,      7.594643369,              360,                0,    0.01393660215,     -28.32605612,      6998.999794,      1.687499983,     0.2249999978,   -0.00183083119,      7.499999779,     0.9999999706,  -0.008137027589,               -0,               -0, -7.341070894e-16,            -6999,          52492.5
           0.226,      7035.932572,   0.005249136681,      7.594643369,              360,                0,    0.01399854259,     -28.32605612,      6998.999792,      1.694999983,     0.2259999978,  -0.001838968217,      7.499999777,     0.9999999703,  -0.008137027589,               -0,               -0, -5.494352421e-16,            -6999,          52492.5
           0.227,      7035.932572,   0.005249136681,      7.594643369,              360,                0,    0.01406048307,     -28.32605612,       6998.99979,      1.702499983,     0.2269999977,  -0.001847105245,      7.499999775,       0.99999997,  -0.008137027589,               -0,               -0, -5.083422458e-16,            -6999,          52492.5
           0.228,      7035.932572,   0.005249136681,      7.594643369,              360,                0,    0.01412242358,     -28.32605612,      6998.999789,      1.709999983,     0.2279999977,  -0.001855242272,      7.499999773,     0.9999999698,  -0.008137027589,               -0,               -0, -5.686370271e-16,            -6999,          52492.5
           0.229,      7035.932572,   0.005249136681,      7.594643369,              360,                0,    0.01418436396,     -28.32605612,      6998.999787,      1.717499983,     0.2289999977,    -0.0018633793,      7.499999771,     0.9999999695,  -0.008137027589,               -0,               -0, -6.881284828e-16,            -6999,          52492.5
            0.23,      7035.932572,   0.005249136681,      7.594643369,              360,                0,    0.01424630441,     -28.32605612,      6998.999785,      1.724999982,     0.2299999976,  -0.001871516327,      7.499999769,     0.9999999692,  -0.008137027589,               -0,               -0, -4.110674251e-16,            -6999,          52492.5
           0.231,      7035.932572,   0.005249136681,      7.594643369,              360,                0,    0.01430824491,     -28.32605612,      6998.999783,      1.732499982,     0.2309999976,  -0.001879653354,      7.499999767,      0.999999969,  -0.008137027589,               -0,               -0, -5.512446548e-16,            -6999,          52492.5
           0.232,      7035.932572,   0.005249136681,      7.594643369,              360,                0,    0.01437018532,     -28.32605612,      6998.999781,      1.739999982,     0.2319999976,  -0.001887790382,      7.499999765,     0.9999999687,  -0.008137027589,               -0,               -0, -4.003351908e-16,            -6999,          52492.5
           0.233,      7035.932572,   0.005249136681,      7.594643369,              360,                0,    0.01443212579,     -28.32605612,      6998.999779,      1.747499982,     0.2329999975,  -0.001895927409,      7.499999763,     0.9999999684,  -0.008137027589,               -0,               -0, -3.602370466e-16,            -6999,          52492.5
           0.234,      7035.932572,   0.005249136681,      7.594643369,              360,                0,    0.01449406623,     -28.32605612,      6998.999777,      1.754999981,     0.2339999975,  -0.001904064436,      7.499999761,     0.9999999682,  -0.008137027589,               -0,               -0, -1.939148774e-16,            -6999,          52492.5
           0.235,      7035.932572,   0.005249136681,      7.594643369,              360,                0,    0.01455600671,     -28.32605612,      6998.999775,      1.762499981,     0.2349999975,  -0.001912201464,      7.499999759,     0.9999999679,  -0.008137027589,               -0,               -0, -2.744008489e-16,            -6999,          52492.5
           0.236,      7035.932572,   0.005249136681,      7.594643369,              360,                0,    0.01461794713,     -28.32605612,      6998.999773,      1.769999981,     0.2359999975,  -0.001920338491,      7.499999757,     0.9999999676,  -0.008137027589,               -0,               -0, -3.374590886e-16,            -6999,          52492.5
           0.237,      7035.932572,   0.005249136681,      7.594643369,              360,                0,    0.01467988755,     -28.32605612,      6998.999771,      1.777499981,     0.2369999974,  -0.001928475518,      7.499999755,     0.9999999673,  -0.008137027589,               -0,               -0, -3.408983196e-16,            -6999,          52492.5
           0.238,      7035.932572,   0.005249136681,      7.594643369,              360,                0,    0.01474182802,     -28.32605612,       6998.99977,       1.78499998,     0.2379999974,  -0.001936612546,      7.499999753,     0.9999999671,  -0.008137027589,               -0,               -0, -2.663970237e-16,            -6999,          52492.5
           0.239,      7035.932572,   0.005249136681,      7.594643369,              360,                0,     0.0148037685,     -28.32605612,      6998.999768,       1.79249998,     0.2389999974,  -0.001944749573,      7.499999751,     0.9999999668,  -0.008137027589,               -0,               -0, -2.682733423e-16,            -6999,          52492.5
            0.24,      7035.932572,   0.005249136681,      7.594643369,              360,                0,    0.01486570897,     -28.32605612,      6998.999766,       1.79999998,     0.2399999973,    -0.0019528866,      7.499999749,     0.9999999665,  -0.008137027589,               -0,               -0, -8.229131427e-17,            -6999,          52492.5
           0.241,      7035.932572,   0.005249136681,      7.594643369,              360,                0,    0.01492764941,     -28.32605612,      6998.999764,       1.80749998,     0.2409999973,  -0.001961023627,      7.499999747,     0.9999999662,  -0.008137027589,               -0,               -0, -3.323933666e-16,            -6999,          52492.5
           0.242,      7035.932572,   0.005249136681,      7.594643369,              360,                0,    0.01498958989,     -28.32605612,      6998.999762,      1.814999979,     0.2419999973,  -0.001969160655,      7.499999745,      0.999999966,  -0.008137027588,               -0,               -0, -3.307934081e-16,            -6999,          52492.5
           0.243,      7035.932572,   0.005249136681,      7.594643369,              360,                0,    0.01505153033,     -28.32605612,       6998.99976,      1.822499979,     0.2429999972,  -0.001977297682,      7.499999743,     0.9999999657,  -0.008137027588,               -0,               -0, -2.351401518e-16,            -6999,          52492.5
           0.244,      7035.932572,   0.005249136681,      7.594643369,              360,                0,    0.01511347077,     -28.32605612,      6998.999758,      1.829999979,     0.2439999972,  -0.001985434709,       7.49999974,     0.9999999654,  -0.008137027588,               -0,               -0, -2.252867491e-16,            -6999,          52492.5
           0.245,      7035.932572,   0.005249136681,      7.594643369,              360,                0,    0.01517541122,     -28.32605612,      6998.999756,      1.837499979,     0.2449999972,  -0.001993571737,      7.499999738,     0.9999999651,  -0.008137027588,               -0,               -0, -2.590417142e-16,            -6999,          52492.5
           0.246,      7035.932572,   0.005249136681,      7.594643369,              360,                0,    0.01523735167,     -28.32605612,      6998.999754,      1.844999978,     0.2459999971,  -0.002001708764,      7.499999736,     0.9999999648,  -0.008137027588,               -0,               -0, -3.114220033e-16,            -6999,          52492.5
           0.247,      7035.932572,   0.005249136681,      7.594643369,              360,                0,    0.01529929216,     -28.32605612,      6998.999752,      1.852499978,     0.2469999971,  -0.002009845791,      7.499999734,     0.9999999645,  -0.008137027588,               -0,               -0, -9.931769006e-17,            -6999,          52492.5
           0.248,      7035.932572,   0.005249136681,      7.594643369,              360,                0,    0.01536123263,     -28.32605612,       6998.99975,      1.859999978,      0.247999997,  -0.002017982819,      7.499999732,     0.9999999642,  -0.008137027588,               -0,               -0, -2.462643168e-17,            -6999,          52492.5
           0.249,      7035.932572,   0.005249136681,      7.594643369,              360,                0,    0.01542317308,     -28.32605612,      6998.999748,      1.867499978,      0.248999997,  -0.002026119846,       7.49999973,      0.999999964,  -0.008137027588,               -0,               -0, -4.515664258e-17,            -6999,          52492.5
            0.25,      7035.932572,   0.005249136681,      7.594643369,                0,                0,    0.01548511349,     -28.32605612,      6998.999746,      1.874999977,      0.249999997,  -0.002034256873,      7.499999728,     0.9999999637,  -0.008137027588,               -0,               -0,  8.945009468e-17,            -6999,          52492.5
           0.251,      7035.932572,   0.005249136681,      7.594643369,              360,                0,    0.01554705395,     -28.32605612,      6998.999744,      1.882499977,     0.2509999969,    -0.0020423939,      7.499999725,     0.9999999634,  -0.008137027588,               -0,               -0, -7.160668794e-18,            -6999,          52492.5
           0.252,      7035.932572,   0.005249136681,      7.594643369,              360,                0,     0.0156089944,     -28.32605612,      6998.999742,      1.889999977,     0.2519999969,  -0.002050530928,      7.499999723,     0.9999999631,  -0.008137027588,               -0,               -0, -7.075268279e-17,            -6999,          52492.5
           0.253,      7035.932572,   0.005249136681,      7.594643369,              360,                0,    0.01567093483,     -28.32605612,       6998.99974,      1.897499976,     0.2529999969,  -0.002058667955,      7.499999721,     0.9999999628,  -0.008137027588,               -0,               -0, -2.811788653e-16,            -6999,          52492.5
           0.254,      7035.932572,   0.005249136681,      7.594643369,                0,                0,    0.01573287532,     -28.32605612,      6998.999738,      1.904999976,     0.2539999968,  -0.002066804982,      7.499999719,     0.9999999625,  -0.008137027588,               -0,               -0,  2.813837863e-16,            -6999,          52492.5
           0.255,      7035.932572,   0.005249136681,      7.594643369,                0,                0,    0.01579481574,     -28.32605612,      6998.999735,      1.912499976,     0.2549999968,   -0.00207494201,      7.499999717,     0.9999999622,  -0.008137027588,               -0,               -0,  3.390718283e-16,            -6999,          52492.5
           0.256,      7035.932572,   0.005249136681,      7.594643369,                0,                0,    0.01585675626,     -28.32605612,      6998.999733,      1.919999976,     0.2559999967,  -0.002083079037,      7.499999714,     0.9999999619,  -0.008137027588,               -0,               -0,  1.561216297e-16,            -6999,          52492.5
           0.257,      7035.932572,   0.005249136681,      7.594643369,              360,                0,    0.01591869669,     -28.32605612,      6998.999731,      1.927499975,     0.2569999967,  -0.002091216064,      7.499999712,     0.9999999616,  -0.008137027588,               -0,               -0, -3.230423185e-18,            -6999,          52492.5
           0.258,      7035.932572,   0.005249136681,      7.594643369,                0,                0,    0.01598063717,     -28.32605612,      6998.999729,      1.934999975,     0.2579999967,  -0.002099353091,       7.49999971,     0.9999999613,  -0.008137027588,               -0,               -0,  1.180356298e-16,            -6999,          52492.5
           0.259,      7035.932572,   0.005249136681,      7.594643369,                0,                0,    0.01604257757,     -28.32605612,      6998.999727,      1.942499975,     0.2589999966,  -0.002107490119,      7.499999708,      0.999999961,  -0.008137027588,               -0,               -0,   1.26904199e-16,            -6999,          52492.5
            0.26,      7035.932572,   0.005249136681,      7.594643369,                0,                0,    0.01610451805,     -28.32605612,      6998.999725,      1.949999974,     0.2599999966,  -0.002115627146,      7.499999705,     0.9999999607,  -0.008137027588,               -0,               -0,  2.876117576e-16,            -6999,          52492.5
           0.261,      7035.932572,   0.005249136681,      7.594643369,                0,                0,    0.01616645848,     -28.32605612,      6998.999723,      1.957499974,     0.2609999966,  -0.002123764173,      7.499999703,     0.9999999604,  -0.008137027588,               -0,               -0,  1.982609817e-16,            -6999,          52492.5
           0.262,      7035.932572,   0.005249136681,      7.594643369,                0,                0,     0.0162283989,     -28.32605612,      6998.999721,      1.964999974,     0.2619999965,  -0.002131901201,      7.499999701,     0.9999999601,  -0.008137027588,               -0,               -0,  3.412472098e-16,            -6999,          52492.5
           0.263,      7035.932572,   0.005249136681,      7.594643369,                0,                0,     0.0162903394,     -28.32605612,      6998.999719,      1.972499974,     0.2629999965,  -0.002140038228,      7.499999698,     0.9999999598,  -0.008137027588,               -0,               -0,  9.817969259e-17,            -6999,          52492.5
           0.264,      7035.932572,   0.005249136681,      7.594643369,                0,                0,    0.01635227985,     -28.32605612,      6998.999716,      1.979999973,     0.2639999964,  -0.002148175255,      7.499999696,     0.9999999595,  -0.008137027588,               -0,               -0,  1.773842101e-16,            -6999,          52492.5
           0.265,      7035.932572,   0.005249136681,      7.594643369,                0,                0,    0.01641422031,     -28.32605612,      6998.999714,      1.987499973,     0.2649999964,  -0.002156312282,      7.499999694,     0.9999999592,  -0.008137027588,               -0,               -0,  3.990081493e-16,            -6999,          52492.5
           0.266,      7035.932572,   0.005249136681,      7.594643369,                0,                0,     0.0164761608,     -28.32605612,      6998.999712,      1.994999973,     0.2659999964,   -0.00216444931,      7.499999692,     0.9999999589,  -0.008137027588,               -0,               -0,  3.611543188e-16,            -6999,          52492.5
           0.267,      7035.932572,   0.005249136681,      7.594643369,                0,                0,    0.01653810121,     -28.32605612,       6998.99971,      2.002499972,     0.2669999963,  -0.002172586337,      7.499999689,     0.9999999586,  -0.008137027588,               -0,               -0,  5.503815358e-16,            -6999,          52492.5
           0.268,      7035.932572,   0.005249136681,      7.594643369,                0,                0,    0.01660004169,     -28.32605612,      6998.999708,      2.009999972,     0.2679999963,  -0.002180723364,      7.499999687,     0.9999999582,  -0.008137027587,               -0,               -0,  5.661804445e-16,            -6999,          52492.5
           0.269,      7035.932572,   0.005249136681,      7.594643369,                0,                0,    0.01666198215,     -28.32605612,      6998.999706,      2.017499972,     0.2689999962,  -0.002188860391,      7.499999685,     0.9999999579,  -0.008137027587,               -0,               -0,  6.653934474e-18,            -6999,          52492.5
            0.27,      7035.932572,   0.005249136681,      7.594643369,                0,                0,    0.01672392257,     -28.32605612,      6998.999703,      2.024999971,     0.2699999962,  -0.002196997419,      7.499999682,     0.9999999576,  -0.008137027587,               -0,               -0,  2.462617525e-16,            -6999,          52492.5
           0.271,      7035.932572,   0.005249136681,      7.594643369,                0,                0,    0.01678586305,     -28.32605612,      6998.999701,      2.032499971,     0.2709999961,  -0.002205134446,       7.49999968,     0.9999999573,  -0.008137027587,               -0,               -0,  2.205812774e-16,            -6999,          52492.5
           0.272,      7035.932572,   0.005249136681,      7.594643369,                0,                0,    0.01684780349,     -28.32605612,      6998.999699,      2.039999971,     0.2719999961,  -0.002213271473,      7.499999677,      0.999999957,  -0.008137027587,               -0,               -0,  1.919063988e-16,            -6999,          52492.5
           0.273,      7035.932572,   0.005249136681,      7.594643369,                0,                0,    0.01690974395,     -28.32605612,      6998.999697,       2.04749997,     0.2729999961,    -0.0022214085,      7.499999675,     0.9999999567,  -0.008137027587,               -0,               -0,  2.024293157e-16,            -6999,          52492.5
           0.274,      7035.932572,   0.005249136681,      7.594643369,              360,                0,    0.01697168442,     -28.32605612,      6998.999695,       2.05499997,      0.273999996,  -0.002229545527,      7.499999673,     0.9999999564,  -0.008137027587,               -0,               -0, -1.497469167e-16,            -6999,          52492.5
           0.275,      7035.932572,   0.005249136681,      7.594643369,              360,                0,    0.01703362483,     -28.32605612,      6998.999692,       2.06249997,      0.274999996,  -0.002237682555,       7.49999967,      0.999999956,  -0.008137027587,               -0,               -0, -1.493573582e-16,            -6999,          52492.5
           0.276,      7035.932572,   0.005249136681,      7.594643369,                0,                0,    0.01709556532,     -28.32605612,       6998.99969,      2.069999969,     0.2759999959,  -0.002245819582,      7.499999668,     0.9999999557,  -0.008137027587,               -0,               -0,  1.847215065e-17,            -6999,          52492.5
           0.277,      7035.932572,   0.005249136681,      7.594643369,              360,                0,    0.01715750576,     -28.32605612,      6998.999688,      2.077499969,     0.2769999959,  -0.002253956609,      7.499999665,     0.9999999554,  -0.008137027587,               -0,               -0, -4.815529009e-17,            -6999,          52492.5
           0.278,      7035.932572,   0.005249136681,      7.594643369,              360,                0,    0.01721944624,     -28.32605612,      6998.999686,      2.084999969,     0.2779999958,  -0.002262093636,      7.499999663,     0.9999999551,  -0.008137027587,               -0,               -0, -3.070473232e-16,            -6999,          52492.5
           0.279,      7035.932572,   0.005249136681,      7.594643369,              360,                0,    0.01728138669,     -28.32605612,      6998.999683,      2.092499968,     0.2789999958,  -0.002270230664,      7.499999661,     0.9999999548,  -0.008137027587,               -0,               -0, -3.960820889e-17,            -6999,          52492.5
            0.28,      7035.932572,   0.005249136681,      7.594643369,                0,                0,    0.01734332713,     -28.32605612,      6998.999681,      2.099999968,     0.2799999957,  -0.002278367691,      7.499999658,     0.9999999544,  -0.008137027587,               -0,               -0,  1.216164266e-16,            -6999,          52492.5
           0.281,      7035.932572,   0.005249136681,      7.594643369,              360,                0,     0.0174052676,     -28.32605612,      6998.999679,      2.107499968,     0.2809999957,  -0.002286504718,      7.499999656,     0.9999999541,  -0.008137027587,               -0,               -0, -2.252701847e-16,            -6999,          52492.5
           0.282,      7035.932572,   0.005249136681,      7.594643369,              360,                0,    0.01746720806,     -28.32605612,      6998.999676,      2.114999967,     0.2819999957,  -0.002294641745,      7.499999653,     0.9999999538,  -0.008137027587,               -0,               -0, -5.939863826e-16,            -6999,          52492.5
           0.283,      7035.932572,   0.005249136681,      7.594643369,              360,                0,    0.01752914843,     -28.32605612,      6998.999674,      2.122499967,     0.2829999956,  -0.002302778772,      7.499999651,     0.9999999534,  -0.008137027587,               -0,               -0, -2.626056252e-16,            -6999,          52492.5
           0.284,      7035.932572,   0.005249136681,      7.594643369,                0,                0,    0.01759108892,     -28.32605612,      6998.999672,      2.129999967,     0.2839999956,    -0.0023109158,      7.499999648,     0.9999999531,  -0.008137027587,               -0,               -0,  1.329959066e-16,            -6999,          52492.5
           0.285,      7035.932572,   0.005249136681,      7.594643369,                0,                0,    0.01765302939,     -28.32605612,       6998.99967,      2.137499966,     0.2849999955,  -0.002319052827,      7.499999646,     0.9999999528,  -0.008137027587,               -0,               -0,  1.909215385e-16,            -6999,          52492.5
           0.286,      7035.932572,   0.005249136681,      7.594643369,              360,                0,    0.01771496982,     -28.32605612,      6998.999667,      2.144999966,     0.2859999955,  -0.002327189854,      7.499999643,     0.9999999525,  -0.008137027587,               -0,               -0, -4.663614431e-17,            -6999,          52492.5
           0.287,      7035.932572,   0.005249136681,      7.594643369,              360,                0,    0.01777691033,     -28.32605612,      6998.999665,      2.152499966,     0.2869999954,  -0.002335326881,      7.499999641,     0.9999999521,  -0.008137027587,               -0,               -0, -2.985090466e-16,            -6999,          52492.5
           0.288,      7035.932572,   0.005249136681,      7.594643369,                0,                0,    0.01783885075,     -28.32605612,      6998.999663,      2.159999965,     0.2879999954,  -0.002343463908,      7.499999638,     0.9999999518,  -0.008137027587,               -0,               -0,  1.283637266e-16,            -6999,          52492.5
           0.289,      7035.932572,   0.005249136681,      7.594643369,              360,                0,    0.01790079119,     -28.32605612,       6998.99966,      2.167499965,     0.2889999953,  -0.002351600936,      7.499999636,     0.9999999514,  -0.008137027587,               -0,               -0, -5.609278186e-17,            -6999,          52492.5
            0.29,      7035.932572,   0.005249136681,      7.594643369,              360,                0,    0.01796273168,     -28.32605612,      6998.999658,      2.174999965,     0.2899999953,  -0.002359737963,      7.499999633,     0.9999999511,  -0.008137027587,               -0,               -0, -3.655966604e-16,            -6999,          52492.5
           0.291,      7035.932572,   0.005249136681,      7.594643369,              360,                0,    0.01802467215,     -28.32605612,      6998.999655,      2.182499964,     0.2909999952,   -0.00236787499,      7.499999631,     0.9999999508,  -0.008137027587,               -0,               -0, -5.156490286e-16,            -6999,          52492.5
           0.292,      7035.932572,   0.005249136681,      7.594643369,              360,                0,     0.0180866126,     -28.32605612,      6998.999653,      2.189999964,     0.2919999952,  -0.002376012017,      7.499999628,     0.9999999504,  -0.008137027586,               -0,               -0, -2.606087746e-16,            -6999,          52492.5
           0.293,      7035.932572,   0.005249136681,      7.594643369,              360,                0,    0.01814855307,     -28.32605612,      6998.999651,      2.197499963,     0.2929999951,  -0.002384149044,      7.499999626,     0.9999999501,  -0.008137027586,               -0,               -0, -2.372318738e-18,            -6999,          52492.5
           0.294,      7035.932572,   0.005249136681,      7.594643369,              360,                0,    0.01821049349,     -28.32605612,      6998.999648,      2.204999963,     0.2939999951,  -0.002392286072,      7.499999623,     0.9999999498,  -0.008137027586,               -0,               -0, -1.428360513e-16,            -6999,          52492.5
           0.295,      7035.932572,   0.005249136681,      7.594643369,                0,                0,    0.01827243391,     -28.32605612,      6998.999646,      2.212499963,      0.294999995,  -0.002400423099,      7.499999621,     0.9999999494,  -0.008137027586,               -0,               -0,  4.991892721e-17,            -6999,          52492.5
           0.296,      7035.932572,   0.005249136681,      7.594643369,                0,                0,    0.01833437437,     -28.32605612,      6998.999644,      2.219999962,      0.295999995,  -0.002408560126,      7.499999618,     0.9999999491,  -0.008137027586,               -0,               -0,  3.741139679e-16,            -6999,          52492.5
           0.297,      7035.932572,   0.005249136681,      7.594643369,                0,                0,    0.01839631484,     -28.32605612,      6998.999641,      2.227499962,     0.2969999949,  -0.002416697153,      7.499999615,     0.9999999487,  -0.008137027586,               -0,               -0,  4.278527702e-16,            -6999,          52492.5
           0.298,      7035.932572,   0.005249136681,      7.594643369,                0,                0,    0.01845825528,     -28.32605612,      6998.999639,      2.234999962,     0.2979999949,   -0.00242483418,      7.499999613,     0.9999999484,  -0.008137027586,               -0,               -0,  2.533282504e-16,            -6999,          52492.5
           0.299,      7035.932572,   0.005249136681,      7.594643369,                0,                0,    0.01852019575,     -28.32605612,      6998.999636,      2.242499961,     0.2989999948,  -0.002432971207,       7.49999961,      0.999999948,  -0.008137027586,               -0,               -0,    1.4170091e-16,            -6999,          52492.5
             0.3,      7035.932572,   0.005249136681,      7.594643369,                0,                0,    0.01858213616,     -28.32605612,      6998.999634,      2.249999961,     0.2999999948,  -0.002441108235,      7.499999608,     0.9999999477,  -0.008137027586,               -0,               -0,  3.319507379e-16,            -6999,          52492.5
           0.301,      7035.932572,   0.005249136681,      7.594643369,              360,                0,    0.01864407666,     -28.32605612,      6998.999631,       2.25749996,     0.3009999947,  -0.002449245262,      7.499999605,     0.9999999473,  -0.008137027586,               -0,               -0, -2.190763239e-17,            -6999,          52492.5
           0.302,      7035.932572,   0.005249136681,      7.594643369,                0,                0,    0.01870601713,     -28.32605612,      6998.999629,       2.26499996,     0.3019999947,  -0.002457382289,      7.499999602,      0.999999947,  -0.008137027586,               -0,               -0,  1.049725612e-17,            -6999,          52492.5
           0.303,      7035.932572,   0.005249136681,      7.594643369,              360,                0,    0.01876795756,     -28.32605612,      6998.999626,       2.27249996,     0.3029999946,  -0.002465519316,        7.4999996,     0.9999999466,  -0.008137027586,               -0,               -0, -4.168199488e-16,            -6999,          52492.5
           0.304,      7035.932572,   0.005249136681,      7.594643369,              360,                0,    0.01882989799,     -28.32605612,      6998.999624,      2.279999959,     0.3039999946,  -0.002473656343,      7.499999597,     0.9999999463,  -0.008137027586,               -0,               -0, -1.203568609e-16,            -6999,          52492.5
           0.305,      7035.932572,   0.005249136681,      7.594643369,                0,                0,    0.01889183851,     -28.32605612,      6998.999622,      2.287499959,     0.3049999945,   -0.00248179337,      7.499999594,     0.9999999459,  -0.008137027586,               -0,               -0,  2.465249519e-16,            -6999,          52492.5
           0.306,      7035.932572,   0.005249136681,      7.594643369,                0,                0,    0.01895377894,     -28.32605612,      6998.999619,      2.294999958,     0.3059999944,  -0.002489930398,      7.499999592,     0.9999999456,  -0.008137027586,               -0,               -0,  2.819294632e-16,            -6999,          52492.5
           0.307,      7035.932572,   0.005249136681,      7.594643369,                0,                0,    0.01901571937,     -28.32605612,      6998.999617,      2.302499958,     0.3069999944,  -0.002498067425,      7.499999589,     0.9999999452,  -0.008137027586,               -0,               -0,   2.80498633e-17,            -6999,          52492.5
           0.308,      7035.932572,   0.005249136681,      7.594643369,                0,                0,    0.01907765981,     -28.32605612,      6998.999614,      2.309999958,     0.3079999943,  -0.002506204452,      7.499999586,     0.9999999449,  -0.008137027586,               -0,               -0,  2.276301215e-16,            -6999,          52492.5
           0.309,      7035.932572,   0.005249136681,      7.594643369,                0,                0,    0.01913960029,     -28.32605612,      6998.999612,      2.317499957,     0.3089999943,  -0.002514341479,      7.499999584,     0.9999999445,  -0.008137027586,               -0,               -0,  2.239781006e-16,            -6999,          52492.5
            0.31,      7035.932572,   0.005249136681,      7.594643369,                0,                0,    0.01920154077,     -28.32605612,      6998.999609,      2.324999957,     0.3099999942,  -0.002522478506,      7.499999581,     0.9999999441,  -0.008137027586,               -0,               -0,  5.033763181e-16,            -6999,          52492.5
           0.311,      7035.932572,   0.005249136681,      7.594643369,                0,                0,    0.01926348119,     -28.32605612,      6998.999606,      2.332499956,     0.3109999942,  -0.002530615533,      7.499999578,     0.9999999438,  -0.008137027586,               -0,               -0,  6.639289036e-16,            -6999,          52492.5
           0.312,      7035.932572,   0.005249136681,      7.594643369,                0,              360,    0.01932542167,     -28.32605612,      6998.999604,      2.339999956,     0.3119999941,   -0.00253875256,      7.499999576,     0.9999999434,  -0.008137027586,               -0,               -0,  1.007621386e-15,            -6999,          52492.5
           0.313,      7035.932572,   0.005249136681,      7.594643369,                0,              360,    0.01938736209,     -28.32605612,      6998.999601,      2.347499955,     0.3129999941,  -0.002546889587,      7.499999573,     0.9999999431,  -0.008137027586,               -0,               -0,  8.744311086e-16,            -6999,          52492.5
           0.314,      7035.932572,   0.005249136681,      7.594643369,                0,              360,    0.01944930254,     -28.32605612,      6998.999599,      2.354999955,      0.313999994,  -0.002555026615,       7.49999957,     0.9999999427,  -0.008137027585,               -0,               -0,  1.194729926e-15,            -6999,          52492.5
           0.315,      7035.932572,   0.005249136681,      7.594643369,                0,              360,    0.01951124304,     -28.32605612,      6998.999596,      2.362499955,     0.3149999939,  -0.002563163642,      7.499999567,     0.9999999423,  -0.008137027585,               -0,               -0,  1.122532859e-15,            -6999,          52492.5
           0.316,      7035.932572,   0.005249136681,      7.594643369,                0,              360,     0.0195731835,     -28.32605612,      6998.999594,      2.369999954,     0.3159999939,  -0.002571300669,      7.499999565,      0.999999942,  -0.008137027585,               -0,               -0,   9.63156256e-16,            -6999,          52492.5
           0.317,      7035.932572,   0.005249136681,      7.594643369,                0,              360,    0.01963512393,     -28.32605612,      6998.999591,      2.377499954,     0.3169999938,  -0.002579437696,      7.499999562,     0.9999999416,  -0.008137027585,               -0,               -0,  9.414253405e-16,            -6999,          52492.5
           0.318,      7035.932572,   0.005249136681,      7.594643369,                0,              360,    0.01969706438,     -28.32605612,      6998.999589,      2.384999953,     0.3179999938,  -0.002587574723,      7.499999559,     0.9999999412,  -0.008137027585,               -0,               -0,  6.554444382e-16,            -6999,          52492.5
           0.319,      7035.932572,   0.005249136681,      7.594643369,                0,              360,    0.01975900482,     -28.32605612,      6998.999586,      2.392499953,     0.3189999937,   -0.00259571175,      7.499999556,     0.9999999408,  -0.008137027585,               -0,               -0,  1.474071433e-16,            -6999,          52492.5
            0.32,      7035.932572,   0.005249136681,      7.594643369,                0,              360,    0.01982094528,     -28.32605612,      6998.999583,      2.399999952,     0.3199999937,  -0.002603848777,      7.499999554,     0.9999999405,  -0.008137027585,               -0,               -0,  1.700497862e-16,            -6999,          52492.5
           0.321,      7035.932572,   0.005249136681,      7.594643369,                0,              360,    0.01988288571,     -28.32605612,      6998.999581,      2.407499952,     0.3209999936,  -0.002611985804,      7.499999551,     0.9999999401,  -0.008137027585,               -0,               -0,  5.668862938e-17,            -6999,          52492.5
           0.322,      7035.932572,   0.005249136681,      7.594643369,              360,              360,    0.01994482618,     -28.32605612,      6998.999578,      2.414999951,     0.3219999935,  -0.002620122831,      7.499999548,     0.9999999397,  -0.008137027585,               -0,               -0, -1.504826358e-16,            -6999,          52492.5
           0.323,      7035.932572,   0.005249136681,      7.594643369,              360,                0,    0.02000676666,     -28.32605612,      6998.999576,      2.422499951,     0.3229999935,  -0.002628259859,      7.499999545,     0.9999999394,  -0.008137027585,               -0,               -0, -4.092703122e-16,            -6999,          52492.5
           0.324,      7035.932572,   0.005249136681,      7.594643369,                0,              360,    0.02006870711,     -28.32605612,      6998.999573,      2.429999951,     0.3239999934,  -0.002636396886,      7.499999542,      0.999999939,  -0.008137027585,               -0,               -0,  3.639275577e-17,            -6999,          52492.5
           0.325,      7035.932572,   0.005249136681,      7.594643369,                0,                0,    0.02013064754,     -28.32605612,       6998.99957,       2.43749995,     0.3249999933,  -0.002644533913,       7.49999954,     0.9999999386,  -0.008137027585,               -0,               -0,  7.240308292e-17,            -6999,          52492.5
           0.326,      7035.932572,   0.005249136681,      7.594643369,              360,              360,    0.02019258801,     -28.32605612,      6998.999568,       2.44499995,     0.3259999933,   -0.00265267094,      7.499999537,     0.9999999382,  -0.008137027585,               -0,               -0, -2.590455357e-16,            -6999,          52492.5
           0.327,      7035.932572,   0.005249136681,      7.594643369,              360,              360,    0.02025452847,     -28.32605612,      6998.999565,      2.452499949,     0.3269999932,  -0.002660807967,      7.499999534,     0.9999999378,  -0.008137027585,               -0,               -0, -4.716700352e-16,            -6999,          52492.5
           0.328,      7035.932572,   0.005249136681,      7.594643369,              360,              360,    0.02031646892,     -28.32605612,      6998.999562,      2.459999949,     0.3279999932,  -0.002668944994,      7.499999531,     0.9999999375,  -0.008137027585,               -0,               -0, -2.501616963e-16,            -6999,          52492.5
           0.329,      7035.932572,   0.005249136681,      7.594643369,                0,              360,    0.02037840934,     -28.32605612,       6998.99956,      2.467499948,     0.3289999931,  -0.002677082021,      7.499999528,     0.9999999371,  -0.008137027585,               -0,               -0,  1.762238783e-16,            -6999,          52492.5
            0.33,      7035.932572,   0.005249136681,      7.594643369,                0,              360,    0.02044034983,     -28.32605612,      6998.999557,      2.474999948,      0.329999993,  -0.002685219048,      7.499999525,     0.9999999367,  -0.008137027585,               -0,               -0,  4.055914337e-16,            -6999,          52492.5
           0.331,      7035.932572,   0.005249136681,      7.594643369,                0,                0,    0.02050229031,     -28.32605612,      6998.999554,      2.482499947,      0.330999993,  -0.002693356075,      7.499999522,     0.9999999363,  -0.008137027585,               -0,               -0,  3.604574848e-17,            -6999,          52492.5
           0.332,      7035.932572,   0.005249136681,      7.594643369,                0,              360,    0.02056423073,     -28.32605612,      6998.999552,      2.489999947,     0.3319999929,  -0.002701493102,      7.499999519,     0.9999999359,  -0.008137027585,               -0,               -0,  2.744047633e-16,            -6999,          52492.5
           0.333,      7035.932572,   0.005249136681,      7.594643369,                0,              360,    0.02062617116,     -28.32605612,      6998.999549,      2.497499946,     0.3329999928,  -0.002709630129,      7.499999517,     0.9999999355,  -0.008137027585,               -0,               -0,  4.439931023e-16,            -6999,          52492.5
           0.334,      7035.932572,   0.005249136681,      7.594643369,              360,                0,    0.02068811162,     -28.32605612,      6998.999546,      2.504999946,     0.3339999928,  -0.002717767156,      7.499999514,     0.9999999352,  -0.008137027585,               -0,               -0, -3.011735365e-16,            -6999,          52492.5
           0.335,      7035.932572,   0.005249136681,      7.594643369,              360,                0,    0.02075005205,     -28.32605612,      6998.999543,      2.512499945,     0.3349999927,  -0.002725904183,      7.499999511,     0.9999999348,  -0.008137027584,               -0,               -0, -5.866334291e-16,            -6999,          52492.5
           0.336,      7035.932572,   0.005249136681,      7.594643369,              360,              360,    0.02081199252,     -28.32605612,      6998.999541,      2.519999945,     0.3359999926,   -0.00273404121,      7.499999508,     0.9999999344,  -0.008137027584,               -0,               -0, -5.345054615e-16,            -6999,          52492.5
           0.337,      7035.932572,   0.005249136681,      7.594643369,                0,              360,    0.02087393301,     -28.32605612,      6998.999538,      2.527499944,     0.3369999926,  -0.002742178237,      7.499999505,      0.999999934,  -0.008137027584,               -0,               -0,  6.338290512e-17,            -6999,          52492.5
           0.338,      7035.932572,   0.005249136681,      7.594643369,              360,                0,    0.02093587342,     -28.32605612,      6998.999535,      2.534999944,     0.3379999925,  -0.002750315265,      7.499999502,     0.9999999336,  -0.008137027584,               -0,               -0, -5.271309436e-16,            -6999,          52492.5
           0.339,      7035.932572,   0.005249136681,      7.594643369,              360,                0,    0.02099781389,     -28.32605612,      6998.999532,      2.542499943,     0.3389999925,  -0.002758452292,      7.499999499,     0.9999999332,  -0.008137027584,               -0,               -0, -4.874959088e-16,            -6999,          52492.5
            0.34,      7035.932572,   0.005249136681,      7.594643369,              360,                0,    0.02105975436,     -28.32605612,       6998.99953,      2.549999943,     0.3399999924,  -0.002766589319,      7.499999496,     0.9999999328,  -0.008137027584,               -0,               -0, -8.246784911e-16,            -6999,          52492.5
           0.341,      7035.932572,   0.005249136681,      7.594643369,              360,              360,     0.0211216948,     -28.32605612,      6998.999527,      2.557499942,     0.3409999923,  -0.002774726346,      7.499999493,     0.9999999324,  -0.008137027584,               -0,               -0, -4.456582934e-16,            -6999,          52492.5
           0.342,      7035.932572,   0.005249136681,      7.594643369,              360,                0,    0.02118363528,     -28.32605612,      6998.999524,      2.564999942,     0.3419999922,  -0.002782863373,       7.49999949,      0.999999932,  -0.008137027584,               -0,               -0, -6.405085529e-16,            -6999,          52492.5
           0.343,      7035.932572,   0.005249136681,      7.594643369,              360,                0,    0.02124557573,     -28.32605612,      6998.999521,      2.572499941,     0.3429999922,    -0.0027910004,      7.499999487,     0.9999999316,  -0.008137027584,               -0,               -0, -9.229456924e-16,            -6999,          52492.5
           0.344,      7035.932572,   0.005249136681,      7.594643369,              360,                0,    0.02130751615,     -28.32605612,      6998.999519,      2.579999941,     0.3439999921,  -0.002799137427,      7.499999484,     0.9999999312,  -0.008137027584,               -0,               -0,  -1.25077528e-15,            -6999,          52492.5
           0.345,      7035.932572,   0.005249136681,      7.594643369,              360,                0,    0.02136945663,     -28.32605612,      6998.999516,       2.58749994,      0.344999992,  -0.002807274454,      7.499999481,     0.9999999308,  -0.008137027584,               -0,               -0, -1.294532679e-15,            -6999,          52492.5
           0.346,      7035.932572,   0.005249136681,      7.594643369,              360,                0,    0.02143139708,     -28.32605612,      6998.999513,       2.59499994,      0.345999992,  -0.002815411481,      7.499999478,     0.9999999304,  -0.008137027584,               -0,               -0, -1.297628253e-15,            -6999,          52492.5
           0.347,      7035.932572,   0.005249136681,      7.594643369,              360,                0,    0.02149333753,     -28.32605612,       6998.99951,      2.602499939,     0.3469999919,  -0.002823548508,      7.499999475,       0.99999993,  -0.008137027584,               -0,               -0,  -7.73778288e-16,            -6999,          52492.5
           0.348,      7035.932572,   0.005249136681,      7.594643369,              360,                0,    0.02155527801,     -28.32605612,      6998.999507,      2.609999939,     0.3479999918,  -0.002831685535,      7.499999472,     0.9999999296,  -0.008137027584,               -0,               -0, -1.013055841e-15,            -6999,          52492.5
           0.349,      7035.932572,   0.005249136681,      7.594643369,              360,              360,    0.02161721842,     -28.32605612,      6998.999504,      2.617499938,     0.3489999918,  -0.002839822562,      7.499999469,     0.9999999292,  -0.008137027584,               -0,               -0, -7.944870152e-16,            -6999,          52492.5
            0.35,      7035.932572,   0.005249136681,      7.594643369,              360,              360,    0.02167915888,     -28.32605612,      6998.999502,      2.624999938,     0.3499999917,  -0.002847959589,      7.499999466,     0.9999999288,  -0.008137027584,               -0,               -0, -8.089019139e-16,            -6999,          52492.5
           0.351,      7035.932572,   0.005249136681,      7.594643369,              360,                0,    0.02174109934,     -28.32605612,      6998.999499,      2.632499937,     0.3509999916,  -0.002856096616,      7.499999463,     0.9999999284,  -0.008137027584,               -0,               -0, -5.700166804e-16,            -6999,          52492.5
           0.352,      7035.932572,   0.005249136681,      7.594643369,              360,                0,    0.02180303978,     -28.32605612,      6998.999496,      2.639999937,     0.3519999915,  -0.002864233643,       7.49999946,      0.999999928,  -0.008137027584,               -0,               -0, -1.367904231e-15,            -6999,          52492.5
           0.353,      7035.932572,   0.005249136681,      7.594643369,              360,                0,    0.02186498024,     -28.32605612,      6998.999493,      2.647499936,     0.3529999915,   -0.00287237067,      7.499999457,     0.9999999276,  -0.008137027584,               -0,               -0,  -1.53417068e-15,            -6999,          52492.5
           0.354,      7035.932572,   0.005249136681,      7.594643369,              360,                0,    0.02192692071,     -28.32605612,       6998.99949,      2.654999936,     0.3539999914,  -0.002880507697,      7.499999454,     0.9999999272,  -0.008137027584,               -0,               -0, -1.318887447e-15,            -6999,          52492.5
           0.355,      7035.932572,   0.005249136681,      7.594643369,              360,                0,    0.02198886118,     -28.32605612,      6998.999487,      2.662499935,     0.3549999913,  -0.002888644724,      7.499999451,     0.9999999267,  -0.008137027583,               -0,               -0, -1.568038132e-15,            -6999,          52492.5
           0.356,      7035.932572,   0.005249136681,      7.594643369,              360,                0,    0.02205080163,     -28.32605612,      6998.999484,      2.669999934,     0.3559999913,  -0.002896781751,      7.499999447,     0.9999999263,  -0.008137027583,               -0,               -0, -2.239427909e-15,            -6999,          52492.5
           0.357,      7035.932572,   0.005249136681,      7.594643369,              360,                0,    0.02211274206,     -28.32605612,      6998.999481,      2.677499934,     0.3569999912,  -0.002904918778,      7.499999444,     0.9999999259,  -0.008137027583,               -0,               -0,  -2.10542126e-15,            -6999,          52492.5
           0.358,      7035.932572,   0.005249136681,      7.594643369,              360,                0,    0.02217468254,     -28.32605612,      6998.999479,      2.684999933,     0.3579999911,  -0.002913055805,      7.499999441,     0.9999999255,  -0.008137027583,               -0,               -0,  -1.86350937e-15,            -6999,          52492.5
           0.359,      7035.932572,   0.005249136681,      7.594643369,              360,                0,    0.02223662299,     -28.32605612,      6998.999476,      2.692499933,      0.358999991,  -0.002921192832,      7.499999438,     0.9999999251,  -0.008137027583,               -0,               -0, -1.471497276e-15,            -6999,          52492.5
            0.36,      7035.932572,   0.005249136681,      7.594643369,              360,                0,    0.02229856343,     -28.32605612,      6998.999473,      2.699999932,      0.359999991,  -0.002929329859,      7.499999435,     0.9999999247,  -0.008137027583,               -0,               -0, -1.775368395e-15,            -6999,          52492.5
           0.361,      7035.932572,   0.005249136681,      7.594643369,              360,                0,    0.02236050388,     -28.32605612,       6998.99947,      2.707499932,     0.3609999909,  -0.002937466886,      7.499999432,     0.9999999242,  -0.008137027583,               -0,               -0, -1.544156394e-15,            -6999,          52492.5
           0.362,      7035.932572,   0.005249136681,      7.594643369,              360,                0,    0.02242244437,     -28.32605612,      6998.999467,      2.714999931,     0.3619999908,  -0.002945603913,      7.499999429,     0.9999999238,  -0.008137027583,               -0,               -0, -1.478682983e-15,            -6999,          52492.5
           0.363,      7035.932572,   0.005249136681,      7.594643369,              360,                0,     0.0224843848,     -28.32605612,      6998.999464,       2.72249993,     0.3629999907,   -0.00295374094,      7.499999426,     0.9999999234,  -0.008137027583,               -0,               -0, -1.536753084e-15,            -6999,          52492.5
           0.364,      7035.932572,   0.005249136681,      7.594643369,              360,                0,    0.02254632527,     -28.32605612,      6998.999461,       2.72999993,     0.3639999907,  -0.002961877967,      7.499999422,      0.999999923,  -0.008137027583,               -0,               -0, -1.676171517e-15,            -6999,          52492.5
           0.365,      7035.932572,   0.005249136681,      7.594643369,              360,                0,    0.02260826573,     -28.32605612,      6998.999458,      2.737499929,     0.3649999906,  -0.002970014994,      7.499999419,     0.9999999226,  -0.008137027583,               -0,               -0, -1.994908795e-15,            -6999,          52492.5
           0.366,      7035.932572,   0.005249136681,      7.594643369,              360,                0,    0.02267020617,     -28.32605612,      6998.999455,      2.744999929,     0.3659999905,   -0.00297815202,      7.499999416,     0.9999999221,  -0.008137027583,               -0,               -0, -1.420760311e-15,            -6999,          52492.5
           0.367,      7035.932572,   0.005249136681,      7.594643369,              360,                0,    0.02273214663,     -28.32605612,      6998.999452,      2.752499928,     0.3669999904,  -0.002986289047,      7.499999413,     0.9999999217,  -0.008137027583,               -0,               -0, -1.687887613e-15,            -6999,          52492.5
           0.368,      7035.932572,   0.005249136681,      7.594643369,              360,                0,    0.02279408708,     -28.32605612,      6998.999449,      2.759999928,     0.3679999903,  -0.002994426074,       7.49999941,     0.9999999213,  -0.008137027583,               -0,               -0, -1.421827843e-15,            -6999,          52492.5
           0.369,      7035.932572,   0.005249136681,      7.594643369,              360,                0,    0.02285602751,     -28.32605612,      6998.999446,      2.767499927,     0.3689999903,  -0.003002563101,      7.499999406,     0.9999999208,  -0.008137027583,               -0,               -0,  -1.60539905e-15,            -6999,          52492.5
            0.37,      7035.932572,   0.005249136681,      7.594643369,              360,                0,    0.02291796799,     -28.32605612,      6998.999443,      2.774999926,     0.3699999902,  -0.003010700128,      7.499999403,     0.9999999204,  -0.008137027583,               -0,               -0, -1.613816357e-15,            -6999,          52492.5
           0.371,      7035.932572,   0.005249136681,      7.594643369,              360,                0,    0.02297990842,     -28.32605612,       6998.99944,      2.782499926,     0.3709999901,  -0.003018837155,        7.4999994,       0.99999992,  -0.008137027583,               -0,               -0, -1.404884357e-15,            -6999,          52492.5
           0.372,      7035.932572,   0.005249136681,      7.594643369,              360,                0,    0.02304184889,     -28.32605612,      6998.999437,      2.789999925,       0.37199999,  -0.003026974182,      7.499999397,     0.9999999196,  -0.008137027583,               -0,               -0, -1.380496849e-15,            -6999,          52492.5
           0.373,      7035.932572,   0.005249136681,      7.594643369,              360,                0,    0.02310378934,     -28.32605612,      6998.999434,      2.797499925,     0.3729999899,  -0.003035111209,      7.499999393,     0.9999999191,  -0.008137027582,               -0,               -0,  -7.43784257e-16,            -6999,          52492.5
           0.374,      7035.932572,   0.005249136681,      7.594643369,              360,                0,    0.02316572978,     -28.32605612,      6998.999431,      2.804999924,     0.3739999899,  -0.003043248236,       7.49999939,     0.9999999187,  -0.008137027582,               -0,               -0, -6.496490284e-16,            -6999,          52492.5
           0.375,      7035.932572,   0.005249136681,      7.594643369,              360,                0,    0.02322767025,     -28.32605612,      6998.999428,      2.812499923,     0.3749999898,  -0.003051385263,      7.499999387,     0.9999999183,  -0.008137027582,               -0,               -0, -6.118064302e-16,            -6999,          52492.5
           0.376,      7035.932572,   0.005249136681,      7.594643369,              360,                0,     0.0232896107,     -28.32605612,      6998.999425,      2.819999923,     0.3759999897,   -0.00305952229,      7.499999384,     0.9999999178,  -0.008137027582,               -0,               -0, -5.880608653e-16,            -6999,          52492.5
           0.377,      7035.932572,   0.005249136681,      7.594643369,              360,                0,    0.02335155116,     -28.32605612,      6998.999422,      2.827499922,     0.3769999896,  -0.003067659317,       7.49999938,     0.9999999174,  -0.008137027582,               -0,               -0,  -6.66390357e-16,            -6999,          52492.5
           0.378,      7035.932572,   0.005249136681,      7.594643369,              360,                0,    0.02341349163,     -28.32605612,      6998.999419,      2.834999922,     0.3779999895,  -0.003075796344,      7.499999377,     0.9999999169,  -0.008137027582,               -0,               -0, -2.286710658e-16,            -6999,          52492.5
           0.379,      7035.932572,   0.005249136681,      7.594643369,              360,                0,    0.02347543208,     -28.32605612,      6998.999416,      2.842499921,     0.3789999895,  -0.003083933371,      7.499999374,     0.9999999165,  -0.008137027582,               -0,               -0, -5.649749098e-16,            -6999,          52492.5
            0.38,      7035.932572,   0.005249136681,      7.594643369,              360,                0,    0.02353737254,     -28.32605612,      6998.999413,       2.84999992,     0.3799999894,  -0.003092070397,       7.49999937,     0.9999999161,  -0.008137027582,               -0,               -0, -3.008385467e-16,            -6999,          52492.5
           0.381,      7035.932572,   0.005249136681,      7.594643369,              360,                0,      0.023599313,     -28.32605612,      6998.999409,       2.85749992,     0.3809999893,  -0.003100207424,      7.499999367,     0.9999999156,  -0.008137027582,               -0,               -0,  -1.17042299e-15,            -6999,          52492.5
           0.382,      7035.932572,   0.005249136681,      7.594643369,              360,                0,     0.0236612534,     -28.32605612,      6998.999406,      2.864999919,     0.3819999892,  -0.003108344451,      7.499999364,     0.9999999152,  -0.008137027582,               -0,               -0,  -1.03709676e-15,            -6999,          52492.5
           0.383,      7035.932572,   0.005249136681,      7.594643369,              360,                0,    0.02372319388,     -28.32605612,      6998.999403,      2.872499918,     0.3829999891,  -0.003116481478,       7.49999936,     0.9999999147,  -0.008137027582,               -0,               -0, -1.063255928e-15,            -6999,          52492.5
           0.384,      7035.932572,   0.005249136681,      7.594643369,              360,                0,    0.02378513432,     -28.32605612,        6998.9994,      2.879999918,      0.383999989,  -0.003124618505,      7.499999357,     0.9999999143,  -0.008137027582,               -0,               -0, -1.206704625e-15,            -6999,          52492.5
           0.385,      7035.932572,   0.005249136681,      7.594643369,              360,                0,    0.02384707478,     -28.32605612,      6998.999397,      2.887499917,     0.3849999889,  -0.003132755532,      7.499999354,     0.9999999138,  -0.008137027582,               -0,               -0, -9.811577368e-16,            -6999,          52492.5
           0.386,      7035.932572,   0.005249136681,      7.594643369,              360,                0,    0.02390901524,     -28.32605612,      6998.999394,      2.894999916,     0.3859999889,  -0.003140892559,       7.49999935,     0.9999999134,  -0.008137027582,               -0,               -0, -1.355277316e-15,            -6999,          52492.5
           0.387,      7035.932572,   0.005249136681,      7.594643369,              360,                0,    0.02397095571,     -28.32605612,      6998.999391,      2.902499916,     0.3869999888,  -0.003149029586,      7.499999347,     0.9999999129,  -0.008137027582,               -0,               -0, -1.274343972e-15,            -6999,          52492.5
           0.388,      7035.932572,   0.005249136681,      7.594643369,              360,                0,    0.02403289612,     -28.32605612,      6998.999388,      2.909999915,     0.3879999887,  -0.003157166612,      7.499999344,     0.9999999125,  -0.008137027582,               -0,               -0, -1.140250891e-15,            -6999,          52492.5
           0.389,      7035.932572,   0.005249136681,      7.594643369,              360,                0,    0.02409483663,     -28.32605612,      6998.999384,      2.917499914,     0.3889999886,  -0.003165303639,       7.49999934,      0.999999912,  -0.008137027582,               -0,               -0, -9.108019755e-16,            -6999,          52492.5
            0.39,      7035.932572,   0.005249136681,      7.594643369,              360,                0,    0.02415677704,     -28.32605612,      6998.999381,      2.924999914,     0.3899999885,  -0.003173440666,      7.499999337,     0.9999999116,  -0.008137027582,               -0,               -0, -6.631500694e-16,            -6999,          52492.5
           0.391,      7035.932572,   0.005249136681,      7.594643369,              360,                0,    0.02421871751,     -28.32605612,      6998.999378,      2.932499913,     0.3909999884,  -0.003181577693,      7.499999333,     0.9999999111,  -0.008137027581,               -0,               -0, -6.781738845e-16,            -6999,          52492.5
           0.392,      7035.932572,   0.005249136681,      7.594643369,              360,                0,    0.02428065797,     -28.32605612,      6998.999375,      2.939999912,     0.3919999883,   -0.00318971472,       7.49999933,     0.9999999107,  -0.008137027581,               -0,               -0, -4.695880317e-16,            -6999,          52492.5
           0.393,      7035.932572,   0.005249136681,      7.594643369,              360,                0,    0.02434259841,     -28.32605612,      6998.999372,      2.947499912,     0.3929999882,  -0.003197851747,      7.499999327,     0.9999999102,  -0.008137027581,               -0,               -0, -8.833746723e-16,            -6999,          52492.5
           0.394,      7035.932572,   0.005249136681,      7.594643369,              360,                0,    0.02440453887,     -28.32605612,      6998.999368,      2.954999911,     0.3939999881,  -0.003205988774,      7.499999323,     0.9999999098,  -0.008137027581,               -0,               -0, -6.610882346e-16,            -6999,          52492.5
           0.395,      7035.932572,   0.005249136681,      7.594643369,              360,                0,    0.02446647934,     -28.32605612,      6998.999365,       2.96249991,     0.3949999881,    -0.0032141258,       7.49999932,     0.9999999093,  -0.008137027581,               -0,               -0, -5.310271499e-16,            -6999,          52492.5
           0.396,      7035.932572,   0.005249136681,      7.594643369,              360,              360,     0.0245284198,     -28.32605612,      6998.999362,       2.96999991,      0.395999988,  -0.003222262827,      7.499999316,     0.9999999088,  -0.008137027581,               -0,               -0,   -8.9508425e-16,            -6999,          52492.5
           0.397,      7035.932572,   0.005249136681,      7.594643369,              360,                0,    0.02459036025,     -28.32605612,      6998.999359,      2.977499909,     0.3969999879,  -0.003230399854,      7.499999313,     0.9999999084,  -0.008137027581,               -0,               -0, -1.266973947e-15,            -6999,          52492.5
           0.398,      7035.932572,   0.005249136681,      7.594643369,              360,                0,    0.02465230069,     -28.32605612,      6998.999356,      2.984999908,     0.3979999878,  -0.003238536881,      7.499999309,     0.9999999079,  -0.008137027581,               -0,               -0, -1.273098221e-15,            -6999,          52492.5
           0.399,      7035.932572,   0.005249136681,      7.594643369,              360,                0,    0.02471424114,     -28.32605612,      6998.999352,      2.992499908,     0.3989999877,  -0.003246673908,      7.499999306,     0.9999999075,  -0.008137027581,               -0,               -0, -1.200996841e-15,            -6999,          52492.5
             0.4,      7035.932572,   0.005249136681,      7.594643369,              360,                0,    0.02477618159,     -28.32605612,      6998.999349,      2.999999907,     0.3999999876,  -0.003254810935,      7.499999302,      0.999999907,  -0.008137027581,               -0,               -0, -1.452562438e-15,            -6999,          52492.5
           0.401,      7035.932572,   0.005249136681,      7.594643369,              360,                0,    0.02483812206,     -28.32605612,      6998.999346,      3.007499906,     0.4009999875,  -0.003262947961,      7.499999299,     0.9999999065,  -0.008137027581,               -0,               -0, -1.541509304e-15,            -6999,          52492.5
           0.402,      7035.932572,   0.005249136681,      7.594643369,              360,                0,     0.0249000625,     -28.32605612,      6998.999343,      3.014999906,     0.4019999874,  -0.003271084988,      7.499999295,     0.9999999061,  -0.008137027581,               -0,               -0, -1.090908547e-15,            -6999,          52492.5
           0.403,      7035.932572,   0.005249136681,      7.594643369,              360,                0,    0.02496200297,     -28.32605612,      6998.999339,      3.022499905,     0.4029999873,  -0.003279222015,      7.499999292,     0.9999999056,  -0.008137027581,               -0,               -0, -1.279808863e-15,            -6999,          52492.5
           0.404,      7035.932572,   0.005249136681,      7.594643369,              360,                0,     0.0250239434,     -28.32605612,      6998.999336,      3.029999904,     0.4039999872,  -0.003287359042,      7.499999288,     0.9999999051,  -0.008137027581,               -0,               -0, -1.621924341e-15,            -6999,          52492.5
           0.405,      7035.932572,   0.005249136681,      7.594643369,              360,                0,    0.02508588387,     -28.32605612,      6998.999333,      3.037499903,     0.4049999871,  -0.003295496069,      7.499999285,     0.9999999047,  -0.008137027581,               -0,               -0, -1.630969071e-15,            -6999,          52492.5
           0.406,      7035.932572,   0.005249136681,      7.594643369,              360,                0,    0.02514782431,     -28.32605612,      6998.999329,      3.044999903,      0.405999987,  -0.003303633096,      7.499999281,     0.9999999042,  -0.008137027581,               -0,               -0, -1.370772578e-15,            -6999,          52492.5
           0.407,      7035.932572,   0.005249136681,      7.594643369,              360,                0,    0.02520976479,     -28.32605612,      6998.999326,      3.052499902,     0.4069999869,  -0.003311770122,      7.499999278,     0.9999999037,  -0.008137027581,               -0,               -0, -1.135535603e-15,            -6999,          52492.5
           0.408,      7035.932572,   0.005249136681,      7.594643369,              360,                0,    0.02527170521,     -28.32605612,      6998.999323,      3.059999901,     0.4079999868,  -0.003319907149,      7.499999274,     0.9999999032,   -0.00813702758,               -0,               -0, -1.327150533e-15,            -6999,          52492.5
           0.409,      7035.932572,   0.005249136681,      7.594643369,              360,                0,    0.02533364568,     -28.32605612,      6998.999319,      3.067499901,     0.4089999867,  -0.003328044176,      7.499999271,     0.9999999028,   -0.00813702758,               -0,               -0, -1.459331251e-15,            -6999,          52492.5
            0.41,      7035.932572,   0.005249136681,      7.594643369,              360,                0,    0.02539558617,     -28.32605612,      6998.999316,        3.0749999,     0.4099999866,  -0.003336181203,      7.499999267,     0.9999999023,   -0.00813702758,               -0,               -0, -1.148487281e-15,            -6999,          52492.5
           0.411,      7035.932572,   0.005249136681,      7.594643369,              360,                0,    0.02545752656,     -28.32605612,      6998.999313,      3.082499899,     0.4109999865,  -0.003344318229,      7.499999264,     0.9999999018,   -0.00813702758,               -0,               -0, -1.136239078e-15,            -6999,          52492.5
           0.412,      7035.932572,   0.005249136681,      7.594643369,              360,                0,    0.02551946707,     -28.32605612,      6998.999309,      3.089999898,     0.4119999864,  -0.003352455256,       7.49999926,     0.9999999013,   -0.00813702758,               -0,               -0,  -1.38038961e-15,            -6999,          52492.5
           0.413,      7035.932572,   0.005249136681,      7.594643369,              360,                0,    0.02558140752,     -28.32605612,      6998.999306,      3.097499898,     0.4129999864,  -0.003360592283,      7.499999256,     0.9999999008,   -0.00813702758,               -0,               -0, -1.394652593e-15,            -6999,          52492.5
           0.414,      7035.932572,   0.005249136681,      7.594643369,              360,                0,    0.02564334795,     -28.32605612,      6998.999303,      3.104999897,     0.4139999863,   -0.00336872931,      7.499999253,     0.9999999004,   -0.00813702758,               -0,               -0, -1.236195927e-15,            -6999,          52492.5
           0.415,      7035.932572,   0.005249136681,      7.594643369,              360,                0,    0.02570528842,     -28.32605612,      6998.999299,      3.112499896,     0.4149999862,  -0.003376866337,      7.499999249,     0.9999998999,   -0.00813702758,               -0,               -0, -1.205881402e-15,            -6999,          52492.5
           0.416,      7035.932572,   0.005249136681,      7.594643369,              360,                0,    0.02576722884,     -28.32605612,      6998.999296,      3.119999895,     0.4159999861,  -0.003385003363,      7.499999246,     0.9999998994,   -0.00813702758,               -0,               -0, -8.174225649e-16,            -6999,          52492.5
           0.417,      7035.932572,   0.005249136681,      7.594643369,              360,                0,    0.02582916934,     -28.32605612,      6998.999293,      3.127499895,     0.4169999859,   -0.00339314039,      7.499999242,     0.9999998989,   -0.00813702758,               -0,               -0, -1.360889847e-15,            -6999,          52492.5
           0.418,      7035.932572,   0.005249136681,      7.594643369,              360,                0,    0.02589110977,     -28.32605612,      6998.999289,      3.134999894,     0.4179999858,  -0.003401277417,      7.499999238,     0.9999998984,   -0.00813702758,               -0,               -0, -6.696742645e-16,            -6999,          52492.5
           0.419,      7035.932572,   0.005249136681,      7.594643369,              360,                0,    0.02595305024,     -28.32605612,      6998.999286,      3.142499893,     0.4189999857,  -0.003409414444,      7.499999235,     0.9999998979,   -0.00813702758,               -0,               -0, -8.243248563e-16,            -6999,          52492.5
            0.42,      7035.932572,   0.005249136681,      7.594643369,              360,                0,    0.02601499069,     -28.32605612,      6998.999282,      3.149999892,     0.4199999856,   -0.00341755147,      7.499999231,     0.9999998975,   -0.00813702758,               -0,               -0, -8.944659247e-16,            -6999,          52492.5
           0.421,      7035.932572,   0.005249136681,      7.594643369,              360,                0,    0.02607693114,     -28.32605612,      6998.999279,      3.157499892,     0.4209999855,  -0.003425688497,      7.499999227,      0.999999897,   -0.00813702758,               -0,               -0, -3.938108032e-16,            -6999,          52492.5
           0.422,      7035.932572,   0.005249136681,      7.594643369,              360,                0,    0.02613887159,     -28.32605612,      6998.999275,      3.164999891,     0.4219999854,  -0.003433825524,      7.499999224,     0.9999998965,   -0.00813702758,               -0,               -0, -6.124297127e-16,            -6999,          52492.5
           0.423,      7035.932572,   0.005249136681,      7.594643369,              360,                0,    0.02620081202,     -28.32605612,      6998.999272,       3.17249989,     0.4229999853,  -0.003441962551,       7.49999922,      0.999999896,   -0.00813702758,               -0,               -0, -7.118177042e-16,            -6999,          52492.5
           0.424,      7035.932572,   0.005249136681,      7.594643369,              360,                0,    0.02626275249,     -28.32605612,      6998.999269,      3.179999889,     0.4239999852,  -0.003450099577,      7.499999216,     0.9999998955,  -0.008137027579,               -0,               -0, -5.562409824e-16,            -6999,          52492.5
           0.425,      7035.932572,   0.005249136681,      7.594643369,              360,                0,    0.02632469294,     -28.32605612,      6998.999265,      3.187499888,     0.4249999851,  -0.003458236604,      7.499999213,      0.999999895,  -0.008137027579,               -0,               -0, -5.475911745e-16,            -6999,          52492.5
           0.426,      7035.932572,   0.005249136681,      7.594643369,              360,                0,    0.02638663342,     -28.32605612,      6998.999262,      3.194999888,      0.425999985,  -0.003466373631,      7.499999209,     0.9999998945,  -0.008137027579,               -0,               -0, -6.436706548e-16,            -6999,          52492.5
           0.427,      7035.932572,   0.005249136681,      7.594643369,              360,                0,    0.02644857384,     -28.32605612,      6998.999258,      3.202499887,     0.4269999849,  -0.003474510657,      7.499999205,      0.999999894,  -0.008137027579,               -0,               -0, -4.467328901e-16,            -6999,          52492.5
           0.428,      7035.932572,   0.005249136681,      7.594643369,              360,                0,     0.0265105143,     -28.32605612,      6998.999255,      3.209999886,     0.4279999848,  -0.003482647684,      7.499999201,     0.9999998935,  -0.008137027579,               -0,               -0, -2.684637451e-16,            -6999,          52492.5
           0.429,      7035.932572,   0.005249136681,      7.594643369,              360,                0,    0.02657245478,     -28.32605612,      6998.999251,      3.217499885,     0.4289999847,  -0.003490784711,      7.499999198,      0.999999893,  -0.008137027579,               -0,               -0, -6.666546403e-17,            -6999,          52492.5
            0.43,      7035.932572,   0.005249136681,      7.594643369,              360,                0,    0.02663439521,     -28.32605612,      6998.999248,      3.224999884,     0.4299999846,  -0.003498921738,      7.499999194,     0.9999998925,  -0.008137027579,               -0,               -0, -2.432295052e-16,            -6999,          52492.5
           0.431,      7035.932572,   0.005249136681,      7.594643369,                0,                0,     0.0266963357,     -28.32605612,      6998.999244,      3.232499884,     0.4309999845,  -0.003507058764,       7.49999919,      0.999999892,  -0.008137027579,               -0,               -0,  4.701076353e-17,            -6999,          52492.5
           0.432,      7035.932572,   0.005249136681,      7.594643369,                0,                0,    0.02675827613,     -28.32605612,      6998.999241,      3.239999883,     0.4319999844,  -0.003515195791,      7.499999186,     0.9999998915,  -0.008137027579,               -0,               -0,   4.89038935e-16,            -6999,          52492.5
           0.433,      7035.932572,   0.005249136681,      7.594643369,              360,                0,    0.02682021659,     -28.32605612,      6998.999237,      3.247499882,     0.4329999843,  -0.003523332818,      7.499999183,      0.999999891,  -0.008137027579,               -0,               -0, -2.072146421e-16,            -6999,          52492.5
           0.434,      7035.932572,   0.005249136681,      7.594643369,              360,                0,    0.02688215706,     -28.32605612,      6998.999234,      3.254999881,     0.4339999842,  -0.003531469844,      7.499999179,     0.9999998905,  -0.008137027579,               -0,               -0, -2.231952511e-16,            -6999,          52492.5
           0.435,      7035.932572,   0.005249136681,      7.594643369,              360,                0,    0.02694409749,     -28.32605612,       6998.99923,       3.26249988,     0.4349999841,  -0.003539606871,      7.499999175,       0.99999989,  -0.008137027579,               -0,               -0, -4.267299696e-17,            -6999,          52492.5
           0.436,      7035.932572,   0.005249136681,      7.594643369,                0,                0,    0.02700603795,     -28.32605612,      6998.999227,       3.26999988,     0.4359999839,  -0.003547743898,      7.499999171,     0.9999998895,  -0.008137027579,               -0,               -0,  1.600521961e-17,            -6999,          52492.5
           0.437,      7035.932572,   0.005249136681,      7.594643369,              360,                0,     0.0270679784,     -28.32605612,      6998.999223,      3.277499879,     0.4369999838,  -0.003555880924,      7.499999167,      0.999999889,  -0.008137027579,               -0,               -0, -4.962544498e-18,            -6999,          52492.5
           0.438,      7035.932572,   0.005249136681,      7.594643369,              360,                0,    0.02712991887,     -28.32605612,      6998.999219,      3.284999878,     0.4379999837,  -0.003564017951,      7.499999164,     0.9999998885,  -0.008137027579,               -0,               -0, -6.337808973e-17,            -6999,          52492.5
           0.439,      7035.932572,   0.005249136681,      7.594643369,              360,                0,    0.02719185931,     -28.32605612,      6998.999216,      3.292499877,     0.4389999836,  -0.003572154978,       7.49999916,      0.999999888,  -0.008137027578,               -0,               -0, -1.955915631e-16,            -6999,          52492.5
            0.44,      7035.932572,   0.005249136681,      7.594643369,                0,                0,    0.02725379976,     -28.32605612,      6998.999212,      3.299999876,     0.4399999835,  -0.003580292004,      7.499999156,     0.9999998875,  -0.008137027578,               -0,               -0,  1.648980616e-16,            -6999,          52492.5
           0.441,      7035.932572,   0.005249136681,      7.594643369,                0,                0,     0.0273157402,     -28.32605612,      6998.999209,      3.307499875,     0.4409999834,  -0.003588429031,      7.499999152,     0.9999998869,  -0.008137027578,               -0,               -0,  1.721106483e-16,            -6999,          52492.5
           0.442,      7035.932572,   0.005249136681,      7.594643369,              360,                0,    0.02737768068,     -28.32605612,      6998.999205,      3.314999875,     0.4419999833,  -0.003596566058,      7.499999148,     0.9999998864,  -0.008137027578,               -0,               -0, -1.317554745e-16,            -6999,          52492.5
           0.443,      7035.932572,   0.005249136681,      7.594643369,                0,              360,    0.02743962113,     -28.32605612,      6998.999202,      3.322499874,     0.4429999832,  -0.003604703084,      7.499999144,     0.9999998859,  -0.008137027578,               -0,               -0,  1.084588625e-16,            -6999,          52492.5
           0.444,      7035.932572,   0.005249136681,      7.594643369,              360,                0,    0.02750156158,     -28.32605612,      6998.999198,      3.329999873,      0.443999983,  -0.003612840111,      7.499999141,     0.9999998854,  -0.008137027578,               -0,               -0, -3.204326442e-16,            -6999,          52492.5
           0.445,      7035.932572,   0.005249136681,      7.594643369,              360,                0,    0.02756350206,     -28.32605612,      6998.999194,      3.337499872,     0.4449999829,  -0.003620977138,      7.499999137,     0.9999998849,  -0.008137027578,               -0,               -0, -9.321423215e-16,            -6999,          52492.5
           0.446,      7035.932572,   0.005249136681,      7.594643369,              360,              360,    0.02762544249,     -28.32605612,      6998.999191,      3.344999871,     0.4459999828,  -0.003629114164,      7.499999133,     0.9999998844,  -0.008137027578,               -0,               -0, -7.962932925e-16,            -6999,          52492.5
           0.447,      7035.932572,   0.005249136681,      7.594643369,              360,              360,    0.02768738295,     -28.32605612,      6998.999187,       3.35249987,     0.4469999827,  -0.003637251191,      7.499999129,     0.9999998839,  -0.008137027578,               -0,               -0, -8.307523788e-16,            -6999,          52492.5
           0.448,      7035.932572,   0.005249136681,      7.594643369,              360,              360,     0.0277493234,     -28.32605612,      6998.999183,      3.359999869,     0.4479999826,  -0.003645388218,      7.499999125,     0.9999998833,  -0.008137027578,               -0,               -0, -9.197686918e-16,            -6999,          52492.5
           0.449,      7035.932572,   0.005249136681,      7.594643369,              360,                0,    0.02781126383,     -28.32605612,       6998.99918,      3.367499868,     0.4489999825,  -0.003653525244,      7.499999121,     0.9999998828,  -0.008137027578,               -0,               -0, -1.465232849e-15,            -6999,          52492.5
            0.45,      7035.932572,   0.005249136681,      7.594643369,              360,                0,     0.0278732043,     -28.32605612,      6998.999176,      3.374999868,     0.4499999823,  -0.003661662271,      7.499999117,     0.9999998823,  -0.008137027578,               -0,               -0, -1.536767741e-15,            -6999,          52492.5
           0.451,      7035.932572,   0.005249136681,      7.594643369,              360,                0,    0.02793514476,     -28.32605612,      6998.999172,      3.382499867,     0.4509999822,  -0.003669799297,      7.499999113,     0.9999998818,  -0.008137027578,               -0,               -0, -1.160730972e-15,            -6999,          52492.5
           0.452,      7035.932572,   0.005249136681,      7.594643369,              360,                0,    0.02799708523,     -28.32605612,      6998.999169,      3.389999866,     0.4519999821,  -0.003677936324,      7.499999109,     0.9999998812,  -0.008137027578,               -0,               -0, -6.687913489e-16,            -6999,          52492.5
           0.453,      7035.932572,   0.005249136681,      7.594643369,              360,                0,    0.02805902567,     -28.32605612,      6998.999165,      3.397499865,      0.452999982,  -0.003686073351,      7.499999105,     0.9999998807,  -0.008137027578,               -0,               -0, -4.628392558e-16,            -6999,          52492.5
           0.454,      7035.932572,   0.005249136681,      7.594643369,              360,                0,    0.02812096612,     -28.32605612,      6998.999161,      3.404999864,     0.4539999819,  -0.003694210377,      7.499999101,     0.9999998802,  -0.008137027577,               -0,               -0, -5.006758197e-16,            -6999,          52492.5
           0.455,      7035.932572,   0.005249136681,      7.594643369,              360,              360,    0.02818290658,     -28.32605612,      6998.999158,      3.412499863,     0.4549999817,  -0.003702347404,      7.499999097,     0.9999998797,  -0.008137027577,               -0,               -0, -8.053277924e-16,            -6999,          52492.5
           0.456,      7035.932572,   0.005249136681,      7.594643369,              360,                0,    0.02824484699,     -28.32605612,      6998.999154,      3.419999862,     0.4559999816,   -0.00371048443,      7.499999093,     0.9999998791,  -0.008137027577,               -0,               -0, -8.236160472e-16,            -6999,          52492.5
           0.457,      7035.932572,   0.005249136681,      7.594643369,              360,                0,    0.02830678747,     -28.32605612,       6998.99915,      3.427499861,     0.4569999815,  -0.003718621457,      7.499999089,     0.9999998786,  -0.008137027577,               -0,               -0, -5.133416266e-16,            -6999,          52492.5
           0.458,      7035.932572,   0.005249136681,      7.594643369,              360,                0,    0.02836872794,     -28.32605612,      6998.999147,       3.43499986,     0.4579999814,  -0.003726758484,      7.499999085,     0.9999998781,  -0.008137027577,               -0,               -0,  -7.20483893e-16,            -6999,          52492.5
           0.459,      7035.932572,   0.005249136681,      7.594643369,              360,                0,    0.02843066839,     -28.32605612,      6998.999143,      3.442499859,     0.4589999813,   -0.00373489551,      7.499999081,     0.9999998775,  -0.008137027577,               -0,               -0, -1.020649482e-15,            -6999,          52492.5
            0.46,      7035.932572,   0.005249136681,      7.594643369,              360,                0,    0.02849260885,     -28.32605612,      6998.999139,      3.449999859,     0.4599999811,  -0.003743032537,      7.499999077,      0.999999877,  -0.008137027577,               -0,               -0, -1.308079014e-15,            -6999,          52492.5
           0.461,      7035.932572,   0.005249136681,      7.594643369,              360,                0,    0.02855454929,     -28.32605612,      6998.999135,      3.457499858,      0.460999981,  -0.003751169563,      7.499999073,     0.9999998765,  -0.008137027577,               -0,               -0, -1.540573292e-15,            -6999,          52492.5
           0.462,      7035.932572,   0.005249136681,      7.594643369,              360,                0,    0.02861648975,     -28.32605612,      6998.999132,      3.464999857,     0.4619999809,   -0.00375930659,      7.499999069,     0.9999998759,  -0.008137027577,               -0,               -0, -1.675933128e-15,            -6999,          52492.5
           0.463,      7035.932572,   0.005249136681,      7.594643369,              360,                0,    0.02867843021,     -28.32605612,      6998.999128,      3.472499856,     0.4629999808,  -0.003767443617,      7.499999065,     0.9999998754,  -0.008137027577,               -0,               -0, -1.671959231e-15,            -6999,          52492.5
           0.464,      7035.932572,   0.005249136681,      7.594643369,              360,                0,    0.02874037066,     -28.32605612,      6998.999124,      3.479999855,     0.4639999806,  -0.003775580643,      7.499999061,     0.9999998748,  -0.008137027577,               -0,               -0, -1.544183878e-15,            -6999,          52492.5
           0.465,      7035.932572,   0.005249136681,      7.594643369,              360,                0,     0.0288023111,     -28.32605612,       6998.99912,      3.487499854,     0.4649999805,   -0.00378371767,      7.499999057,     0.9999998743,  -0.008137027577,               -0,               -0, -1.635099945e-15,            -6999,          52492.5
           0.466,      7035.932572,   0.005249136681,      7.594643369,              360,                0,    0.02886425156,     -28.32605612,      6998.999116,      3.494999853,     0.4659999804,  -0.003791854696,      7.499999053,     0.9999998738,  -0.008137027577,               -0,               -0, -1.458418847e-15,            -6999,          52492.5
           0.467,      7035.932572,   0.005249136681,      7.594643369,              360,                0,      0.028926192,     -28.32605612,      6998.999113,      3.502499852,     0.4669999803,  -0.003799991723,      7.499999049,     0.9999998732,  -0.008137027577,               -0,               -0, -1.860119582e-15,            -6999,          52492.5
           0.468,      7035.932572,   0.005249136681,      7.594643369,              360,                0,    0.02898813249,     -28.32605612,      6998.999109,      3.509999851,     0.4679999801,  -0.003808128749,      7.499999045,     0.9999998727,  -0.008137027577,               -0,               -0, -1.520135882e-15,            -6999,          52492.5
           0.469,      7035.932572,   0.005249136681,      7.594643369,              360,                0,    0.02905007294,     -28.32605612,      6998.999105,       3.51749985,       0.46899998,  -0.003816265776,      7.499999041,     0.9999998721,  -0.008137027576,               -0,               -0,  -2.11655879e-15,            -6999,          52492.5
            0.47,      7035.932572,   0.005249136681,      7.594643369,              360,                0,    0.02911201338,     -28.32605612,      6998.999101,      3.524999849,     0.4699999799,  -0.003824402802,      7.499999037,     0.9999998716,  -0.008137027576,               -0,               -0, -1.830831904e-15,            -6999,          52492.5
           0.471,      7035.932572,   0.005249136681,      7.594643369,              360,                0,    0.02917395382,     -28.32605612,      6998.999097,      3.532499848,     0.4709999798,  -0.003832539829,      7.499999033,      0.999999871,  -0.008137027576,               -0,               -0, -2.397112393e-15,            -6999,          52492.5
           0.472,      7035.932572,   0.005249136681,      7.594643369,              360,                0,    0.02923589429,     -28.32605612,      6998.999094,      3.539999847,     0.4719999796,  -0.003840676855,      7.499999029,     0.9999998705,  -0.008137027576,               -0,               -0, -2.047913978e-15,            -6999,          52492.5
           0.473,      7035.932572,   0.005249136681,      7.594643369,              360,                0,    0.02929783473,     -28.32605612,       6998.99909,      3.547499846,     0.4729999795,  -0.003848813882,      7.499999025,     0.9999998699,  -0.008137027576,               -0,               -0, -2.020568914e-15,            -6999,          52492.5
           0.474,      7035.932572,   0.005249136681,      7.594643369,              360,                0,    0.02935977518,     -28.32605612,      6998.999086,      3.554999845,     0.4739999794,  -0.003856950908,       7.49999902,     0.9999998694,  -0.008137027576,               -0,               -0, -2.272877447e-15,            -6999,          52492.5
           0.475,      7035.932572,   0.005249136681,      7.594643369,              360,                0,    0.02942171565,     -28.32605612,      6998.999082,      3.562499844,     0.4749999792,  -0.003865087935,      7.499999016,     0.9999998688,  -0.008137027576,               -0,               -0, -2.318550505e-15,            -6999,          52492.5
           0.476,      7035.932572,   0.005249136681,      7.594643369,              360,                0,     0.0294836561,     -28.32605612,      6998.999078,      3.569999843,     0.4759999791,  -0.003873224961,      7.499999012,     0.9999998683,  -0.008137027576,               -0,               -0, -1.719038638e-15,            -6999,          52492.5
           0.477,      7035.932572,   0.005249136681,      7.594643369,              360,                0,    0.02954559655,     -28.32605612,      6998.999074,      3.577499842,      0.476999979,  -0.003881361988,      7.499999008,     0.9999998677,  -0.008137027576,               -0,               -0, -1.715004576e-15,            -6999,          52492.5
           0.478,      7035.932572,   0.005249136681,      7.594643369,              360,                0,    0.02960753702,     -28.32605612,       6998.99907,      3.584999841,     0.4779999788,  -0.003889499014,      7.499999004,     0.9999998672,  -0.008137027576,               -0,               -0, -1.820159104e-15,            -6999,          52492.5
           0.479,      7035.932572,   0.005249136681,      7.594643369,              360,                0,    0.02966947747,     -28.32605612,      6998.999067,       3.59249984,     0.4789999787,  -0.003897636041,         7.499999,     0.9999998666,  -0.008137027576,               -0,               -0, -1.992302228e-15,            -6999,          52492.5
            0.48,      7035.932572,   0.005249136681,      7.594643369,              360,                0,     0.0297314179,     -28.32605612,      6998.999063,      3.599999839,     0.4799999786,  -0.003905773067,      7.499998996,     0.9999998661,  -0.008137027576,               -0,               -0, -1.345464365e-15,            -6999,          52492.5
           0.481,      7035.932572,   0.005249136681,      7.594643369,              360,                0,    0.02979335838,     -28.32605612,      6998.999059,      3.607499838,     0.4809999784,  -0.003913910094,      7.499998991,     0.9999998655,  -0.008137027576,               -0,               -0, -1.567727931e-15,            -6999,          52492.5
           0.482,      7035.932572,   0.005249136681,      7.594643369,              360,                0,    0.02985529882,     -28.32605612,      6998.999055,      3.614999837,     0.4819999783,   -0.00392204712,      7.499998987,      0.999999865,  -0.008137027576,               -0,               -0, -1.728714366e-15,            -6999,          52492.5
           0.483,      7035.932572,   0.005249136681,      7.594643369,              360,                0,    0.02991723926,     -28.32605612,      6998.999051,      3.622499836,     0.4829999782,  -0.003930184147,      7.499998983,     0.9999998644,  -0.008137027575,               -0,               -0, -1.786223423e-15,            -6999,          52492.5
           0.484,      7035.932572,   0.005249136681,      7.594643369,              360,                0,    0.02997917972,     -28.32605612,      6998.999047,      3.629999835,      0.483999978,  -0.003938321173,      7.499998979,     0.9999998638,  -0.008137027575,               -0,               -0, -1.739133133e-15,            -6999,          52492.5
           0.485,      7035.932572,   0.005249136681,      7.594643369,              360,                0,    0.03004112019,     -28.32605612,      6998.999043,      3.637499834,     0.4849999779,    -0.0039464582,      7.499998974,     0.9999998633,  -0.008137027575,               -0,               -0, -1.502499548e-15,            -6999,          52492.5
           0.486,      7035.932572,   0.005249136681,      7.594643369,              360,                0,    0.03010306065,     -28.32605612,      6998.999039,      3.644999833,     0.4859999778,  -0.003954595226,       7.49999897,     0.9999998627,  -0.008137027575,               -0,               -0, -1.478211482e-15,            -6999,          52492.5
           0.487,      7035.932572,   0.005249136681,      7.594643369,              360,                0,     0.0301650011,     -28.32605612,      6998.999035,      3.652499832,     0.4869999776,  -0.003962732253,      7.499998966,     0.9999998621,  -0.008137027575,               -0,               -0, -1.624068489e-15,            -6999,          52492.5
           0.488,      7035.932572,   0.005249136681,      7.594643369,              360,                0,    0.03022694156,     -28.32605612,      6998.999031,      3.659999831,     0.4879999775,  -0.003970869279,      7.499998962,     0.9999998616,  -0.008137027575,               -0,               -0, -1.935617738e-15,            -6999,          52492.5
           0.489,      7035.932572,   0.005249136681,      7.594643369,              360,                0,      0.030288882,     -28.32605612,      6998.999027,       3.66749983,     0.4889999773,  -0.003979006306,      7.499998957,      0.999999861,  -0.008137027575,               -0,               -0, -1.887156603e-15,            -6999,          52492.5
            0.49,      7035.932572,   0.005249136681,      7.594643369,              360,                0,    0.03035082245,     -28.32605612,      6998.999023,      3.674999829,     0.4899999772,  -0.003987143332,      7.499998953,     0.9999998604,  -0.008137027575,               -0,               -0, -1.436484489e-15,            -6999,          52492.5
           0.491,      7035.932572,   0.005249136681,      7.594643369,              360,                0,    0.03041276291,     -28.32605612,      6998.999019,      3.682499828,     0.4909999771,  -0.003995280359,      7.499998949,     0.9999998599,  -0.008137027575,               -0,               -0, -9.854899647e-16,            -6999,          52492.5
           0.492,      7035.932572,   0.005249136681,      7.594643369,              360,                0,    0.03047470335,     -28.32605612,      6998.999015,      3.689999827,     0.4919999769,  -0.004003417385,      7.499998945,     0.9999998593,  -0.008137027575,               -0,               -0, -9.704784803e-16,            -6999,          52492.5
           0.493,      7035.932572,   0.005249136681,      7.594643369,              360,                0,    0.03053664381,     -28.32605612,      6998.999011,      3.697499826,     0.4929999768,  -0.004011554411,       7.49999894,     0.9999998587,  -0.008137027575,               -0,               -0, -8.690778785e-16,            -6999,          52492.5
           0.494,      7035.932572,   0.005249136681,      7.594643369,              360,                0,    0.03059858426,     -28.32605612,      6998.999007,      3.704999825,     0.4939999766,  -0.004019691438,      7.499998936,     0.9999998581,  -0.008137027575,               -0,               -0, -1.083176577e-15,            -6999,          52492.5
           0.495,      7035.932572,   0.005249136681,      7.594643369,              360,              360,    0.03066052472,     -28.32605612,      6998.999003,      3.712499824,     0.4949999765,  -0.004027828464,      7.499998932,     0.9999998576,  -0.008137027575,               -0,               -0, -1.126484587e-15,            -6999,          52492.5
           0.496,      7035.932572,   0.005249136681,      7.594643369,              360,                0,    0.03072246518,     -28.32605612,      6998.998999,      3.719999823,     0.4959999764,  -0.004035965491,      7.499998927,      0.999999857,  -0.008137027575,               -0,               -0, -9.878872162e-16,            -6999,          52492.5
           0.497,      7035.932572,   0.005249136681,      7.594643369,              360,              360,    0.03078440563,     -28.32605612,      6998.998995,      3.727499822,     0.4969999762,  -0.004044102517,      7.499998923,     0.9999998564,  -0.008137027574,               -0,               -0, -1.036521261e-15,            -6999,          52492.5
           0.498,      7035.932572,   0.005249136681,      7.594643369,              360,              360,    0.03084634607,     -28.32605612,      6998.998991,      3.734999821,     0.4979999761,  -0.004052239543,      7.499998919,     0.9999998558,  -0.008137027574,               -0,               -0, -7.860964536e-16,            -6999,          52492.5
           0.499,      7035.932572,   0.005249136681,      7.594643369,              360,              360,    0.03090828655,     -28.32605612,      6998.998987,      3.742499819,     0.4989999759,   -0.00406037657,      7.499998914,     0.9999998553,  -0.008137027574,               -0,               -0, -1.526679445e-15,            -6999,          52492.5
             0.5,      7035.932572,   0.005249136681,      7.594643369,              360,              360,    0.03097022699,     -28.32605612,      6998.998983,      3.749999818,     0.4999999758,  -0.004068513596,       7.49999891,     0.9999998547,  -0.008137027574,               -0,               -0,  -1.02337875e-15,            -6999,          52492.5
           0.501,      7035.932572,   0.005249136681,      7.594643369,              360,              360,    0.03103216745,     -28.32605612,      6998.998979,      3.757499817,     0.5009999756,  -0.004076650623,      7.499998906,     0.9999998541,  -0.008137027574,               -0,               -0, -1.425018281e-15,            -6999,          52492.5
           0.502,      7035.932572,   0.005249136681,      7.594643369,              360,              360,     0.0310941079,     -28.32605612,      6998.998975,      3.764999816,     0.5019999755,  -0.004084787649,      7.499998901,     0.9999998535,  -0.008137027574,               -0,               -0, -4.689509207e-16,            -6999,          52492.5
           0.503,      7035.932572,   0.005249136681,      7.594643369,              360,              360,    0.03115604834,     -28.32605612,      6998.998971,      3.772499815,     0.5029999753,  -0.004092924675,      7.499998897,     0.9999998529,  -0.008137027574,               -0,               -0, -1.221599828e-15,            -6999,          52492.5
           0.504,      7035.932572,   0.005249136681,      7.594643369,              360,              360,    0.03121798881,     -28.32605612,      6998.998967,      3.779999814,     0.5039999752,  -0.004101061702,      7.499998893,     0.9999998523,  -0.008137027574,               -0,               -0, -1.000653437e-15,            -6999,          52492.5
           0.505,      7035.932572,   0.005249136681,      7.594643369,              360,              360,    0.03127992927,     -28.32605612,      6998.998962,      3.787499813,      0.504999975,  -0.004109198728,      7.499998888,     0.9999998518,  -0.008137027574,               -0,               -0, -1.819093491e-16,            -6999,          52492.5
           0.506,      7035.932572,   0.005249136681,      7.594643369,              360,              360,     0.0313418697,     -28.32605612,      6998.998958,      3.794999812,     0.5059999749,  -0.004117335754,      7.499998884,     0.9999998512,  -0.008137027574,               -0,               -0, -5.543385921e-17,            -6999,          52492.5
           0.507,      7035.932572,   0.005249136681,      7.594643369,              360,              360,    0.03140381017,     -28.32605612,      6998.998954,      3.802499811,     0.5069999747,  -0.004125472781,      7.499998879,     0.9999998506,  -0.008137027574,               -0,               -0, -5.790254502e-16,            -6999,          52492.5
           0.508,      7035.932572,   0.005249136681,      7.594643369,              360,              360,    0.03146575063,     -28.32605612,       6998.99895,      3.809999809,     0.5079999746,  -0.004133609807,      7.499998875,       0.99999985,  -0.008137027574,               -0,               -0, -8.223043324e-16,            -6999,          52492.5
           0.509,      7035.932572,   0.005249136681,      7.594643369,              360,              360,    0.03152769108,     -28.32605612,      6998.998946,      3.817499808,     0.5089999744,  -0.004141746834,       7.49999887,     0.9999998494,  -0.008137027574,               -0,               -0, -7.633304769e-16,            -6999,          52492.5
            0.51,      7035.932572,   0.005249136681,      7.594643369,              360,              360,    0.03158963155,     -28.32605612,      6998.998942,      3.824999807,     0.5099999743,   -0.00414988386,      7.499998866,     0.9999998488,  -0.008137027573,               -0,               -0, -1.670243048e-15,            -6999,          52492.5
           0.511,      7035.932572,   0.005249136681,      7.594643369,              360,              360,    0.03165157199,     -28.32605612,      6998.998938,      3.832499806,     0.5109999741,  -0.004158020886,      7.499998862,     0.9999998482,  -0.008137027573,               -0,               -0, -1.724483617e-15,            -6999,          52492.5
           0.512,      7035.932572,   0.005249136681,      7.594643369,              360,              360,    0.03171351245,     -28.32605612,      6998.998933,      3.839999805,      0.511999974,  -0.004166157913,      7.499998857,     0.9999998476,  -0.008137027573,               -0,               -0, -1.327939685e-15,            -6999,          52492.5
           0.513,      7035.932572,   0.005249136681,      7.594643369,              360,              360,    0.03177545287,     -28.32605612,      6998.998929,      3.847499804,     0.5129999738,  -0.004174294939,      7.499998853,      0.999999847,  -0.008137027573,               -0,               -0, -8.994296241e-16,            -6999,          52492.5
           0.514,      7035.932572,   0.005249136681,      7.594643369,              360,                0,    0.03183739335,     -28.32605612,      6998.998925,      3.854999803,     0.5139999737,  -0.004182431965,      7.499998848,     0.9999998464,  -0.008137027573,               -0,               -0, -8.222445731e-16,            -6999,          52492.5
           0.515,      7035.932572,   0.005249136681,      7.594643369,              360,              360,     0.0318993338,     -28.32605612,      6998.998921,      3.862499801,     0.5149999735,  -0.004190568992,      7.499998844,     0.9999998458,  -0.008137027573,               -0,               -0, -1.054182735e-15,            -6999,          52492.5
           0.516,      7035.932572,   0.005249136681,      7.594643369,              360,                0,    0.03196127426,     -28.32605612,      6998.998917,        3.8699998,     0.5159999734,  -0.004198706018,      7.499998839,     0.9999998452,  -0.008137027573,               -0,               -0, -1.108952984e-15,            -6999,          52492.5
           0.517,      7035.932572,   0.005249136681,      7.594643369,              360,              360,    0.03202321471,     -28.32605612,      6998.998913,      3.877499799,     0.5169999732,  -0.004206843044,      7.499998835,     0.9999998446,  -0.008137027573,               -0,               -0, -5.138644619e-16,            -6999,          52492.5
           0.518,      7035.932572,   0.005249136681,      7.594643369,              360,                0,    0.03208515518,     -28.32605612,      6998.998908,      3.884999798,     0.5179999731,   -0.00421498007,       7.49999883,      0.999999844,  -0.008137027573,               -0,               -0, -9.878063989e-16,            -6999,          52492.5
           0.519,      7035.932572,   0.005249136681,      7.594643369,              360,                0,    0.03214709563,     -28.32605612,      6998.998904,      3.892499797,     0.5189999729,  -0.004223117097,      7.499998826,     0.9999998434,  -0.008137027573,               -0,               -0, -1.156309091e-15,            -6999,          52492.5
            0.52,      7035.932572,   0.005249136681,      7.594643369,              360,                0,    0.03220903609,     -28.32605612,        6998.9989,      3.899999796,     0.5199999728,  -0.004231254123,      7.499998821,     0.9999998428,  -0.008137027573,               -0,               -0, -5.330812699e-16,            -6999,          52492.5
           0.521,      7035.932572,   0.005249136681,      7.594643369,              360,              360,    0.03227097654,     -28.32605612,      6998.998896,      3.907499794,     0.5209999726,  -0.004239391149,      7.499998817,     0.9999998422,  -0.008137027573,               -0,               -0, -4.184579721e-16,            -6999,          52492.5
           0.522,      7035.932572,   0.005249136681,      7.594643369,              360,                0,    0.03233291699,     -28.32605612,      6998.998891,      3.914999793,     0.5219999724,  -0.004247528176,      7.499998812,     0.9999998416,  -0.008137027573,               -0,               -0, -3.142128347e-16,            -6999,          52492.5
           0.523,      7035.932572,   0.005249136681,      7.594643369,              360,                0,    0.03239485744,     -28.32605612,      6998.998887,      3.922499792,     0.5229999723,  -0.004255665202,      7.499998807,      0.999999841,  -0.008137027572,               -0,               -0, -1.781436423e-16,            -6999,          52492.5
           0.524,      7035.932572,   0.005249136681,      7.594643369,                0,                0,    0.03245679789,     -28.32605612,      6998.998883,      3.929999791,     0.5239999721,  -0.004263802228,      7.499998803,     0.9999998404,  -0.008137027572,               -0,               -0,  3.195194341e-17,            -6999,          52492.5
           0.525,      7035.932572,   0.005249136681,      7.594643369,                0,              360,    0.03251873835,     -28.32605612,      6998.998879,       3.93749979,      0.524999972,  -0.004271939254,      7.499998798,     0.9999998398,  -0.008137027572,               -0,               -0,   3.51337326e-16,            -6999,          52492.5
           0.526,      7035.932572,   0.005249136681,      7.594643369,                0,                0,    0.03258067881,     -28.32605612,      6998.998874,      3.944999789,     0.5259999718,  -0.004280076281,      7.499998794,     0.9999998392,  -0.008137027572,               -0,               -0,  3.867300631e-16,            -6999,          52492.5
           0.527,      7035.932572,   0.005249136681,      7.594643369,                0,                0,    0.03264261926,     -28.32605612,       6998.99887,      3.952499787,     0.5269999716,  -0.004288213307,      7.499998789,     0.9999998386,  -0.008137027572,               -0,               -0,   1.06851093e-15,            -6999,          52492.5
           0.528,      7035.932572,   0.005249136681,      7.594643369,                0,                0,     0.0327045597,     -28.32605612,      6998.998866,      3.959999786,     0.5279999715,  -0.004296350333,      7.499998785,     0.9999998379,  -0.008137027572,               -0,               -0,  6.625257103e-16,            -6999,          52492.5
           0.529,      7035.932572,   0.005249136681,      7.594643369,                0,                0,    0.03276650016,     -28.32605612,      6998.998861,      3.967499785,     0.5289999713,   -0.00430448736,       7.49999878,     0.9999998373,  -0.008137027572,               -0,               -0,  9.554710861e-17,            -6999,          52492.5
            0.53,      7035.932572,   0.005249136681,      7.594643369,                0,                0,    0.03282844061,     -28.32605612,      6998.998857,      3.974999784,     0.5299999712,  -0.004312624386,      7.499998775,     0.9999998367,  -0.008137027572,               -0,               -0,  3.032297138e-16,            -6999,          52492.5
           0.531,      7035.932572,   0.005249136681,      7.594643369,                0,                0,    0.03289038107,     -28.32605612,      6998.998853,      3.982499782,      0.530999971,  -0.004320761412,      7.499998771,     0.9999998361,  -0.008137027572,               -0,               -0,   4.39597891e-16,            -6999,          52492.5
           0.532,      7035.932572,   0.005249136681,      7.594643369,                0,              360,    0.03295232151,     -28.32605612,      6998.998849,      3.989999781,     0.5319999708,  -0.004328898438,      7.499998766,     0.9999998355,  -0.008137027572,               -0,               -0,  5.468543342e-16,            -6999,          52492.5
           0.533,      7035.932572,   0.005249136681,      7.594643369,                0,              360,    0.03301426197,     -28.32605612,      6998.998844,       3.99749978,     0.5329999707,  -0.004337035464,      7.499998761,     0.9999998349,  -0.008137027572,               -0,               -0,   1.11101342e-15,            -6999,          52492.5
           0.534,      7035.932572,   0.005249136681,      7.594643369,                0,              360,    0.03307620244,     -28.32605612,       6998.99884,      4.004999779,     0.5339999705,  -0.004345172491,      7.499998757,     0.9999998342,  -0.008137027572,               -0,               -0,  1.288042517e-15,            -6999,          52492.5
           0.535,      7035.932572,   0.005249136681,      7.594643369,                0,              360,    0.03313814288,     -28.32605612,      6998.998835,      4.012499777,     0.5349999703,  -0.004353309517,      7.499998752,     0.9999998336,  -0.008137027572,               -0,               -0,  2.008322974e-15,            -6999,          52492.5
           0.536,      7035.932572,   0.005249136681,      7.594643369,                0,              360,    0.03320008333,     -28.32605612,      6998.998831,      4.019999776,     0.5359999702,  -0.004361446543,      7.499998747,      0.999999833,  -0.008137027571,               -0,               -0,  1.981790069e-15,            -6999,          52492.5
           0.537,      7035.932572,   0.005249136681,      7.594643369,                0,              360,     0.0332620238,     -28.32605612,      6998.998827,      4.027499775,       0.53699997,  -0.004369583569,      7.499998743,     0.9999998324,  -0.008137027571,               -0,               -0,  2.141878347e-15,            -6999,          52492.5
           0.538,      7035.932572,   0.005249136681,      7.594643369,                0,              360,    0.03332396424,     -28.32605612,      6998.998822,      4.034999774,     0.5379999698,  -0.004377720596,      7.499998738,     0.9999998317,  -0.008137027571,               -0,               -0,  2.529403146e-15,            -6999,          52492.5
           0.539,      7035.932572,   0.005249136681,      7.594643369,                0,              360,    0.03338590469,     -28.32605612,      6998.998818,      4.042499772,     0.5389999697,  -0.004385857622,      7.499998733,     0.9999998311,  -0.008137027571,               -0,               -0,  2.742478402e-15,            -6999,          52492.5
            0.54,      7035.932572,   0.005249136681,      7.594643369,                0,              360,    0.03344784516,     -28.32605612,      6998.998814,      4.049999771,     0.5399999695,  -0.004393994648,      7.499998729,     0.9999998305,  -0.008137027571,               -0,               -0,  2.379218106e-15,            -6999,          52492.5
           0.541,      7035.932572,   0.005249136681,      7.594643369,                0,              360,    0.03350978561,     -28.32605612,      6998.998809,       4.05749977,     0.5409999693,  -0.004402131674,      7.499998724,     0.9999998299,  -0.008137027571,               -0,               -0,   1.48820912e-15,            -6999,          52492.5
           0.542,      7035.932572,   0.005249136681,      7.594643369,                0,              360,    0.03357172606,     -28.32605612,      6998.998805,      4.064999769,     0.5419999691,    -0.0044102687,      7.499998719,     0.9999998292,  -0.008137027571,               -0,               -0,  2.771471591e-15,            -6999,          52492.5
           0.543,      7035.932572,   0.005249136681,      7.594643369,                0,              360,    0.03363366651,     -28.32605612,        6998.9988,      4.072499767,      0.542999969,  -0.004418405727,      7.499998715,     0.9999998286,  -0.008137027571,               -0,               -0,  2.274405995e-15,            -6999,          52492.5
           0.544,      7035.932572,   0.005249136681,      7.594643369,                0,              360,    0.03369560697,     -28.32605612,      6998.998796,      4.079999766,     0.5439999688,  -0.004426542753,       7.49999871,      0.999999828,  -0.008137027571,               -0,               -0,  1.371483382e-15,            -6999,          52492.5
           0.545,      7035.932572,   0.005249136681,      7.594643369,                0,              360,    0.03375754743,     -28.32605612,      6998.998792,      4.087499765,     0.5449999686,  -0.004434679779,      7.499998705,     0.9999998273,  -0.008137027571,               -0,               -0,  2.779156759e-15,            -6999,          52492.5
           0.546,      7035.932572,   0.005249136681,      7.594643369,                0,              360,    0.03381948786,     -28.32605612,      6998.998787,      4.094999763,     0.5459999685,  -0.004442816805,        7.4999987,     0.9999998267,  -0.008137027571,               -0,               -0,  2.090688619e-15,            -6999,          52492.5
           0.547,      7035.932572,   0.005249136681,      7.594643369,                0,              360,    0.03388142834,     -28.32605612,      6998.998783,      4.102499762,     0.5469999683,  -0.004450953831,      7.499998696,     0.9999998261,  -0.008137027571,               -0,               -0,  2.456906864e-15,            -6999,          52492.5
           0.548,      7035.932572,   0.005249136681,      7.594643369,                0,              360,    0.03394336878,     -28.32605612,      6998.998778,      4.109999761,     0.5479999681,  -0.004459090857,      7.499998691,     0.9999998254,   -0.00813702757,               -0,               -0,  2.587747506e-15,            -6999,          52492.5
           0.549,      7035.932572,   0.005249136681,      7.594643369,                0,              360,    0.03400530924,     -28.32605612,      6998.998774,       4.11749976,     0.5489999679,  -0.004467227883,      7.499998686,     0.9999998248,   -0.00813702757,               -0,               -0,  2.538459335e-15,            -6999,          52492.5
            0.55,      7035.932572,   0.005249136681,      7.594643369,                0,              360,     0.0340672497,     -28.32605612,      6998.998769,      4.124999758,     0.5499999678,   -0.00447536491,      7.499998681,     0.9999998242,   -0.00813702757,               -0,               -0,  2.339866346e-15,            -6999,          52492.5
           0.551,      7035.932572,   0.005249136681,      7.594643369,                0,              360,    0.03412919015,     -28.32605612,      6998.998765,      4.132499757,     0.5509999676,  -0.004483501936,      7.499998676,     0.9999998235,   -0.00813702757,               -0,               -0,  2.478261399e-15,            -6999,          52492.5
           0.552,      7035.932572,   0.005249136681,      7.594643369,                0,              360,     0.0341911306,     -28.32605612,       6998.99876,      4.139999756,     0.5519999674,  -0.004491638962,      7.499998672,     0.9999998229,   -0.00813702757,               -0,               -0,  3.439937568e-15,            -6999,          52492.5
           0.553,      7035.932572,   0.005249136681,      7.594643369,                0,              360,    0.03425307106,     -28.32605612,      6998.998756,      4.147499754,     0.5529999672,  -0.004499775988,      7.499998667,     0.9999998222,   -0.00813702757,               -0,               -0,  2.158474463e-15,            -6999,          52492.5
           0.554,      7035.932572,   0.005249136681,      7.594643369,                0,              360,    0.03431501151,     -28.32605612,      6998.998751,      4.154999753,     0.5539999671,  -0.004507913014,      7.499998662,     0.9999998216,   -0.00813702757,               -0,               -0,  2.245998009e-15,            -6999,          52492.5
           0.555,      7035.932572,   0.005249136681,      7.594643369,                0,                0,    0.03437695197,     -28.32605612,      6998.998747,      4.162499752,     0.5549999669,   -0.00451605004,      7.499998657,     0.9999998209,   -0.00813702757,               -0,               -0,  1.952812147e-15,            -6999,          52492.5
           0.556,      7035.932572,   0.005249136681,      7.594643369,                0,                0,    0.03443889243,     -28.32605612,      6998.998742,       4.16999975,     0.5559999667,  -0.004524187066,      7.499998652,     0.9999998203,   -0.00813702757,               -0,               -0,  1.765210334e-15,            -6999,          52492.5
           0.557,      7035.932572,   0.005249136681,      7.594643369,                0,              360,    0.03450083288,     -28.32605612,      6998.998738,      4.177499749,     0.5569999665,  -0.004532324092,      7.499998647,     0.9999998197,   -0.00813702757,               -0,               -0,  1.281307345e-15,            -6999,          52492.5
           0.558,      7035.932572,   0.005249136681,      7.594643369,                0,                0,    0.03456277333,     -28.32605612,      6998.998733,      4.184999748,     0.5579999663,  -0.004540461119,      7.499998643,      0.999999819,   -0.00813702757,               -0,               -0,  1.452024898e-15,            -6999,          52492.5
           0.559,      7035.932572,   0.005249136681,      7.594643369,                0,                0,    0.03462471378,     -28.32605612,      6998.998729,      4.192499746,     0.5589999662,  -0.004548598145,      7.499998638,     0.9999998184,   -0.00813702757,               -0,               -0,  5.243368096e-16,            -6999,          52492.5
            0.56,      7035.932572,   0.005249136681,      7.594643369,                0,                0,    0.03468665421,     -28.32605612,      6998.998724,      4.199999745,      0.559999966,  -0.004556735171,      7.499998633,     0.9999998177,  -0.008137027569,               -0,               -0,  1.649071542e-15,            -6999,          52492.5
           0.561,      7035.932572,   0.005249136681,      7.594643369,                0,              360,    0.03474859469,     -28.32605612,       6998.99872,      4.207499743,     0.5609999658,  -0.004564872197,      7.499998628,     0.9999998171,  -0.008137027569,               -0,               -0,  8.716307381e-16,            -6999,          52492.5
           0.562,      7035.932572,   0.005249136681,      7.594643369,                0,              360,    0.03481053515,     -28.32605612,      6998.998715,      4.214999742,     0.5619999656,  -0.004573009223,      7.499998623,     0.9999998164,  -0.008137027569,               -0,               -0,  9.226238534e-16,            -6999,          52492.5
           0.563,      7035.932572,   0.005249136681,      7.594643369,                0,              360,    0.03487247559,     -28.32605612,       6998.99871,      4.222499741,     0.5629999654,  -0.004581146249,      7.499998618,     0.9999998157,  -0.008137027569,               -0,               -0,  4.569393854e-17,            -6999,          52492.5
           0.564,      7035.932572,   0.005249136681,      7.594643369,                0,              360,    0.03493441605,     -28.32605612,      6998.998706,      4.229999739,     0.5639999652,  -0.004589283275,      7.499998613,     0.9999998151,  -0.008137027569,               -0,               -0,  5.034915849e-16,            -6999,          52492.5
           0.565,      7035.932572,   0.005249136681,      7.594643369,                0,                0,    0.03499635651,     -28.32605612,      6998.998701,      4.237499738,     0.5649999651,  -0.004597420301,      7.499998608,     0.9999998144,  -0.008137027569,               -0,               -0,  1.177753428e-16,            -6999,          52492.5
           0.566,      7035.932572,   0.005249136681,      7.594643369,              360,                0,    0.03505829695,     -28.32605612,      6998.998697,      4.244999736,     0.5659999649,  -0.004605557327,      7.499998603,     0.9999998138,  -0.008137027569,               -0,               -0, -1.538712763e-16,            -6999,          52492.5
           0.567,      7035.932572,   0.005249136681,      7.594643369,              360,                0,    0.03512023739,     -28.32605612,      6998.998692,      4.252499735,     0.5669999647,  -0.004613694353,      7.499998598,     0.9999998131,  -0.008137027569,               -0,               -0,  -2.94778824e-16,            -6999,          52492.5
           0.568,      7035.932572,   0.005249136681,      7.594643369,              360,                0,    0.03518217786,     -28.32605612,      6998.998687,      4.259999734,     0.5679999645,  -0.004621831379,      7.499998593,     0.9999998125,  -0.008137027569,               -0,               -0, -7.068315728e-16,            -6999,          52492.5
           0.569,      7035.932572,   0.005249136681,      7.594643369,              360,                0,    0.03524411833,     -28.32605612,      6998.998683,      4.267499732,     0.5689999643,  -0.004629968405,      7.499998588,     0.9999998118,  -0.008137027569,               -0,               -0, -1.555722984e-17,            -6999,          52492.5
            0.57,      7035.932572,   0.005249136681,      7.594643369,              360,                0,    0.03530605876,     -28.32605612,      6998.998678,      4.274999731,     0.5699999641,  -0.004638105431,      7.499998584,     0.9999998111,  -0.008137027569,               -0,               -0, -8.127550641e-16,            -6999,          52492.5
           0.571,      7035.932572,   0.005249136681,      7.594643369,              360,                0,    0.03536799924,     -28.32605612,      6998.998673,      4.282499729,     0.5709999639,  -0.004646242457,      7.499998579,     0.9999998105,  -0.008137027569,               -0,               -0, -4.205506406e-16,            -6999,          52492.5
           0.572,      7035.932572,   0.005249136681,      7.594643369,              360,                0,    0.03542993969,     -28.32605612,      6998.998669,      4.289999728,     0.5719999637,  -0.004654379483,      7.499998574,     0.9999998098,  -0.008137027568,               -0,               -0, -1.017185175e-15,            -6999,          52492.5
           0.573,      7035.932572,   0.005249136681,      7.594643369,              360,                0,    0.03549188012,     -28.32605612,      6998.998664,      4.297499727,     0.5729999635,  -0.004662516509,      7.499998569,     0.9999998091,  -0.008137027568,               -0,               -0, -1.228185807e-15,            -6999,          52492.5
           0.574,      7035.932572,   0.005249136681,      7.594643369,              360,                0,    0.03555382059,     -28.32605612,       6998.99866,      4.304999725,     0.5739999634,  -0.004670653535,      7.499998564,     0.9999998085,  -0.008137027568,               -0,               -0,  -9.77485817e-16,            -6999,          52492.5
           0.575,      7035.932572,   0.005249136681,      7.594643369,              360,                0,    0.03561576104,     -28.32605612,      6998.998655,      4.312499724,     0.5749999632,  -0.004678790561,      7.499998559,     0.9999998078,  -0.008137027568,               -0,               -0, -1.143254885e-15,            -6999,          52492.5
           0.576,      7035.932572,   0.005249136681,      7.594643369,              360,                0,    0.03567770148,     -28.32605612,       6998.99865,      4.319999722,      0.575999963,  -0.004686927587,      7.499998554,     0.9999998071,  -0.008137027568,               -0,               -0, -3.510201456e-16,            -6999,          52492.5
           0.577,      7035.932572,   0.005249136681,      7.594643369,              360,                0,    0.03573964195,     -28.32605612,      6998.998645,      4.327499721,     0.5769999628,  -0.004695064613,      7.499998549,     0.9999998065,  -0.008137027568,               -0,               -0, -7.790223548e-16,            -6999,          52492.5
           0.578,      7035.932572,   0.005249136681,      7.594643369,              360,                0,    0.03580158241,     -28.32605612,      6998.998641,      4.334999719,     0.5779999626,  -0.004703201639,      7.499998543,     0.9999998058,  -0.008137027568,               -0,               -0,   -1.4596853e-15,            -6999,          52492.5
           0.579,      7035.932572,   0.005249136681,      7.594643369,              360,                0,    0.03586352286,     -28.32605612,      6998.998636,      4.342499718,     0.5789999624,  -0.004711338665,      7.499998538,     0.9999998051,  -0.008137027568,               -0,               -0, -1.498152429e-15,            -6999,          52492.5
            0.58,      7035.932572,   0.005249136681,      7.594643369,              360,                0,    0.03592546331,     -28.32605612,      6998.998631,      4.349999716,     0.5799999622,  -0.004719475691,      7.499998533,     0.9999998045,  -0.008137027568,               -0,               -0, -1.296307482e-15,            -6999,          52492.5
           0.581,      7035.932572,   0.005249136681,      7.594643369,              360,                0,    0.03598740377,     -28.32605612,      6998.998627,      4.357499715,      0.580999962,  -0.004727612717,      7.499998528,     0.9999998038,  -0.008137027568,               -0,               -0, -2.144212561e-15,            -6999,          52492.5
           0.582,      7035.932572,   0.005249136681,      7.594643369,              360,                0,    0.03604934421,     -28.32605612,      6998.998622,      4.364999714,     0.5819999618,  -0.004735749743,      7.499998523,     0.9999998031,  -0.008137027568,               -0,               -0,  -1.29460371e-15,            -6999,          52492.5
           0.583,      7035.932572,   0.005249136681,      7.594643369,              360,                0,    0.03611128465,     -28.32605612,      6998.998617,      4.372499712,     0.5829999616,  -0.004743886769,      7.499998518,     0.9999998024,  -0.008137027568,               -0,               -0, -1.408668318e-15,            -6999,          52492.5
           0.584,      7035.932572,   0.005249136681,      7.594643369,              360,                0,    0.03617322512,     -28.32605612,      6998.998612,      4.379999711,     0.5839999614,  -0.004752023795,      7.499998513,     0.9999998017,  -0.008137027567,               -0,               -0, -1.111933224e-15,            -6999,          52492.5
           0.585,      7035.932572,   0.005249136681,      7.594643369,              360,                0,    0.03623516558,     -28.32605612,      6998.998608,      4.387499709,     0.5849999612,  -0.004760160821,      7.499998508,     0.9999998011,  -0.008137027567,               -0,               -0, -1.694460294e-15,            -6999,          52492.5
           0.586,      7035.932572,   0.005249136681,      7.594643369,              360,                0,    0.03629710602,     -28.32605612,      6998.998603,      4.394999708,      0.585999961,  -0.004768297847,      7.499998503,     0.9999998004,  -0.008137027567,               -0,               -0, -4.056546688e-16,            -6999,          52492.5
           0.587,      7035.932572,   0.005249136681,      7.594643369,                0,                0,     0.0363590465,     -28.32605612,      6998.998598,      4.402499706,     0.5869999608,  -0.004776434873,      7.499998498,     0.9999997997,  -0.008137027567,               -0,               -0,  8.996583335e-17,            -6999,          52492.5
           0.588,      7035.932572,   0.005249136681,      7.594643369,                0,                0,    0.03642098695,     -28.32605612,      6998.998593,      4.409999705,     0.5879999606,  -0.004784571899,      7.499998493,      0.999999799,  -0.008137027567,               -0,               -0,  2.786963652e-16,            -6999,          52492.5
           0.589,      7035.932572,   0.005249136681,      7.594643369,              360,                0,    0.03648292739,     -28.32605612,      6998.998589,      4.417499703,     0.5889999604,  -0.004792708925,      7.499998488,     0.9999997983,  -0.008137027567,               -0,               -0, -2.413462802e-16,            -6999,          52492.5
            0.59,      7035.932572,   0.005249136681,      7.594643369,                0,              360,    0.03654486787,     -28.32605612,      6998.998584,      4.424999702,     0.5899999602,  -0.004800845951,      7.499998482,     0.9999997976,  -0.008137027567,               -0,               -0,  3.955850653e-16,            -6999,          52492.5
           0.591,      7035.932572,   0.005249136681,      7.594643369,                0,              360,    0.03660680829,     -28.32605612,      6998.998579,        4.4324997,       0.59099996,  -0.004808982977,      7.499998477,      0.999999797,  -0.008137027567,               -0,               -0,  4.098205724e-16,            -6999,          52492.5
           0.592,      7035.932572,   0.005249136681,      7.594643369,                0,              360,    0.03666874875,     -28.32605612,      6998.998574,      4.439999698,     0.5919999598,  -0.004817120003,      7.499998472,     0.9999997963,  -0.008137027567,               -0,               -0,  2.876556327e-16,            -6999,          52492.5
           0.593,      7035.932572,   0.005249136681,      7.594643369,              360,              360,    0.03673068921,     -28.32605612,      6998.998569,      4.447499697,     0.5929999596,  -0.004825257029,      7.499998467,     0.9999997956,  -0.008137027567,               -0,               -0, -3.727927219e-16,            -6999,          52492.5
           0.594,      7035.932572,   0.005249136681,      7.594643369,                0,                0,    0.03679262966,     -28.32605612,      6998.998564,      4.454999695,     0.5939999594,  -0.004833394054,      7.499998462,     0.9999997949,  -0.008137027567,               -0,               -0,  2.975537645e-16,            -6999,          52492.5
           0.595,      7035.932572,   0.005249136681,      7.594643369,                0,              360,    0.03685457012,     -28.32605612,       6998.99856,      4.462499694,     0.5949999592,   -0.00484153108,      7.499998457,     0.9999997942,  -0.008137027566,               -0,               -0,  5.156946529e-16,            -6999,          52492.5
           0.596,      7035.932572,   0.005249136681,      7.594643369,                0,              360,    0.03691651056,     -28.32605612,      6998.998555,      4.469999692,      0.595999959,  -0.004849668106,      7.499998451,     0.9999997935,  -0.008137027566,               -0,               -0,   7.67925575e-16,            -6999,          52492.5
           0.597,      7035.932572,   0.005249136681,      7.594643369,              360,              360,    0.03697845102,     -28.32605612,       6998.99855,      4.477499691,     0.5969999588,  -0.004857805132,      7.499998446,     0.9999997928,  -0.008137027566,               -0,               -0, -2.358144321e-16,            -6999,          52492.5
           0.598,      7035.932572,   0.005249136681,      7.594643369,                0,              360,    0.03704039146,     -28.32605612,      6998.998545,      4.484999689,     0.5979999586,  -0.004865942158,      7.499998441,     0.9999997921,  -0.008137027566,               -0,               -0,  1.153240269e-15,            -6999,          52492.5
           0.599,      7035.932572,   0.005249136681,      7.594643369,                0,                0,    0.03710233192,     -28.32605612,       6998.99854,      4.492499688,     0.5989999584,  -0.004874079184,      7.499998436,     0.9999997914,  -0.008137027566,               -0,               -0,  1.372402338e-15,            -6999,          52492.5
             0.6,      7035.932572,   0.005249136681,      7.594643369,                0,                0,    0.03716427239,     -28.32605612,      6998.998535,      4.499999686,     0.5999999581,   -0.00488221621,       7.49999843,     0.9999997907,  -0.008137027566,               -0,               -0,  9.079676519e-16,            -6999,          52492.5
           0.601,      7035.932572,   0.005249136681,      7.594643369,                0,              360,    0.03722621283,     -28.32605612,       6998.99853,      4.507499685,     0.6009999579,  -0.004890353236,      7.499998425,       0.99999979,  -0.008137027566,               -0,               -0,   1.13441038e-15,            -6999,          52492.5
           0.602,      7035.932572,   0.005249136681,      7.594643369,                0,                0,     0.0372881533,     -28.32605612,      6998.998526,      4.514999683,     0.6019999577,  -0.004898490261,       7.49999842,     0.9999997893,  -0.008137027566,               -0,               -0,  7.616696777e-16,            -6999,          52492.5
           0.603,      7035.932572,   0.005249136681,      7.594643369,                0,              360,    0.03735009373,     -28.32605612,      6998.998521,      4.522499681,     0.6029999575,  -0.004906627287,      7.499998415,     0.9999997886,  -0.008137027566,               -0,               -0,  1.666318351e-15,            -6999,          52492.5
           0.604,      7035.932572,   0.005249136681,      7.594643369,                0,                0,     0.0374120342,     -28.32605612,      6998.998516,       4.52999968,     0.6039999573,  -0.004914764313,      7.499998409,     0.9999997879,  -0.008137027566,               -0,               -0,  2.057862685e-15,            -6999,          52492.5
           0.605,      7035.932572,   0.005249136681,      7.594643369,                0,              360,    0.03747397465,     -28.32605612,      6998.998511,      4.537499678,     0.6049999571,  -0.004922901339,      7.499998404,     0.9999997872,  -0.008137027566,               -0,               -0,  6.462420213e-16,            -6999,          52492.5
           0.606,      7035.932572,   0.005249136681,      7.594643369,                0,              360,    0.03753591512,     -28.32605612,      6998.998506,      4.544999677,     0.6059999569,  -0.004931038365,      7.499998399,     0.9999997865,  -0.008137027565,               -0,               -0,  1.470466091e-15,            -6999,          52492.5
           0.607,      7035.932572,   0.005249136681,      7.594643369,                0,              360,    0.03759785555,     -28.32605612,      6998.998501,      4.552499675,     0.6069999567,  -0.004939175391,      7.499998394,     0.9999997858,  -0.008137027565,               -0,               -0,  1.969546513e-15,            -6999,          52492.5
           0.608,      7035.932572,   0.005249136681,      7.594643369,                0,                0,    0.03765979601,     -28.32605612,      6998.998496,      4.559999673,     0.6079999564,  -0.004947312416,      7.499998388,     0.9999997851,  -0.008137027565,               -0,               -0,   1.23783776e-15,            -6999,          52492.5
           0.609,      7035.932572,   0.005249136681,      7.594643369,                0,              360,    0.03772173647,     -28.32605612,      6998.998491,      4.567499672,     0.6089999562,  -0.004955449442,      7.499998383,     0.9999997844,  -0.008137027565,               -0,               -0,  1.537992718e-15,            -6999,          52492.5
            0.61,      7035.932572,   0.005249136681,      7.594643369,                0,              360,    0.03778367692,     -28.32605612,      6998.998486,       4.57499967,      0.609999956,  -0.004963586468,      7.499998378,     0.9999997837,  -0.008137027565,               -0,               -0,  1.579951224e-15,            -6999,          52492.5
           0.611,      7035.932572,   0.005249136681,      7.594643369,                0,              360,    0.03784561739,     -28.32605612,      6998.998481,      4.582499669,     0.6109999558,  -0.004971723494,      7.499998372,      0.999999783,  -0.008137027565,               -0,               -0,  1.470591074e-15,            -6999,          52492.5
           0.612,      7035.932572,   0.005249136681,      7.594643369,                0,                0,    0.03790755782,     -28.32605612,      6998.998476,      4.589999667,     0.6119999556,   -0.00497986052,      7.499998367,     0.9999997823,  -0.008137027565,               -0,               -0,  1.189114356e-15,            -6999,          52492.5
           0.613,      7035.932572,   0.005249136681,      7.594643369,                0,              360,    0.03796949829,     -28.32605612,      6998.998471,      4.597499665,     0.6129999554,  -0.004987997546,      7.499998362,     0.9999997816,  -0.008137027565,               -0,               -0,  1.221817743e-15,            -6999,          52492.5
           0.614,      7035.932572,   0.005249136681,      7.594643369,                0,              360,    0.03803143873,     -28.32605612,      6998.998466,      4.604999664,     0.6139999551,  -0.004996134571,      7.499998356,     0.9999997809,  -0.008137027565,               -0,               -0,  1.166819552e-15,            -6999,          52492.5
           0.615,      7035.932572,   0.005249136681,      7.594643369,                0,              360,    0.03809337919,     -28.32605612,      6998.998461,      4.612499662,     0.6149999549,  -0.005004271597,      7.499998351,     0.9999997801,  -0.008137027565,               -0,               -0,  1.134328492e-15,            -6999,          52492.5
           0.616,      7035.932572,   0.005249136681,      7.594643369,                0,                0,    0.03815531966,     -28.32605612,      6998.998456,       4.61999966,     0.6159999547,  -0.005012408623,      7.499998346,     0.9999997794,  -0.008137027565,               -0,               -0,  1.100216427e-15,            -6999,          52492.5
           0.617,      7035.932572,   0.005249136681,      7.594643369,                0,                0,    0.03821726011,     -28.32605612,      6998.998451,      4.627499659,     0.6169999545,  -0.005020545649,       7.49999834,     0.9999997787,  -0.008137027564,               -0,               -0,  1.550780084e-15,            -6999,          52492.5
           0.618,      7035.932572,   0.005249136681,      7.594643369,                0,                0,    0.03827920057,     -28.32605612,      6998.998446,      4.634999657,     0.6179999543,  -0.005028682674,      7.499998335,      0.999999778,  -0.008137027564,               -0,               -0,  2.084138027e-15,            -6999,          52492.5
           0.619,      7035.932572,   0.005249136681,      7.594643369,                0,              360,    0.03834114101,     -28.32605612,      6998.998441,      4.642499655,      0.618999954,    -0.0050368197,       7.49999833,     0.9999997773,  -0.008137027564,               -0,               -0,  2.813829885e-15,            -6999,          52492.5
            0.62,      7035.932572,   0.005249136681,      7.594643369,                0,              360,    0.03840308146,     -28.32605612,      6998.998436,      4.649999654,     0.6199999538,  -0.005044956726,      7.499998324,     0.9999997765,  -0.008137027564,               -0,               -0,  2.824218683e-15,            -6999,          52492.5
           0.621,      7035.932572,   0.005249136681,      7.594643369,                0,                0,    0.03846502191,     -28.32605612,      6998.998431,      4.657499652,     0.6209999536,  -0.005053093752,      7.499998319,     0.9999997758,  -0.008137027564,               -0,               -0,  3.489780013e-15,            -6999,          52492.5
           0.622,      7035.932572,   0.005249136681,      7.594643369,                0,              360,    0.03852696239,     -28.32605612,      6998.998426,       4.66499965,     0.6219999534,  -0.005061230777,      7.499998313,     0.9999997751,  -0.008137027564,               -0,               -0,  2.632275855e-15,            -6999,          52492.5
           0.623,      7035.932572,   0.005249136681,      7.594643369,                0,                0,    0.03858890283,     -28.32605612,      6998.998421,      4.672499649,     0.6229999531,  -0.005069367803,      7.499998308,     0.9999997744,  -0.008137027564,               -0,               -0,  3.033111817e-15,            -6999,          52492.5
           0.624,      7035.932572,   0.005249136681,      7.594643369,                0,                0,    0.03865084329,     -28.32605612,      6998.998416,      4.679999647,     0.6239999529,  -0.005077504829,      7.499998302,     0.9999997737,  -0.008137027564,               -0,               -0,  2.885142087e-15,            -6999,          52492.5
           0.625,      7035.932572,   0.005249136681,      7.594643369,                0,              360,    0.03871278374,     -28.32605612,      6998.998411,      4.687499645,     0.6249999527,  -0.005085641855,      7.499998297,     0.9999997729,  -0.008137027564,               -0,               -0,  2.674664091e-15,            -6999,          52492.5
           0.626,      7035.932572,   0.005249136681,      7.594643369,                0,              360,     0.0387747242,     -28.32605612,      6998.998406,      4.694999643,     0.6259999525,   -0.00509377888,      7.499998292,     0.9999997722,  -0.008137027564,               -0,               -0,  1.999796899e-15,            -6999,          52492.5
           0.627,      7035.932572,   0.005249136681,      7.594643369,                0,              360,    0.03883666464,     -28.32605612,      6998.998401,      4.702499642,     0.6269999522,  -0.005101915906,      7.499998286,     0.9999997715,  -0.008137027564,               -0,               -0,  1.868920199e-15,            -6999,          52492.5
           0.628,      7035.932572,   0.005249136681,      7.594643369,                0,                0,     0.0388986051,     -28.32605612,      6998.998395,       4.70999964,      0.627999952,  -0.005110052932,      7.499998281,     0.9999997707,  -0.008137027563,               -0,               -0,  2.247914806e-15,            -6999,          52492.5
           0.629,      7035.932572,   0.005249136681,      7.594643369,                0,              360,    0.03896054556,     -28.32605612,       6998.99839,      4.717499638,     0.6289999518,  -0.005118189957,      7.499998275,       0.99999977,  -0.008137027563,               -0,               -0,  1.846721359e-15,            -6999,          52492.5
            0.63,      7035.932572,   0.005249136681,      7.594643369,                0,              360,      0.039022486,     -28.32605612,      6998.998385,      4.724999637,     0.6299999515,  -0.005126326983,       7.49999827,     0.9999997693,  -0.008137027563,               -0,               -0,   2.03981602e-15,            -6999,          52492.5
           0.631,      7035.932572,   0.005249136681,      7.594643369,                0,              360,    0.03908442645,     -28.32605612,       6998.99838,      4.732499635,     0.6309999513,  -0.005134464009,      7.499998264,     0.9999997685,  -0.008137027563,               -0,               -0,  2.062552764e-15,            -6999,          52492.5
           0.632,      7035.932572,   0.005249136681,      7.594643369,                0,              360,     0.0391463669,     -28.32605612,      6998.998375,      4.739999633,     0.6319999511,  -0.005142601034,      7.499998259,     0.9999997678,  -0.008137027563,               -0,               -0,  9.893033717e-16,            -6999,          52492.5
           0.633,      7035.932572,   0.005249136681,      7.594643369,                0,              360,    0.03920830737,     -28.32605612,       6998.99837,      4.747499631,     0.6329999509,   -0.00515073806,      7.499998253,     0.9999997671,  -0.008137027563,               -0,               -0,  1.082722412e-15,            -6999,          52492.5
           0.634,      7035.932572,   0.005249136681,      7.594643369,                0,              360,    0.03927024783,     -28.32605612,      6998.998365,       4.75499963,     0.6339999506,  -0.005158875086,      7.499998248,     0.9999997663,  -0.008137027563,               -0,               -0,  1.052751253e-15,            -6999,          52492.5
           0.635,      7035.932572,   0.005249136681,      7.594643369,                0,              360,    0.03933218828,     -28.32605612,      6998.998359,      4.762499628,     0.6349999504,  -0.005167012111,      7.499998242,     0.9999997656,  -0.008137027563,               -0,               -0,  1.026253007e-15,            -6999,          52492.5
           0.636,      7035.932572,   0.005249136681,      7.594643369,                0,              360,    0.03939412873,     -28.32605612,      6998.998354,      4.769999626,     0.6359999502,  -0.005175149137,      7.499998237,     0.9999997649,  -0.008137027563,               -0,               -0,  9.624474611e-16,            -6999,          52492.5
           0.637,      7035.932572,   0.005249136681,      7.594643369,                0,              360,    0.03945606917,     -28.32605612,      6998.998349,      4.777499624,     0.6369999499,  -0.005183286163,      7.499998231,     0.9999997641,  -0.008137027563,               -0,               -0,    1.3476326e-15,            -6999,          52492.5
           0.638,      7035.932572,   0.005249136681,      7.594643369,                0,              360,    0.03951800964,     -28.32605612,      6998.998344,      4.784999623,     0.6379999497,  -0.005191423188,      7.499998225,     0.9999997634,  -0.008137027563,               -0,               -0,  1.779928472e-15,            -6999,          52492.5
           0.639,      7035.932572,   0.005249136681,      7.594643369,                0,              360,    0.03957995008,     -28.32605612,      6998.998339,      4.792499621,     0.6389999494,  -0.005199560214,       7.49999822,     0.9999997626,  -0.008137027562,               -0,               -0,  1.501350901e-15,            -6999,          52492.5
            0.64,      7035.932572,   0.005249136681,      7.594643369,                0,              360,    0.03964189053,     -28.32605612,      6998.998334,      4.799999619,     0.6399999492,   -0.00520769724,      7.499998214,     0.9999997619,  -0.008137027562,               -0,               -0,  1.355967478e-15,            -6999,          52492.5
           0.641,      7035.932572,   0.005249136681,      7.594643369,                0,              360,      0.039703831,     -28.32605612,      6998.998328,      4.807499617,      0.640999949,  -0.005215834265,      7.499998209,     0.9999997612,  -0.008137027562,               -0,               -0,  9.418982337e-16,            -6999,          52492.5
           0.642,      7035.932572,   0.005249136681,      7.594643369,                0,              360,    0.03976577144,     -28.32605612,      6998.998323,      4.814999615,     0.6419999487,  -0.005223971291,      7.499998203,     0.9999997604,  -0.008137027562,               -0,               -0,  7.454416861e-16,            -6999,          52492.5
           0.643,      7035.932572,   0.005249136681,      7.594643369,                0,              360,    0.03982771192,     -28.32605612,      6998.998318,      4.822499614,     0.6429999485,  -0.005232108316,      7.499998197,     0.9999997597,  -0.008137027562,               -0,               -0,  1.788301215e-15,            -6999,          52492.5
           0.644,      7035.932572,   0.005249136681,      7.594643369,                0,              360,    0.03988965234,     -28.32605612,      6998.998313,      4.829999612,     0.6439999482,  -0.005240245342,      7.499998192,     0.9999997589,  -0.008137027562,               -0,               -0,  1.358500745e-15,            -6999,          52492.5
           0.645,      7035.932572,   0.005249136681,      7.594643369,                0,              360,     0.0399515928,     -28.32605612,      6998.998307,       4.83749961,      0.644999948,  -0.005248382368,      7.499998186,     0.9999997582,  -0.008137027562,               -0,               -0,  1.718695615e-15,            -6999,          52492.5
           0.646,      7035.932572,   0.005249136681,      7.594643369,                0,              360,    0.04001353328,     -28.32605612,      6998.998302,      4.844999608,     0.6459999478,  -0.005256519393,      7.499998181,     0.9999997574,  -0.008137027562,               -0,               -0,  1.578827764e-15,            -6999,          52492.5
           0.647,      7035.932572,   0.005249136681,      7.594643369,                0,              360,     0.0400754737,     -28.32605612,      6998.998297,      4.852499606,     0.6469999475,  -0.005264656419,      7.499998175,     0.9999997567,  -0.008137027562,               -0,               -0,  2.852110133e-15,            -6999,          52492.5
           0.648,      7035.932572,   0.005249136681,      7.594643369,                0,              360,    0.04013741418,     -28.32605612,      6998.998292,      4.859999605,     0.6479999473,  -0.005272793444,      7.499998169,     0.9999997559,  -0.008137027562,               -0,               -0,  1.935057608e-15,            -6999,          52492.5
           0.649,      7035.932572,   0.005249136681,      7.594643369,                0,              360,    0.04019935462,     -28.32605612,      6998.998286,      4.867499603,      0.648999947,   -0.00528093047,      7.499998164,     0.9999997552,  -0.008137027561,               -0,               -0,  1.978504425e-15,            -6999,          52492.5
            0.65,      7035.932572,   0.005249136681,      7.594643369,                0,              360,    0.04026129509,     -28.32605612,      6998.998281,      4.874999601,     0.6499999468,  -0.005289067496,      7.499998158,     0.9999997544,  -0.008137027561,               -0,               -0,  2.580570988e-15,            -6999,          52492.5
           0.651,      7035.932572,   0.005249136681,      7.594643369,                0,              360,    0.04032323554,     -28.32605612,      6998.998276,      4.882499599,     0.6509999465,  -0.005297204521,      7.499998152,     0.9999997536,  -0.008137027561,               -0,               -0,  2.993265909e-15,            -6999,          52492.5
           0.652,      7035.932572,   0.005249136681,      7.594643369,                0,              360,    0.04038517599,     -28.32605612,       6998.99827,      4.889999597,     0.6519999463,  -0.005305341547,      7.499998147,     0.9999997529,  -0.008137027561,               -0,               -0,   3.16248735e-15,            -6999,          52492.5
           0.653,      7035.932572,   0.005249136681,      7.594643369,                0,              360,    0.04044711644,     -28.32605612,      6998.998265,      4.897499595,      0.652999946,  -0.005313478572,      7.499998141,     0.9999997521,  -0.008137027561,               -0,               -0,  3.574534548e-15,            -6999,          52492.5
           0.654,      7035.932572,   0.005249136681,      7.594643369,                0,              360,    0.04050905689,     -28.32605612,       6998.99826,      4.904999593,     0.6539999458,  -0.005321615598,      7.499998135,     0.9999997514,  -0.008137027561,               -0,               -0,  2.939349971e-15,            -6999,          52492.5
           0.655,      7035.932572,   0.005249136681,      7.594643369,                0,              360,    0.04057099735,     -28.32605612,      6998.998255,      4.912499592,     0.6549999455,  -0.005329752623,       7.49999813,     0.9999997506,  -0.008137027561,               -0,               -0,  2.631411187e-15,            -6999,          52492.5
           0.656,      7035.932572,   0.005249136681,      7.594643369,                0,              360,    0.04063293781,     -28.32605612,      6998.998249,       4.91999959,     0.6559999453,  -0.005337889649,      7.499998124,     0.9999997498,  -0.008137027561,               -0,               -0,  2.795069121e-15,            -6999,          52492.5
           0.657,      7035.932572,   0.005249136681,      7.594643369,                0,              360,    0.04069487826,     -28.32605612,      6998.998244,      4.927499588,      0.656999945,  -0.005346026674,      7.499998118,     0.9999997491,  -0.008137027561,               -0,               -0,  2.483880286e-15,            -6999,          52492.5
           0.658,      7035.932572,   0.005249136681,      7.594643369,                0,              360,     0.0407568187,     -28.32605612,      6998.998238,      4.934999586,     0.6579999448,    -0.0053541637,      7.499998112,     0.9999997483,  -0.008137027561,               -0,               -0,  1.295965834e-15,            -6999,          52492.5
           0.659,      7035.932572,   0.005249136681,      7.594643369,                0,              360,    0.04081875915,     -28.32605612,      6998.998233,      4.942499584,     0.6589999445,  -0.005362300725,      7.499998107,     0.9999997476,   -0.00813702756,               -0,               -0,  6.058038222e-16,            -6999,          52492.5
            0.66,      7035.932572,   0.005249136681,      7.594643369,                0,              360,    0.04088069961,     -28.32605612,      6998.998228,      4.949999582,     0.6599999443,  -0.005370437751,      7.499998101,     0.9999997468,   -0.00813702756,               -0,               -0,  1.449254082e-15,            -6999,          52492.5
           0.661,      7035.932572,   0.005249136681,      7.594643369,                0,              360,    0.04094264007,     -28.32605612,      6998.998222,       4.95749958,      0.660999944,  -0.005378574776,      7.499998095,      0.999999746,   -0.00813702756,               -0,               -0,  1.988364529e-15,            -6999,          52492.5
           0.662,      7035.932572,   0.005249136681,      7.594643369,                0,              360,    0.04100458053,     -28.32605612,      6998.998217,      4.964999578,     0.6619999438,  -0.005386711802,      7.499998089,     0.9999997452,   -0.00813702756,               -0,               -0,  1.821256805e-15,            -6999,          52492.5
           0.663,      7035.932572,   0.005249136681,      7.594643369,                0,              360,    0.04106652098,     -28.32605612,      6998.998212,      4.972499576,     0.6629999435,  -0.005394848827,      7.499998084,     0.9999997445,   -0.00813702756,               -0,               -0,  5.460521737e-16,            -6999,          52492.5
           0.664,      7035.932572,   0.005249136681,      7.594643369,                0,              360,    0.04112846144,     -28.32605612,      6998.998206,      4.979999575,     0.6639999433,  -0.005402985853,      7.499998078,     0.9999997437,   -0.00813702756,               -0,               -0,  9.782984649e-16,            -6999,          52492.5
           0.665,      7035.932572,   0.005249136681,      7.594643369,                0,              360,     0.0411904019,     -28.32605612,      6998.998201,      4.987499573,      0.664999943,  -0.005411122878,      7.499998072,     0.9999997429,   -0.00813702756,               -0,               -0,  1.276712967e-15,            -6999,          52492.5
           0.666,      7035.932572,   0.005249136681,      7.594643369,                0,              360,    0.04125234233,     -28.32605612,      6998.998195,      4.994999571,     0.6659999428,  -0.005419259904,      7.499998066,     0.9999997422,   -0.00813702756,               -0,               -0,  1.039417596e-15,            -6999,          52492.5
           0.667,      7035.932572,   0.005249136681,      7.594643369,              360,              360,    0.04131428278,     -28.32605612,       6998.99819,      5.002499569,     0.6669999425,  -0.005427396929,       7.49999806,     0.9999997414,   -0.00813702756,               -0,               -0, -1.354661212e-16,            -6999,          52492.5
           0.668,      7035.932572,   0.005249136681,      7.594643369,                0,              360,    0.04137622325,     -28.32605612,      6998.998185,      5.009999567,     0.6679999422,  -0.005435533955,      7.499998055,     0.9999997406,   -0.00813702756,               -0,               -0,  5.709405844e-16,            -6999,          52492.5
           0.669,      7035.932572,   0.005249136681,      7.594643369,                0,              360,    0.04143816369,     -28.32605612,      6998.998179,      5.017499565,      0.668999942,   -0.00544367098,      7.499998049,     0.9999997398,   -0.00813702756,               -0,               -0,  1.314024831e-15,            -6999,          52492.5
            0.67,      7035.932572,   0.005249136681,      7.594643369,                0,              360,    0.04150010417,     -28.32605612,      6998.998174,      5.024999563,     0.6699999417,  -0.005451808006,      7.499998043,     0.9999997391,  -0.008137027559,               -0,               -0,  8.037301579e-16,            -6999,          52492.5
           0.671,      7035.932572,   0.005249136681,      7.594643369,                0,              360,    0.04156204462,     -28.32605612,      6998.998168,      5.032499561,     0.6709999415,  -0.005459945031,      7.499998037,     0.9999997383,  -0.008137027559,               -0,               -0,  2.190892039e-15,            -6999,          52492.5
           0.672,      7035.932572,   0.005249136681,      7.594643369,                0,              360,    0.04162398508,     -28.32605612,      6998.998163,      5.039999559,     0.6719999412,  -0.005468082056,      7.499998031,     0.9999997375,  -0.008137027559,               -0,               -0,  2.080471477e-15,            -6999,          52492.5
           0.673,      7035.932572,   0.005249136681,      7.594643369,                0,              360,    0.04168592551,     -28.32605612,      6998.998157,      5.047499557,     0.6729999409,  -0.005476219082,      7.499998025,     0.9999997367,  -0.008137027559,               -0,               -0,  2.177238641e-15,            -6999,          52492.5
           0.674,      7035.932572,   0.005249136681,      7.594643369,                0,              360,    0.04174786595,     -28.32605612,      6998.998152,      5.054999555,     0.6739999407,  -0.005484356107,      7.499998019,     0.9999997359,  -0.008137027559,               -0,               -0,  2.079315762e-15,            -6999,          52492.5
           0.675,      7035.932572,   0.005249136681,      7.594643369,                0,              360,    0.04180980643,     -28.32605612,      6998.998146,      5.062499553,     0.6749999404,  -0.005492493133,      7.499998014,     0.9999997351,  -0.008137027559,               -0,               -0,  2.273003559e-15,            -6999,          52492.5
           0.676,      7035.932572,   0.005249136681,      7.594643369,                0,              360,    0.04187174687,     -28.32605612,      6998.998141,      5.069999551,     0.6759999401,  -0.005500630158,      7.499998008,     0.9999997344,  -0.008137027559,               -0,               -0,  2.031129004e-15,            -6999,          52492.5
           0.677,      7035.932572,   0.005249136681,      7.594643369,                0,              360,    0.04193368734,     -28.32605612,      6998.998135,      5.077499549,     0.6769999399,  -0.005508767183,      7.499998002,     0.9999997336,  -0.008137027559,               -0,               -0,  2.166953449e-15,            -6999,          52492.5
           0.678,      7035.932572,   0.005249136681,      7.594643369,                0,              360,     0.0419956278,     -28.32605612,       6998.99813,      5.084999547,     0.6779999396,  -0.005516904209,      7.499997996,     0.9999997328,  -0.008137027559,               -0,               -0,  1.390420977e-15,            -6999,          52492.5
           0.679,      7035.932572,   0.005249136681,      7.594643369,                0,              360,    0.04205756824,     -28.32605612,      6998.998124,      5.092499545,     0.6789999393,  -0.005525041234,       7.49999799,      0.999999732,  -0.008137027559,               -0,               -0,  1.964189421e-15,            -6999,          52492.5
            0.68,      7035.932572,   0.005249136681,      7.594643369,                0,              360,    0.04211950869,     -28.32605612,      6998.998119,      5.099999543,     0.6799999391,   -0.00553317826,      7.499997984,     0.9999997312,  -0.008137027558,               -0,               -0,  2.276238277e-15,            -6999,          52492.5
           0.681,      7035.932572,   0.005249136681,      7.594643369,                0,              360,    0.04218144915,     -28.32605612,      6998.998113,      5.107499541,     0.6809999388,  -0.005541315285,      7.499997978,     0.9999997304,  -0.008137027558,               -0,               -0,  2.248320318e-15,            -6999,          52492.5
           0.682,      7035.932572,   0.005249136681,      7.594643369,                0,              360,     0.0422433896,     -28.32605612,      6998.998108,      5.114999539,     0.6819999385,   -0.00554945231,      7.499997972,     0.9999997296,  -0.008137027558,               -0,               -0,  2.366736745e-15,            -6999,          52492.5
           0.683,      7035.932572,   0.005249136681,      7.594643369,                0,              360,    0.04230533006,     -28.32605612,      6998.998102,      5.122499537,     0.6829999383,  -0.005557589336,      7.499997966,     0.9999997288,  -0.008137027558,               -0,               -0,   2.22961017e-15,            -6999,          52492.5
           0.684,      7035.932572,   0.005249136681,      7.594643369,                0,              360,    0.04236727051,     -28.32605612,      6998.998097,      5.129999535,      0.683999938,  -0.005565726361,       7.49999796,      0.999999728,  -0.008137027558,               -0,               -0,  2.892786289e-15,            -6999,          52492.5
           0.685,      7035.932572,   0.005249136681,      7.594643369,                0,              360,    0.04242921097,     -28.32605612,      6998.998091,      5.137499533,     0.6849999377,  -0.005573863386,      7.499997954,     0.9999997272,  -0.008137027558,               -0,               -0,  3.386509067e-15,            -6999,          52492.5
           0.686,      7035.932572,   0.005249136681,      7.594643369,                0,              360,    0.04249115141,     -28.32605612,      6998.998085,      5.144999531,     0.6859999374,  -0.005582000412,      7.499997948,     0.9999997264,  -0.008137027558,               -0,               -0,   3.30890156e-15,            -6999,          52492.5
           0.687,      7035.932572,   0.005249136681,      7.594643369,                0,              360,    0.04255309188,     -28.32605612,       6998.99808,      5.152499529,     0.6869999372,  -0.005590137437,      7.499997942,     0.9999997256,  -0.008137027558,               -0,               -0,  3.146265317e-15,            -6999,          52492.5
           0.688,      7035.932572,   0.005249136681,      7.594643369,                0,              360,    0.04261503233,     -28.32605612,      6998.998074,      5.159999527,     0.6879999369,  -0.005598274462,      7.499997936,     0.9999997248,  -0.008137027558,               -0,               -0,  3.069598319e-15,            -6999,          52492.5
           0.689,      7035.932572,   0.005249136681,      7.594643369,                0,              360,    0.04267697278,     -28.32605612,      6998.998069,      5.167499525,     0.6889999366,  -0.005606411488,       7.49999793,      0.999999724,  -0.008137027557,               -0,               -0,  3.882170979e-15,            -6999,          52492.5
            0.69,      7035.932572,   0.005249136681,      7.594643369,                0,              360,    0.04273891324,     -28.32605612,      6998.998063,      5.174999523,     0.6899999363,  -0.005614548513,      7.499997924,     0.9999997232,  -0.008137027557,               -0,               -0,  3.405750039e-15,            -6999,          52492.5
           0.691,      7035.932572,   0.005249136681,      7.594643369,                0,              360,    0.04280085369,     -28.32605612,      6998.998057,      5.182499521,     0.6909999361,  -0.005622685538,      7.499997918,     0.9999997224,  -0.008137027557,               -0,               -0,  3.902993675e-15,            -6999,          52492.5
           0.692,      7035.932572,   0.005249136681,      7.594643369,                0,              360,    0.04286279413,     -28.32605612,      6998.998052,      5.189999518,     0.6919999358,  -0.005630822564,      7.499997912,     0.9999997216,  -0.008137027557,               -0,               -0,  3.771874465e-15,            -6999,          52492.5
           0.693,      7035.932572,   0.005249136681,      7.594643369,                0,              360,    0.04292473461,     -28.32605612,      6998.998046,      5.197499516,     0.6929999355,  -0.005638959589,      7.499997906,     0.9999997208,  -0.008137027557,               -0,               -0,  3.812332435e-15,            -6999,          52492.5
           0.694,      7035.932572,   0.005249136681,      7.594643369,                0,              360,    0.04298667507,     -28.32605612,       6998.99804,      5.204999514,     0.6939999352,  -0.005647096614,        7.4999979,       0.99999972,  -0.008137027557,               -0,               -0,  4.510669374e-15,            -6999,          52492.5
           0.695,      7035.932572,   0.005249136681,      7.594643369,                0,              360,    0.04304861551,     -28.32605612,      6998.998035,      5.212499512,      0.694999935,  -0.005655233639,      7.499997894,     0.9999997192,  -0.008137027557,               -0,               -0,   4.57683055e-15,            -6999,          52492.5
           0.696,      7035.932572,   0.005249136681,      7.594643369,                0,              360,    0.04311055597,     -28.32605612,      6998.998029,       5.21999951,     0.6959999347,  -0.005663370665,      7.499997888,     0.9999997184,  -0.008137027557,               -0,               -0,  5.076654506e-15,            -6999,          52492.5
           0.697,      7035.932572,   0.005249136681,      7.594643369,                0,              360,    0.04317249641,     -28.32605612,      6998.998023,      5.227499508,     0.6969999344,   -0.00567150769,      7.499997882,     0.9999997176,  -0.008137027557,               -0,               -0,  5.918572459e-15,            -6999,          52492.5
           0.698,      7035.932572,   0.005249136681,      7.594643369,                0,              360,    0.04323443687,     -28.32605612,      6998.998018,      5.234999506,     0.6979999341,  -0.005679644715,      7.499997876,     0.9999997168,  -0.008137027557,               -0,               -0,   5.81252989e-15,            -6999,          52492.5
           0.699,      7035.932572,   0.005249136681,      7.594643369,                0,              360,    0.04329637731,     -28.32605612,      6998.998012,      5.242499504,     0.6989999338,   -0.00568778174,       7.49999787,      0.999999716,  -0.008137027556,               -0,               -0,  5.244828938e-15,            -6999,          52492.5
             0.7,      7035.932572,   0.005249136681,      7.594643369,                0,              360,    0.04335831778,     -28.32605612,      6998.998006,      5.249999502,     0.6999999335,  -0.005695918766,      7.499997864,     0.9999997152,  -0.008137027556,               -0,               -0,   4.39646093e-15,            -6999,          52492.5
           0.701,      7035.932572,   0.005249136681,      7.594643369,                0,              360,    0.04342025823,     -28.32605612,      6998.998001,      5.257499499,     0.7009999333,  -0.005704055791,      7.499997858,     0.9999997143,  -0.008137027556,               -0,               -0,  4.948883285e-15,            -6999,          52492.5
           0.702,      7035.932572,   0.005249136681,      7.594643369,                0,              360,    0.04348219868,     -28.32605612,      6998.997995,      5.264999497,      0.701999933,  -0.005712192816,      7.499997852,     0.9999997135,  -0.008137027556,               -0,               -0,  3.835684928e-15,            -6999,          52492.5
           0.703,      7035.932572,   0.005249136681,      7.594643369,                0,              360,    0.04354413914,     -28.32605612,      6998.997989,      5.272499495,     0.7029999327,  -0.005720329841,      7.499997845,     0.9999997127,  -0.008137027556,               -0,               -0,  4.207703538e-15,            -6999,          52492.5
           0.704,      7035.932572,   0.005249136681,      7.594643369,                0,              360,    0.04360607959,     -28.32605612,      6998.997984,      5.279999493,     0.7039999324,  -0.005728466867,      7.499997839,     0.9999997119,  -0.008137027556,               -0,               -0,  4.472904557e-15,            -6999,          52492.5
           0.705,      7035.932572,   0.005249136681,      7.594643369,                0,              360,    0.04366802003,     -28.32605612,      6998.997978,      5.287499491,     0.7049999321,  -0.005736603892,      7.499997833,     0.9999997111,  -0.008137027556,               -0,               -0,  4.533058178e-15,            -6999,          52492.5
           0.706,      7035.932572,   0.005249136681,      7.594643369,                0,              360,    0.04372996051,     -28.32605612,      6998.997972,      5.294999489,     0.7059999318,  -0.005744740917,      7.499997827,     0.9999997103,  -0.008137027556,               -0,               -0,  4.874467291e-15,            -6999,          52492.5
           0.707,      7035.932572,   0.005249136681,      7.594643369,                0,              360,    0.04379190096,     -28.32605612,      6998.997966,      5.302499486,     0.7069999315,  -0.005752877942,      7.499997821,     0.9999997094,  -0.008137027556,               -0,               -0,  5.095256435e-15,            -6999,          52492.5
           0.708,      7035.932572,   0.005249136681,      7.594643369,                0,              360,    0.04385384138,     -28.32605612,      6998.997961,      5.309999484,     0.7079999312,  -0.005761014967,      7.499997815,     0.9999997086,  -0.008137027556,               -0,               -0,  5.383078592e-15,            -6999,          52492.5
           0.709,      7035.932572,   0.005249136681,      7.594643369,                0,              360,    0.04391578187,     -28.32605612,      6998.997955,      5.317499482,     0.7089999309,  -0.005769151993,      7.499997808,     0.9999997078,  -0.008137027555,               -0,               -0,   5.63637383e-15,            -6999,          52492.5
            0.71,      7035.932572,   0.005249136681,      7.594643369,                0,              360,     0.0439777223,     -28.32605612,      6998.997949,       5.32499948,     0.7099999306,  -0.005777289018,      7.499997802,      0.999999707,  -0.008137027555,               -0,               -0,  6.341445067e-15,            -6999,          52492.5
           0.711,      7035.932572,   0.005249136681,      7.594643369,                0,              360,    0.04403966276,     -28.32605612,      6998.997943,      5.332499478,     0.7109999304,  -0.005785426043,      7.499997796,     0.9999997061,  -0.008137027555,               -0,               -0,  5.320060289e-15,            -6999,          52492.5
           0.712,      7035.932572,   0.005249136681,      7.594643369,                0,              360,    0.04410160323,     -28.32605612,      6998.997937,      5.339999475,     0.7119999301,  -0.005793563068,       7.49999779,     0.9999997053,  -0.008137027555,               -0,               -0,  5.723058336e-15,            -6999,          52492.5
           0.713,      7035.932572,   0.005249136681,      7.594643369,                0,              360,    0.04416354368,     -28.32605612,      6998.997932,      5.347499473,     0.7129999298,  -0.005801700093,      7.499997784,     0.9999997045,  -0.008137027555,               -0,               -0,  5.965898523e-15,            -6999,          52492.5
           0.714,      7035.932572,   0.005249136681,      7.594643369,                0,              360,    0.04422548412,     -28.32605612,      6998.997926,      5.354999471,     0.7139999295,  -0.005809837118,      7.499997777,     0.9999997037,  -0.008137027555,               -0,               -0,  5.942858206e-15,            -6999,          52492.5
           0.715,      7035.932572,   0.005249136681,      7.594643369,                0,              360,    0.04428742458,     -28.32605612,       6998.99792,      5.362499469,     0.7149999292,  -0.005817974143,      7.499997771,     0.9999997028,  -0.008137027555,               -0,               -0,  5.252062501e-15,            -6999,          52492.5
           0.716,      7035.932572,   0.005249136681,      7.594643369,                0,              360,    0.04434936504,     -28.32605612,      6998.997914,      5.369999467,     0.7159999289,  -0.005826111169,      7.499997765,      0.999999702,  -0.008137027555,               -0,               -0,  5.267993174e-15,            -6999,          52492.5
           0.717,      7035.932572,   0.005249136681,      7.594643369,                0,              360,    0.04441130549,     -28.32605612,      6998.997908,      5.377499464,     0.7169999286,  -0.005834248194,      7.499997759,     0.9999997012,  -0.008137027555,               -0,               -0,  5.297619439e-15,            -6999,          52492.5
           0.718,      7035.932572,   0.005249136681,      7.594643369,                0,              360,    0.04447324594,     -28.32605612,      6998.997903,      5.384999462,     0.7179999283,  -0.005842385219,      7.499997752,     0.9999997003,  -0.008137027554,               -0,               -0,  5.231888012e-15,            -6999,          52492.5
           0.719,      7035.932572,   0.005249136681,      7.594643369,                0,              360,    0.04453518639,     -28.32605612,      6998.997897,       5.39249946,      0.718999928,  -0.005850522244,      7.499997746,     0.9999996995,  -0.008137027554,               -0,               -0,  4.668924301e-15,            -6999,          52492.5
            0.72,      7035.932572,   0.005249136681,      7.594643369,                0,              360,    0.04459712684,     -28.32605612,      6998.997891,      5.399999458,     0.7199999277,  -0.005858659269,       7.49999774,     0.9999996987,  -0.008137027554,               -0,               -0,  4.095032207e-15,            -6999,          52492.5
           0.721,      7035.932572,   0.005249136681,      7.594643369,                0,              360,     0.0446590673,     -28.32605612,      6998.997885,      5.407499455,     0.7209999274,  -0.005866796294,      7.499997734,     0.9999996978,  -0.008137027554,               -0,               -0,  4.596868474e-15,            -6999,          52492.5
           0.722,      7035.932572,   0.005249136681,      7.594643369,                0,              360,    0.04472100775,     -28.32605612,      6998.997879,      5.414999453,     0.7219999271,  -0.005874933319,      7.499997727,      0.999999697,  -0.008137027554,               -0,               -0,  4.285692605e-15,            -6999,          52492.5
           0.723,      7035.932572,   0.005249136681,      7.594643369,                0,              360,     0.0447829482,     -28.32605612,      6998.997873,      5.422499451,     0.7229999268,  -0.005883070344,      7.499997721,     0.9999996961,  -0.008137027554,               -0,               -0,  5.424165556e-15,            -6999,          52492.5
           0.724,      7035.932572,   0.005249136681,      7.594643369,                0,              360,    0.04484488866,     -28.32605612,      6998.997867,      5.429999448,     0.7239999265,  -0.005891207369,      7.499997715,     0.9999996953,  -0.008137027554,               -0,               -0,  5.834056262e-15,            -6999,          52492.5
           0.725,      7035.932572,   0.005249136681,      7.594643369,                0,              360,    0.04490682912,     -28.32605612,      6998.997861,      5.437499446,     0.7249999262,  -0.005899344395,      7.499997708,     0.9999996945,  -0.008137027554,               -0,               -0,  4.828995858e-15,            -6999,          52492.5
           0.726,      7035.932572,   0.005249136681,      7.594643369,                0,              360,    0.04496876957,     -28.32605612,      6998.997856,      5.444999444,     0.7259999259,   -0.00590748142,      7.499997702,     0.9999996936,  -0.008137027554,               -0,               -0,  4.957805297e-15,            -6999,          52492.5
           0.727,      7035.932572,   0.005249136681,      7.594643369,                0,              360,    0.04503071004,     -28.32605612,       6998.99785,      5.452499442,     0.7269999255,  -0.005915618445,      7.499997696,     0.9999996928,  -0.008137027553,               -0,               -0,  4.930432426e-15,            -6999,          52492.5
           0.728,      7035.932572,   0.005249136681,      7.594643369,                0,              360,    0.04509265048,     -28.32605612,      6998.997844,      5.459999439,     0.7279999252,   -0.00592375547,      7.499997689,     0.9999996919,  -0.008137027553,               -0,               -0,   5.23318146e-15,            -6999,          52492.5
           0.729,      7035.932572,   0.005249136681,      7.594643369,                0,              360,    0.04515459093,     -28.32605612,      6998.997838,      5.467499437,     0.7289999249,  -0.005931892495,      7.499997683,     0.9999996911,  -0.008137027553,               -0,               -0,  5.183014496e-15,            -6999,          52492.5
            0.73,      7035.932572,   0.005249136681,      7.594643369,                0,              360,    0.04521653139,     -28.32605612,      6998.997832,      5.474999435,     0.7299999246,   -0.00594002952,      7.499997677,     0.9999996902,  -0.008137027553,               -0,               -0,  4.660887128e-15,            -6999,          52492.5
           0.731,      7035.932572,   0.005249136681,      7.594643369,                0,              360,    0.04527847184,     -28.32605612,      6998.997826,      5.482499432,     0.7309999243,  -0.005948166545,       7.49999767,     0.9999996894,  -0.008137027553,               -0,               -0,  5.041282208e-15,            -6999,          52492.5
           0.732,      7035.932572,   0.005249136681,      7.594643369,                0,              360,     0.0453404123,     -28.32605612,       6998.99782,       5.48999943,      0.731999924,   -0.00595630357,      7.499997664,     0.9999996885,  -0.008137027553,               -0,               -0,  5.034147957e-15,            -6999,          52492.5
           0.733,      7035.932572,   0.005249136681,      7.594643369,                0,              360,    0.04540235275,     -28.32605612,      6998.997814,      5.497499428,     0.7329999237,  -0.005964440595,      7.499997658,     0.9999996877,  -0.008137027553,               -0,               -0,  4.847955579e-15,            -6999,          52492.5
           0.734,      7035.932572,   0.005249136681,      7.594643369,                0,              360,    0.04546429321,     -28.32605612,      6998.997808,      5.504999425,     0.7339999234,   -0.00597257762,      7.499997651,     0.9999996868,  -0.008137027553,               -0,               -0,  5.248508716e-15,            -6999,          52492.5
           0.735,      7035.932572,   0.005249136681,      7.594643369,                0,              360,    0.04552623365,     -28.32605612,      6998.997802,      5.512499423,     0.7349999231,  -0.005980714645,      7.499997645,      0.999999686,  -0.008137027553,               -0,               -0,  4.945755534e-15,            -6999,          52492.5
           0.736,      7035.932572,   0.005249136681,      7.594643369,                0,              360,     0.0455881741,     -28.32605612,      6998.997796,      5.519999421,     0.7359999227,   -0.00598885167,      7.499997638,     0.9999996851,  -0.008137027552,               -0,               -0,  4.426001115e-15,            -6999,          52492.5
           0.737,      7035.932572,   0.005249136681,      7.594643369,                0,              360,    0.04565011456,     -28.32605612,       6998.99779,      5.527499418,     0.7369999224,  -0.005996988695,      7.499997632,     0.9999996843,  -0.008137027552,               -0,               -0,  4.789226047e-15,            -6999,          52492.5
           0.738,      7035.932572,   0.005249136681,      7.594643369,                0,              360,    0.04571205501,     -28.32605612,      6998.997784,      5.534999416,     0.7379999221,   -0.00600512572,      7.499997625,     0.9999996834,  -0.008137027552,               -0,               -0,  5.021546761e-15,            -6999,          52492.5
           0.739,      7035.932572,   0.005249136681,      7.594643369,                0,              360,    0.04577399548,     -28.32605612,      6998.997778,      5.542499413,     0.7389999218,  -0.006013262745,      7.499997619,     0.9999996825,  -0.008137027552,               -0,               -0,  4.721090423e-15,            -6999,          52492.5
            0.74,      7035.932572,   0.005249136681,      7.594643369,                0,              360,    0.04583593592,     -28.32605612,      6998.997772,      5.549999411,     0.7399999215,   -0.00602139977,      7.499997613,     0.9999996817,  -0.008137027552,               -0,               -0,  4.374162133e-15,            -6999,          52492.5
           0.741,      7035.932572,   0.005249136681,      7.594643369,                0,              360,    0.04589787638,     -28.32605612,      6998.997766,      5.557499409,     0.7409999212,  -0.006029536795,      7.499997606,     0.9999996808,  -0.008137027552,               -0,               -0,  4.195895023e-15,            -6999,          52492.5
           0.742,      7035.932572,   0.005249136681,      7.594643369,                0,              360,    0.04595981683,     -28.32605612,       6998.99776,      5.564999406,     0.7419999208,   -0.00603767382,        7.4999976,       0.99999968,  -0.008137027552,               -0,               -0,   4.94543228e-15,            -6999,          52492.5
           0.743,      7035.932572,   0.005249136681,      7.594643369,                0,              360,    0.04602175729,     -28.32605612,      6998.997754,      5.572499404,     0.7429999205,  -0.006045810845,      7.499997593,     0.9999996791,  -0.008137027552,               -0,               -0,  5.332722384e-15,            -6999,          52492.5
           0.744,      7035.932572,   0.005249136681,      7.594643369,                0,              360,    0.04608369774,     -28.32605612,      6998.997748,      5.579999402,     0.7439999202,   -0.00605394787,      7.499997587,     0.9999996782,  -0.008137027552,               -0,               -0,  4.067714464e-15,            -6999,          52492.5
           0.745,      7035.932572,   0.005249136681,      7.594643369,                0,              360,     0.0461456382,     -28.32605612,      6998.997742,      5.587499399,     0.7449999199,  -0.006062084894,       7.49999758,     0.9999996774,  -0.008137027552,               -0,               -0,  3.145229457e-15,            -6999,          52492.5
           0.746,      7035.932572,   0.005249136681,      7.594643369,                0,              360,    0.04620757865,     -28.32605612,      6998.997736,      5.594999397,     0.7459999196,  -0.006070221919,      7.499997574,     0.9999996765,  -0.008137027551,               -0,               -0,  3.321079902e-15,            -6999,          52492.5
           0.747,      7035.932572,   0.005249136681,      7.594643369,                0,              360,    0.04626951909,     -28.32605612,       6998.99773,      5.602499394,     0.7469999192,  -0.006078358944,      7.499997567,     0.9999996756,  -0.008137027551,               -0,               -0,  3.305214579e-15,            -6999,          52492.5
           0.748,      7035.932572,   0.005249136681,      7.594643369,                0,              360,    0.04633145956,     -28.32605612,      6998.997724,      5.609999392,     0.7479999189,  -0.006086495969,      7.499997561,     0.9999996748,  -0.008137027551,               -0,               -0,  2.695761339e-15,            -6999,          52492.5
           0.749,      7035.932572,   0.005249136681,      7.594643369,                0,              360,        0.0463934,     -28.32605612,      6998.997718,      5.617499389,     0.7489999186,  -0.006094632994,      7.499997554,     0.9999996739,  -0.008137027551,               -0,               -0,  3.490872088e-15,            -6999,          52492.5
            0.75,      7035.932572,   0.005249136681,      7.594643369,                0,              360,    0.04645534047,     -28.32605612,      6998.997711,      5.624999387,     0.7499999183,  -0.006102770019,      7.499997548,      0.999999673,  -0.008137027551,               -0,               -0,  3.778493739e-15,            -6999,          52492.5
           0.751,      7035.932572,   0.005249136681,      7.594643369,                0,              360,    0.04651728091,     -28.32605612,      6998.997705,      5.632499384,     0.7509999179,  -0.006110907044,      7.499997541,     0.9999996721,  -0.008137027551,               -0,               -0,  3.156754084e-15,            -6999,          52492.5
           0.752,      7035.932572,   0.005249136681,      7.594643369,                0,              360,    0.04657922136,     -28.32605612,      6998.997699,      5.639999382,     0.7519999176,  -0.006119044069,      7.499997535,     0.9999996713,  -0.008137027551,               -0,               -0,   3.00013783e-15,            -6999,          52492.5
           0.753,      7035.932572,   0.005249136681,      7.594643369,                0,              360,    0.04664116183,     -28.32605612,      6998.997693,       5.64749938,     0.7529999173,  -0.006127181094,      7.499997528,     0.9999996704,  -0.008137027551,               -0,               -0,  3.533771012e-15,            -6999,          52492.5
           0.754,      7035.932572,   0.005249136681,      7.594643369,                0,              360,    0.04670310229,     -28.32605612,      6998.997687,      5.654999377,     0.7539999169,  -0.006135318118,      7.499997521,     0.9999996695,   -0.00813702755,               -0,               -0,  3.730448894e-15,            -6999,          52492.5
           0.755,      7035.932572,   0.005249136681,      7.594643369,                0,              360,    0.04676504272,     -28.32605612,      6998.997681,      5.662499375,     0.7549999166,  -0.006143455143,      7.499997515,     0.9999996686,   -0.00813702755,               -0,               -0,  3.188299278e-15,            -6999,          52492.5
           0.756,      7035.932572,   0.005249136681,      7.594643369,                0,              360,    0.04682698318,     -28.32605612,      6998.997675,      5.669999372,     0.7559999163,  -0.006151592168,      7.499997508,     0.9999996678,   -0.00813702755,               -0,               -0,  2.393628758e-15,            -6999,          52492.5
           0.757,      7035.932572,   0.005249136681,      7.594643369,                0,              360,    0.04688892364,     -28.32605612,      6998.997669,       5.67749937,     0.7569999159,  -0.006159729193,      7.499997502,     0.9999996669,   -0.00813702755,               -0,               -0,  3.351251475e-15,            -6999,          52492.5
           0.758,      7035.932572,   0.005249136681,      7.594643369,                0,              360,    0.04695086409,     -28.32605612,      6998.997662,      5.684999367,     0.7579999156,  -0.006167866218,      7.499997495,      0.999999666,   -0.00813702755,               -0,               -0,    3.2542752e-15,            -6999,          52492.5
           0.759,      7035.932572,   0.005249136681,      7.594643369,                0,              360,    0.04701280455,     -28.32605612,      6998.997656,      5.692499365,     0.7589999153,  -0.006176003243,      7.499997488,     0.9999996651,   -0.00813702755,               -0,               -0,  3.477184877e-15,            -6999,          52492.5
            0.76,      7035.932572,   0.005249136681,      7.594643369,                0,              360,      0.047074745,     -28.32605612,       6998.99765,      5.699999362,     0.7599999149,  -0.006184140268,      7.499997482,     0.9999996642,   -0.00813702755,               -0,               -0,  3.618108988e-15,            -6999,          52492.5
           0.761,      7035.932572,   0.005249136681,      7.594643369,                0,              360,    0.04713668544,     -28.32605612,      6998.997644,       5.70749936,     0.7609999146,  -0.006192277292,      7.499997475,     0.9999996634,   -0.00813702755,               -0,               -0,  3.908836107e-15,            -6999,          52492.5
           0.762,      7035.932572,   0.005249136681,      7.594643369,                0,              360,    0.04719862592,     -28.32605612,      6998.997638,      5.714999357,     0.7619999143,  -0.006200414317,      7.499997469,     0.9999996625,   -0.00813702755,               -0,               -0,  3.315500187e-15,            -6999,          52492.5
           0.763,      7035.932572,   0.005249136681,      7.594643369,                0,              360,    0.04726056637,     -28.32605612,      6998.997631,      5.722499354,     0.7629999139,  -0.006208551342,      7.499997462,     0.9999996616,  -0.008137027549,               -0,               -0,  3.212586479e-15,            -6999,          52492.5
           0.764,      7035.932572,   0.005249136681,      7.594643369,                0,              360,    0.04732250682,     -28.32605612,      6998.997625,      5.729999352,     0.7639999136,  -0.006216688367,      7.499997455,     0.9999996607,  -0.008137027549,               -0,               -0,  3.198224072e-15,            -6999,          52492.5
           0.765,      7035.932572,   0.005249136681,      7.594643369,                0,              360,    0.04738444726,     -28.32605612,      6998.997619,      5.737499349,     0.7649999133,  -0.006224825392,      7.499997449,     0.9999996598,  -0.008137027549,               -0,               -0,   3.50753192e-15,            -6999,          52492.5
           0.766,      7035.932572,   0.005249136681,      7.594643369,                0,              360,    0.04744638772,     -28.32605612,      6998.997613,      5.744999347,     0.7659999129,  -0.006232962416,      7.499997442,     0.9999996589,  -0.008137027549,               -0,               -0,  3.103314215e-15,            -6999,          52492.5
           0.767,      7035.932572,   0.005249136681,      7.594643369,                0,              360,    0.04750832818,     -28.32605612,      6998.997607,      5.752499344,     0.7669999126,  -0.006241099441,      7.499997435,      0.999999658,  -0.008137027549,               -0,               -0,  2.471878099e-15,            -6999,          52492.5
           0.768,      7035.932572,   0.005249136681,      7.594643369,                0,              360,    0.04757026864,     -28.32605612,        6998.9976,      5.759999342,     0.7679999122,  -0.006249236466,      7.499997429,     0.9999996571,  -0.008137027549,               -0,               -0,  2.987709206e-15,            -6999,          52492.5
           0.769,      7035.932572,   0.005249136681,      7.594643369,                0,              360,    0.04763220908,     -28.32605612,      6998.997594,      5.767499339,     0.7689999119,  -0.006257373491,      7.499997422,     0.9999996562,  -0.008137027549,               -0,               -0,  3.112901234e-15,            -6999,          52492.5
            0.77,      7035.932572,   0.005249136681,      7.594643369,                0,              360,    0.04769414954,     -28.32605612,      6998.997588,      5.774999337,     0.7699999115,  -0.006265510515,      7.499997415,     0.9999996553,  -0.008137027549,               -0,               -0,  2.695106138e-15,            -6999,          52492.5
           0.771,      7035.932572,   0.005249136681,      7.594643369,                0,              360,       0.04775609,     -28.32605612,      6998.997582,      5.782499334,     0.7709999112,   -0.00627364754,      7.499997408,     0.9999996545,  -0.008137027549,               -0,               -0,  2.220631367e-15,            -6999,          52492.5
           0.772,      7035.932572,   0.005249136681,      7.594643369,                0,              360,    0.04781803044,     -28.32605612,      6998.997575,      5.789999331,     0.7719999108,  -0.006281784565,      7.499997402,     0.9999996536,  -0.008137027548,               -0,               -0,  2.175784751e-15,            -6999,          52492.5
           0.773,      7035.932572,   0.005249136681,      7.594643369,                0,              360,    0.04787997089,     -28.32605612,      6998.997569,      5.797499329,     0.7729999105,   -0.00628992159,      7.499997395,     0.9999996527,  -0.008137027548,               -0,               -0,  2.802347505e-15,            -6999,          52492.5
           0.774,      7035.932572,   0.005249136681,      7.594643369,                0,              360,    0.04794191135,     -28.32605612,      6998.997563,      5.804999326,     0.7739999102,  -0.006298058614,      7.499997388,     0.9999996518,  -0.008137027548,               -0,               -0,   2.16828439e-15,            -6999,          52492.5
           0.775,      7035.932572,   0.005249136681,      7.594643369,                0,              360,    0.04800385182,     -28.32605612,      6998.997556,      5.812499324,     0.7749999098,  -0.006306195639,      7.499997381,     0.9999996509,  -0.008137027548,               -0,               -0,  2.536260001e-15,            -6999,          52492.5
           0.776,      7035.932572,   0.005249136681,      7.594643369,                0,              360,    0.04806579227,     -28.32605612,       6998.99755,      5.819999321,     0.7759999095,  -0.006314332664,      7.499997375,       0.99999965,  -0.008137027548,               -0,               -0,  1.728047536e-15,            -6999,          52492.5
           0.777,      7035.932572,   0.005249136681,      7.594643369,                0,              360,    0.04812773271,     -28.32605612,      6998.997544,      5.827499318,     0.7769999091,  -0.006322469688,      7.499997368,     0.9999996491,  -0.008137027548,               -0,               -0,  1.765115721e-15,            -6999,          52492.5
           0.778,      7035.932572,   0.005249136681,      7.594643369,                0,              360,    0.04818967316,     -28.32605612,      6998.997537,      5.834999316,     0.7779999088,  -0.006330606713,      7.499997361,     0.9999996481,  -0.008137027548,               -0,               -0,  2.488455801e-15,            -6999,          52492.5
           0.779,      7035.932572,   0.005249136681,      7.594643369,                0,              360,    0.04825161364,     -28.32605612,      6998.997531,      5.842499313,     0.7789999084,  -0.006338743738,      7.499997354,     0.9999996472,  -0.008137027548,               -0,               -0,  2.608019319e-15,            -6999,          52492.5
            0.78,      7035.932572,   0.005249136681,      7.594643369,                0,              360,    0.04831355408,     -28.32605612,      6998.997525,       5.84999931,      0.779999908,  -0.006346880762,      7.499997348,     0.9999996463,  -0.008137027548,               -0,               -0,  2.610114423e-15,            -6999,          52492.5
           0.781,      7035.932572,   0.005249136681,      7.594643369,                0,              360,    0.04837549452,     -28.32605612,      6998.997518,      5.857499308,     0.7809999077,  -0.006355017787,      7.499997341,     0.9999996454,  -0.008137027547,               -0,               -0,  2.092871546e-15,            -6999,          52492.5
           0.782,      7035.932572,   0.005249136681,      7.594643369,                0,              360,    0.04843743497,     -28.32605612,      6998.997512,      5.864999305,     0.7819999073,  -0.006363154812,      7.499997334,     0.9999996445,  -0.008137027547,               -0,               -0,  2.193744722e-15,            -6999,          52492.5
           0.783,      7035.932572,   0.005249136681,      7.594643369,                0,              360,    0.04849937543,     -28.32605612,      6998.997506,      5.872499302,      0.782999907,  -0.006371291836,      7.499997327,     0.9999996436,  -0.008137027547,               -0,               -0,  1.861383835e-15,            -6999,          52492.5
           0.784,      7035.932572,   0.005249136681,      7.594643369,                0,              360,     0.0485613159,     -28.32605612,      6998.997499,        5.8799993,     0.7839999066,  -0.006379428861,       7.49999732,     0.9999996427,  -0.008137027547,               -0,               -0,  2.470276084e-15,            -6999,          52492.5
           0.785,      7035.932572,   0.005249136681,      7.594643369,                0,              360,    0.04862325634,     -28.32605612,      6998.997493,      5.887499297,     0.7849999063,  -0.006387565886,      7.499997313,     0.9999996418,  -0.008137027547,               -0,               -0,  1.842195069e-15,            -6999,          52492.5
           0.786,      7035.932572,   0.005249136681,      7.594643369,                0,              360,    0.04868519681,     -28.32605612,      6998.997486,      5.894999294,     0.7859999059,   -0.00639570291,      7.499997307,     0.9999996409,  -0.008137027547,               -0,               -0,  2.894282642e-15,            -6999,          52492.5
           0.787,      7035.932572,   0.005249136681,      7.594643369,                0,              360,    0.04874713726,     -28.32605612,       6998.99748,      5.902499292,     0.7869999055,  -0.006403839935,        7.4999973,       0.99999964,  -0.008137027547,               -0,               -0,  2.795501819e-15,            -6999,          52492.5
           0.788,      7035.932572,   0.005249136681,      7.594643369,                0,              360,    0.04880907771,     -28.32605612,      6998.997474,      5.909999289,     0.7879999052,   -0.00641197696,      7.499997293,      0.999999639,  -0.008137027547,               -0,               -0,   2.03216138e-15,            -6999,          52492.5
           0.789,      7035.932572,   0.005249136681,      7.594643369,                0,              360,    0.04887101815,     -28.32605612,      6998.997467,      5.917499286,     0.7889999048,  -0.006420113984,      7.499997286,     0.9999996381,  -0.008137027546,               -0,               -0,  1.978748919e-15,            -6999,          52492.5
            0.79,      7035.932572,   0.005249136681,      7.594643369,                0,              360,    0.04893295863,     -28.32605612,      6998.997461,      5.924999283,     0.7899999045,  -0.006428251009,      7.499997279,     0.9999996372,  -0.008137027546,               -0,               -0,  2.003023918e-15,            -6999,          52492.5
           0.791,      7035.932572,   0.005249136681,      7.594643369,                0,              360,    0.04899489908,     -28.32605612,      6998.997454,      5.932499281,     0.7909999041,  -0.006436388033,      7.499997272,     0.9999996363,  -0.008137027546,               -0,               -0,  2.823332082e-15,            -6999,          52492.5
           0.792,      7035.932572,   0.005249136681,      7.594643369,                0,              360,    0.04905683952,     -28.32605612,      6998.997448,      5.939999278,     0.7919999037,  -0.006444525058,      7.499997265,     0.9999996354,  -0.008137027546,               -0,               -0,  3.149626312e-15,            -6999,          52492.5
           0.793,      7035.932572,   0.005249136681,      7.594643369,                0,              360,    0.04911877997,     -28.32605612,      6998.997442,      5.947499275,     0.7929999034,  -0.006452662082,      7.499997258,     0.9999996345,  -0.008137027546,               -0,               -0,  2.580037363e-15,            -6999,          52492.5
           0.794,      7035.932572,   0.005249136681,      7.594643369,                0,              360,    0.04918072043,     -28.32605612,      6998.997435,      5.954999273,      0.793999903,  -0.006460799107,      7.499997251,     0.9999996335,  -0.008137027546,               -0,               -0,  4.038369382e-15,            -6999,          52492.5
           0.795,      7035.932572,   0.005249136681,      7.594643369,                0,              360,    0.04924266088,     -28.32605612,      6998.997429,       5.96249927,     0.7949999026,  -0.006468936132,      7.499997245,     0.9999996326,  -0.008137027546,               -0,               -0,  3.798745952e-15,            -6999,          52492.5
           0.796,      7035.932572,   0.005249136681,      7.594643369,                0,              360,    0.04930460134,     -28.32605612,      6998.997422,      5.969999267,     0.7959999023,  -0.006477073156,      7.499997238,     0.9999996317,  -0.008137027546,               -0,               -0,  3.235655234e-15,            -6999,          52492.5
           0.797,      7035.932572,   0.005249136681,      7.594643369,                0,              360,     0.0493665418,     -28.32605612,      6998.997416,      5.977499264,     0.7969999019,  -0.006485210181,      7.499997231,     0.9999996308,  -0.008137027546,               -0,               -0,  3.723585139e-15,            -6999,          52492.5
           0.798,      7035.932572,   0.005249136681,      7.594643369,                0,              360,    0.04942848226,     -28.32605612,      6998.997409,      5.984999262,     0.7979999015,  -0.006493347205,      7.499997224,     0.9999996298,  -0.008137027545,               -0,               -0,  3.748779035e-15,            -6999,          52492.5
           0.799,      7035.932572,   0.005249136681,      7.594643369,                0,              360,     0.0494904227,     -28.32605612,      6998.997403,      5.992499259,     0.7989999012,   -0.00650148423,      7.499997217,     0.9999996289,  -0.008137027545,               -0,               -0,  4.022921932e-15,            -6999,          52492.5
             0.8,      7035.932572,   0.005249136681,      7.594643369,                0,              360,    0.04955236316,     -28.32605612,      6998.997396,      5.999999256,     0.7999999008,  -0.006509621254,       7.49999721,      0.999999628,  -0.008137027545,               -0,               -0,  3.255967053e-15,            -6999,          52492.5
           0.801,      7035.932572,   0.005249136681,      7.594643369,                0,              360,     0.0496143036,     -28.32605612,       6998.99739,      6.007499253,     0.8009999004,  -0.006517758279,      7.499997203,      0.999999627,  -0.008137027545,               -0,               -0,  3.710581382e-15,            -6999,          52492.5
           0.802,      7035.932572,   0.005249136681,      7.594643369,                0,              360,    0.04967624405,     -28.32605612,      6998.997383,       6.01499925,        0.8019999,  -0.006525895303,      7.499997196,     0.9999996261,  -0.008137027545,               -0,               -0,  3.876338619e-15,            -6999,          52492.5
           0.803,      7035.932572,   0.005249136681,      7.594643369,                0,              360,    0.04973818451,     -28.32605612,      6998.997377,      6.022499248,     0.8029998997,  -0.006534032328,      7.499997189,     0.9999996252,  -0.008137027545,               -0,               -0,  4.461594091e-15,            -6999,          52492.5
           0.804,      7035.932572,   0.005249136681,      7.594643369,                0,              360,    0.04980012496,     -28.32605612,       6998.99737,      6.029999245,     0.8039998993,  -0.006542169352,      7.499997182,     0.9999996242,  -0.008137027545,               -0,               -0,  4.176301013e-15,            -6999,          52492.5
           0.805,      7035.932572,   0.005249136681,      7.594643369,                0,              360,    0.04986206542,     -28.32605612,      6998.997364,      6.037499242,     0.8049998989,  -0.006550306377,      7.499997175,     0.9999996233,  -0.008137027545,               -0,               -0,  4.394948276e-15,            -6999,          52492.5
           0.806,      7035.932572,   0.005249136681,      7.594643369,                0,              360,    0.04992400588,     -28.32605612,      6998.997357,      6.044999239,     0.8059998985,  -0.006558443401,      7.499997168,     0.9999996224,  -0.008137027544,               -0,               -0,  5.386797743e-15,            -6999,          52492.5
           0.807,      7035.932572,   0.005249136681,      7.594643369,                0,              360,    0.04998594632,     -28.32605612,       6998.99735,      6.052499236,     0.8069998982,  -0.006566580426,      7.499997161,     0.9999996214,  -0.008137027544,               -0,               -0,   5.19233881e-15,            -6999,          52492.5
           0.808,      7035.932572,   0.005249136681,      7.594643369,                0,              360,    0.05004788679,     -28.32605612,      6998.997344,      6.059999233,     0.8079998978,   -0.00657471745,      7.499997154,     0.9999996205,  -0.008137027544,               -0,               -0,  5.186060275e-15,            -6999,          52492.5
           0.809,      7035.932572,   0.005249136681,      7.594643369,                0,              360,    0.05010982724,     -28.32605612,      6998.997337,      6.067499231,     0.8089998974,  -0.006582854475,      7.499997147,     0.9999996196,  -0.008137027544,               -0,               -0,  5.854273271e-15,            -6999,          52492.5
            0.81,      7035.932572,   0.005249136681,      7.594643369,                0,              360,    0.05017176769,     -28.32605612,      6998.997331,      6.074999228,      0.809999897,  -0.006590991499,       7.49999714,     0.9999996186,  -0.008137027544,               -0,               -0,  5.693213483e-15,            -6999,          52492.5
           0.811,      7035.932572,   0.005249136681,      7.594643369,                0,              360,    0.05023370815,     -28.32605612,      6998.997324,      6.082499225,     0.8109998966,  -0.006599128524,      7.499997133,     0.9999996177,  -0.008137027544,               -0,               -0,  5.404575225e-15,            -6999,          52492.5
           0.812,      7035.932572,   0.005249136681,      7.594643369,                0,              360,     0.0502956486,     -28.32605612,      6998.997317,      6.089999222,     0.8119998963,  -0.006607265548,      7.499997125,     0.9999996167,  -0.008137027544,               -0,               -0,  4.586491119e-15,            -6999,          52492.5
           0.813,      7035.932572,   0.005249136681,      7.594643369,                0,              360,    0.05035758905,     -28.32605612,      6998.997311,      6.097499219,     0.8129998959,  -0.006615402572,      7.499997118,     0.9999996158,  -0.008137027544,               -0,               -0,  4.613450371e-15,            -6999,          52492.5
           0.814,      7035.932572,   0.005249136681,      7.594643369,                0,              360,    0.05041952951,     -28.32605612,      6998.997304,      6.104999216,     0.8139998955,  -0.006623539597,      7.499997111,     0.9999996148,  -0.008137027543,               -0,               -0,   4.87319876e-15,            -6999,          52492.5
           0.815,      7035.932572,   0.005249136681,      7.594643369,                0,              360,    0.05048146996,     -28.32605612,      6998.997298,      6.112499213,     0.8149998951,  -0.006631676621,      7.499997104,     0.9999996139,  -0.008137027543,               -0,               -0,  5.175921499e-15,            -6999,          52492.5
           0.816,      7035.932572,   0.005249136681,      7.594643369,                0,              360,     0.0505434104,     -28.32605612,      6998.997291,       6.11999921,     0.8159998947,  -0.006639813646,      7.499997097,     0.9999996129,  -0.008137027543,               -0,               -0,  5.119751543e-15,            -6999,          52492.5
           0.817,      7035.932572,   0.005249136681,      7.594643369,                0,              360,    0.05060535087,     -28.32605612,      6998.997284,      6.127499207,     0.8169998943,   -0.00664795067,       7.49999709,      0.999999612,  -0.008137027543,               -0,               -0,  5.191000347e-15,            -6999,          52492.5
           0.818,      7035.932572,   0.005249136681,      7.594643369,                0,              360,    0.05066729132,     -28.32605612,      6998.997278,      6.134999205,     0.8179998939,  -0.006656087694,      7.499997083,      0.999999611,  -0.008137027543,               -0,               -0,  5.668922768e-15,            -6999,          52492.5
           0.819,      7035.932572,   0.005249136681,      7.594643369,                0,              360,    0.05072923178,     -28.32605612,      6998.997271,      6.142499202,     0.8189998936,  -0.006664224719,      7.499997076,     0.9999996101,  -0.008137027543,               -0,               -0,  6.360373681e-15,            -6999,          52492.5
            0.82,      7035.932572,   0.005249136681,      7.594643369,                0,              360,    0.05079117222,     -28.32605612,      6998.997264,      6.149999199,     0.8199998932,  -0.006672361743,      7.499997069,     0.9999996091,  -0.008137027543,               -0,               -0,  5.975308295e-15,            -6999,          52492.5
           0.821,      7035.932572,   0.005249136681,      7.594643369,                0,              360,    0.05085311269,     -28.32605612,      6998.997258,      6.157499196,     0.8209998928,  -0.006680498767,      7.499997061,     0.9999996082,  -0.008137027543,               -0,               -0,  5.888216475e-15,            -6999,          52492.5
           0.822,      7035.932572,   0.005249136681,      7.594643369,                0,              360,    0.05091505313,     -28.32605612,      6998.997251,      6.164999193,     0.8219998924,  -0.006688635792,      7.499997054,     0.9999996072,  -0.008137027543,               -0,               -0,  5.493505656e-15,            -6999,          52492.5
           0.823,      7035.932572,   0.005249136681,      7.594643369,                0,              360,    0.05097699359,     -28.32605612,      6998.997244,       6.17249919,      0.822999892,  -0.006696772816,      7.499997047,     0.9999996063,  -0.008137027542,               -0,               -0,  5.482879142e-15,            -6999,          52492.5
           0.824,      7035.932572,   0.005249136681,      7.594643369,                0,              360,    0.05103893405,     -28.32605612,      6998.997238,      6.179999187,     0.8239998916,   -0.00670490984,       7.49999704,     0.9999996053,  -0.008137027542,               -0,               -0,  5.454470203e-15,            -6999,          52492.5
           0.825,      7035.932572,   0.005249136681,      7.594643369,                0,              360,     0.0511008745,     -28.32605612,      6998.997231,      6.187499184,     0.8249998912,  -0.006713046865,      7.499997033,     0.9999996044,  -0.008137027542,               -0,               -0,   5.00641289e-15,            -6999,          52492.5
           0.826,      7035.932572,   0.005249136681,      7.594643369,                0,              360,    0.05116281496,     -28.32605612,      6998.997224,      6.194999181,     0.8259998908,  -0.006721183889,      7.499997025,     0.9999996034,  -0.008137027542,               -0,               -0,  5.312802133e-15,            -6999,          52492.5
           0.827,      7035.932572,   0.005249136681,      7.594643369,                0,              360,    0.05122475539,     -28.32605612,      6998.997217,      6.202499178,     0.8269998904,  -0.006729320913,      7.499997018,     0.9999996024,  -0.008137027542,               -0,               -0,   6.17383248e-15,            -6999,          52492.5
           0.828,      7035.932572,   0.005249136681,      7.594643369,                0,              360,    0.05128669585,     -28.32605612,      6998.997211,      6.209999175,       0.82799989,  -0.006737457938,      7.499997011,     0.9999996015,  -0.008137027542,               -0,               -0,  6.299459466e-15,            -6999,          52492.5
           0.829,      7035.932572,   0.005249136681,      7.594643369,                0,              360,    0.05134863632,     -28.32605612,      6998.997204,      6.217499172,     0.8289998896,  -0.006745594962,      7.499997004,     0.9999996005,  -0.008137027542,               -0,               -0,   5.28781713e-15,            -6999,          52492.5
            0.83,      7035.932572,   0.005249136681,      7.594643369,                0,              360,    0.05141057676,     -28.32605612,      6998.997197,      6.224999169,     0.8299998892,  -0.006753731986,      7.499996997,     0.9999995995,  -0.008137027542,               -0,               -0,  4.316331399e-15,            -6999,          52492.5
           0.831,      7035.932572,   0.005249136681,      7.594643369,                0,              360,    0.05147251722,     -28.32605612,       6998.99719,      6.232499166,     0.8309998888,  -0.006761869011,      7.499996989,     0.9999995986,  -0.008137027541,               -0,               -0,  4.958223329e-15,            -6999,          52492.5
           0.832,      7035.932572,   0.005249136681,      7.594643369,                0,              360,    0.05153445768,     -28.32605612,      6998.997184,      6.239999163,     0.8319998884,  -0.006770006035,      7.499996982,     0.9999995976,  -0.008137027541,               -0,               -0,  5.035270729e-15,            -6999,          52492.5
           0.833,      7035.932572,   0.005249136681,      7.594643369,                0,              360,    0.05159639812,     -28.32605612,      6998.997177,       6.24749916,      0.832999888,  -0.006778143059,      7.499996975,     0.9999995966,  -0.008137027541,               -0,               -0,   5.03378568e-15,            -6999,          52492.5
           0.834,      7035.932572,   0.005249136681,      7.594643369,                0,              360,    0.05165833859,     -28.32605612,       6998.99717,      6.254999157,     0.8339998876,  -0.006786280083,      7.499996968,     0.9999995957,  -0.008137027541,               -0,               -0,  6.134525824e-15,            -6999,          52492.5
           0.835,      7035.932572,   0.005249136681,      7.594643369,                0,              360,    0.05172027904,     -28.32605612,      6998.997163,      6.262499154,     0.8349998872,  -0.006794417108,       7.49999696,     0.9999995947,  -0.008137027541,               -0,               -0,  6.354668213e-15,            -6999,          52492.5
           0.836,      7035.932572,   0.005249136681,      7.594643369,                0,              360,    0.05178221949,     -28.32605612,      6998.997157,      6.269999151,     0.8359998868,  -0.006802554132,      7.499996953,     0.9999995937,  -0.008137027541,               -0,               -0,  6.180525535e-15,            -6999,          52492.5
           0.837,      7035.932572,   0.005249136681,      7.594643369,                0,              360,    0.05184415994,     -28.32605612,       6998.99715,      6.277499148,     0.8369998864,  -0.006810691156,      7.499996946,     0.9999995928,  -0.008137027541,               -0,               -0,  5.210232864e-15,            -6999,          52492.5
           0.838,      7035.932572,   0.005249136681,      7.594643369,                0,              360,    0.05190610039,     -28.32605612,      6998.997143,      6.284999145,      0.837999886,   -0.00681882818,      7.499996938,     0.9999995918,  -0.008137027541,               -0,               -0,  4.627878134e-15,            -6999,          52492.5
           0.839,      7035.932572,   0.005249136681,      7.594643369,                0,              360,    0.05196804086,     -28.32605612,      6998.997136,      6.292499142,     0.8389998856,  -0.006826965205,      7.499996931,     0.9999995908,   -0.00813702754,               -0,               -0,  5.111842963e-15,            -6999,          52492.5
            0.84,      7035.932572,   0.005249136681,      7.594643369,                0,              360,     0.0520299813,     -28.32605612,      6998.997129,      6.299999139,     0.8399998852,  -0.006835102229,      7.499996924,     0.9999995898,   -0.00813702754,               -0,               -0,   5.37208426e-15,            -6999,          52492.5
           0.841,      7035.932572,   0.005249136681,      7.594643369,                0,              360,    0.05209192175,     -28.32605612,      6998.997122,      6.307499136,     0.8409998847,  -0.006843239253,      7.499996916,     0.9999995889,   -0.00813702754,               -0,               -0,   5.00673708e-15,            -6999,          52492.5
           0.842,      7035.932572,   0.005249136681,      7.594643369,                0,              360,    0.05215386221,     -28.32605612,      6998.997116,      6.314999132,     0.8419998843,  -0.006851376277,      7.499996909,     0.9999995879,   -0.00813702754,               -0,               -0,  5.203220362e-15,            -6999,          52492.5
           0.843,      7035.932572,   0.005249136681,      7.594643369,                0,              360,    0.05221580267,     -28.32605612,      6998.997109,      6.322499129,     0.8429998839,  -0.006859513301,      7.499996902,     0.9999995869,   -0.00813702754,               -0,               -0,  5.748407339e-15,            -6999,          52492.5
           0.844,      7035.932572,   0.005249136681,      7.594643369,                0,              360,    0.05227774311,     -28.32605612,      6998.997102,      6.329999126,     0.8439998835,  -0.006867650326,      7.499996894,     0.9999995859,   -0.00813702754,               -0,               -0,    5.3522549e-15,            -6999,          52492.5
           0.845,      7035.932572,   0.005249136681,      7.594643369,                0,              360,    0.05233968358,     -28.32605612,      6998.997095,      6.337499123,     0.8449998831,   -0.00687578735,      7.499996887,     0.9999995849,   -0.00813702754,               -0,               -0,  4.501076861e-15,            -6999,          52492.5
           0.846,      7035.932572,   0.005249136681,      7.594643369,                0,              360,    0.05240162403,     -28.32605612,      6998.997088,       6.34499912,     0.8459998827,  -0.006883924374,       7.49999688,      0.999999584,   -0.00813702754,               -0,               -0,  6.161980006e-15,            -6999,          52492.5
           0.847,      7035.932572,   0.005249136681,      7.594643369,                0,              360,    0.05246356449,     -28.32605612,      6998.997081,      6.352499117,     0.8469998823,  -0.006892061398,      7.499996872,      0.999999583,  -0.008137027539,               -0,               -0,  5.677615513e-15,            -6999,          52492.5
           0.848,      7035.932572,   0.005249136681,      7.594643369,                0,              360,    0.05252550494,     -28.32605612,      6998.997074,      6.359999114,     0.8479998818,  -0.006900198422,      7.499996865,      0.999999582,  -0.008137027539,               -0,               -0,  6.198832345e-15,            -6999,          52492.5
           0.849,      7035.932572,   0.005249136681,      7.594643369,                0,              360,    0.05258744539,     -28.32605612,      6998.997067,      6.367499111,     0.8489998814,  -0.006908335446,      7.499996857,      0.999999581,  -0.008137027539,               -0,               -0,  5.547409401e-15,            -6999,          52492.5
            0.85,      7035.932572,   0.005249136681,      7.594643369,                0,              360,    0.05264938584,     -28.32605612,       6998.99706,      6.374999108,      0.849999881,   -0.00691647247,       7.49999685,       0.99999958,  -0.008137027539,               -0,               -0,  5.805606424e-15,            -6999,          52492.5
           0.851,      7035.932572,   0.005249136681,      7.594643369,                0,              360,     0.0527113263,     -28.32605612,      6998.997054,      6.382499104,     0.8509998806,  -0.006924609495,      7.499996843,      0.999999579,  -0.008137027539,               -0,               -0,  5.865457582e-15,            -6999,          52492.5
           0.852,      7035.932572,   0.005249136681,      7.594643369,                0,              360,    0.05277326674,     -28.32605612,      6998.997047,      6.389999101,     0.8519998802,  -0.006932746519,      7.499996835,      0.999999578,  -0.008137027539,               -0,               -0,  6.213276918e-15,            -6999,          52492.5
           0.853,      7035.932572,   0.005249136681,      7.594643369,                0,              360,     0.0528352072,     -28.32605612,       6998.99704,      6.397499098,     0.8529998797,  -0.006940883543,      7.499996828,      0.999999577,  -0.008137027539,               -0,               -0,   5.55902247e-15,            -6999,          52492.5
           0.854,      7035.932572,   0.005249136681,      7.594643369,                0,              360,    0.05289714766,     -28.32605612,      6998.997033,      6.404999095,     0.8539998793,  -0.006949020567,       7.49999682,      0.999999576,  -0.008137027539,               -0,               -0,  5.100106201e-15,            -6999,          52492.5
           0.855,      7035.932572,   0.005249136681,      7.594643369,                0,              360,    0.05295908811,     -28.32605612,      6998.997026,      6.412499092,     0.8549998789,  -0.006957157591,      7.499996813,     0.9999995751,  -0.008137027538,               -0,               -0,  5.501588795e-15,            -6999,          52492.5
           0.856,      7035.932572,   0.005249136681,      7.594643369,                0,              360,    0.05302102856,     -28.32605612,      6998.997019,      6.419999088,     0.8559998785,  -0.006965294615,      7.499996805,     0.9999995741,  -0.008137027538,               -0,               -0,  5.473427797e-15,            -6999,          52492.5
           0.857,      7035.932572,   0.005249136681,      7.594643369,                0,              360,    0.05308296902,     -28.32605612,      6998.997012,      6.427499085,      0.856999878,  -0.006973431639,      7.499996798,     0.9999995731,  -0.008137027538,               -0,               -0,  5.501938437e-15,            -6999,          52492.5
           0.858,      7035.932572,   0.005249136681,      7.594643369,                0,              360,    0.05314490947,     -28.32605612,      6998.997005,      6.434999082,     0.8579998776,  -0.006981568663,      7.499996791,     0.9999995721,  -0.008137027538,               -0,               -0,  5.899685266e-15,            -6999,          52492.5
           0.859,      7035.932572,   0.005249136681,      7.594643369,                0,              360,    0.05320684993,     -28.32605612,      6998.996998,      6.442499079,     0.8589998772,  -0.006989705687,      7.499996783,     0.9999995711,  -0.008137027538,               -0,               -0,   4.66386377e-15,            -6999,          52492.5
            0.86,      7035.932572,   0.005249136681,      7.594643369,                0,              360,    0.05326879038,     -28.32605612,      6998.996991,      6.449999076,     0.8599998768,  -0.006997842711,      7.499996776,     0.9999995701,  -0.008137027538,               -0,               -0,   4.05714552e-15,            -6999,          52492.5
           0.861,      7035.932572,   0.005249136681,      7.594643369,                0,              360,    0.05333073083,     -28.32605612,      6998.996984,      6.457499072,     0.8609998763,  -0.007005979735,      7.499996768,     0.9999995691,  -0.008137027538,               -0,               -0,  4.565845333e-15,            -6999,          52492.5
           0.862,      7035.932572,   0.005249136681,      7.594643369,                0,              360,     0.0533926713,     -28.32605612,      6998.996977,      6.464999069,     0.8619998759,  -0.007014116759,      7.499996761,     0.9999995681,  -0.008137027537,               -0,               -0,  4.729502698e-15,            -6999,          52492.5
           0.863,      7035.932572,   0.005249136681,      7.594643369,                0,              360,    0.05345461174,     -28.32605612,       6998.99697,      6.472499066,     0.8629998755,  -0.007022253783,      7.499996753,     0.9999995671,  -0.008137027537,               -0,               -0,  4.318339242e-15,            -6999,          52492.5
           0.864,      7035.932572,   0.005249136681,      7.594643369,                0,                0,    0.05351655219,     -28.32605612,      6998.996963,      6.479999063,      0.863999875,  -0.007030390807,      7.499996745,     0.9999995661,  -0.008137027537,               -0,               -0,  3.818670043e-15,            -6999,          52492.5
           0.865,      7035.932572,   0.005249136681,      7.594643369,                0,              360,    0.05357849266,     -28.32605612,      6998.996956,      6.487499059,     0.8649998746,  -0.007038527831,      7.499996738,     0.9999995651,  -0.008137027537,               -0,               -0,  4.604989068e-15,            -6999,          52492.5
           0.866,      7035.932572,   0.005249136681,      7.594643369,                0,              360,    0.05364043311,     -28.32605612,      6998.996949,      6.494999056,     0.8659998742,  -0.007046664855,       7.49999673,     0.9999995641,  -0.008137027537,               -0,               -0,  4.499076696e-15,            -6999,          52492.5
           0.867,      7035.932572,   0.005249136681,      7.594643369,                0,              360,    0.05370237355,     -28.32605612,      6998.996942,      6.502499053,     0.8669998737,  -0.007054801879,      7.499996723,      0.999999563,  -0.008137027537,               -0,               -0,  3.820992647e-15,            -6999,          52492.5
           0.868,      7035.932572,   0.005249136681,      7.594643369,                0,              360,    0.05376431401,     -28.32605612,      6998.996935,       6.50999905,     0.8679998733,  -0.007062938903,      7.499996715,      0.999999562,  -0.008137027537,               -0,               -0,  4.113152102e-15,            -6999,          52492.5
           0.869,      7035.932572,   0.005249136681,      7.594643369,                0,              360,    0.05382625446,     -28.32605612,      6998.996928,      6.517499046,     0.8689998728,  -0.007071075927,      7.499996708,      0.999999561,  -0.008137027537,               -0,               -0,  4.085514511e-15,            -6999,          52492.5
            0.87,      7035.932572,   0.005249136681,      7.594643369,                0,              360,    0.05388819492,     -28.32605612,      6998.996921,      6.524999043,     0.8699998724,  -0.007079212951,        7.4999967,       0.99999956,  -0.008137027536,               -0,               -0,  3.336217054e-15,            -6999,          52492.5
           0.871,      7035.932572,   0.005249136681,      7.594643369,                0,              360,    0.05395013538,     -28.32605612,      6998.996913,       6.53249904,      0.870999872,  -0.007087349975,      7.499996693,      0.999999559,  -0.008137027536,               -0,               -0,  3.076828891e-15,            -6999,          52492.5
           0.872,      7035.932572,   0.005249136681,      7.594643369,                0,              360,    0.05401207582,     -28.32605612,      6998.996906,      6.539999036,     0.8719998715,  -0.007095486999,      7.499996685,      0.999999558,  -0.008137027536,               -0,               -0,  3.070078438e-15,            -6999,          52492.5
           0.873,      7035.932572,   0.005249136681,      7.594643369,                0,              360,    0.05407401628,     -28.32605612,      6998.996899,      6.547499033,     0.8729998711,  -0.007103624023,      7.499996677,      0.999999557,  -0.008137027536,               -0,               -0,  2.914103135e-15,            -6999,          52492.5
           0.874,      7035.932572,   0.005249136681,      7.594643369,                0,              360,    0.05413595673,     -28.32605612,      6998.996892,       6.55499903,     0.8739998706,  -0.007111761047,       7.49999667,      0.999999556,  -0.008137027536,               -0,               -0,  2.207041299e-15,            -6999,          52492.5
           0.875,      7035.932572,   0.005249136681,      7.594643369,                0,              360,     0.0541978972,     -28.32605612,      6998.996885,      6.562499026,     0.8749998702,  -0.007119898071,      7.499996662,     0.9999995549,  -0.008137027536,               -0,               -0,  3.051971136e-15,            -6999,          52492.5
           0.876,      7035.932572,   0.005249136681,      7.594643369,                0,              360,    0.05425983763,     -28.32605612,      6998.996878,      6.569999023,     0.8759998697,  -0.007128035095,      7.499996654,     0.9999995539,  -0.008137027536,               -0,               -0,   3.43193391e-15,            -6999,          52492.5
           0.877,      7035.932572,   0.005249136681,      7.594643369,                0,              360,    0.05432177808,     -28.32605612,      6998.996871,       6.57749902,     0.8769998693,  -0.007136172119,      7.499996647,     0.9999995529,  -0.008137027536,               -0,               -0,  3.833246228e-15,            -6999,          52492.5
           0.878,      7035.932572,   0.005249136681,      7.594643369,                0,              360,    0.05438371856,     -28.32605612,      6998.996864,      6.584999016,     0.8779998689,  -0.007144309143,      7.499996639,     0.9999995519,  -0.008137027535,               -0,               -0,   2.96586795e-15,            -6999,          52492.5
           0.879,      7035.932572,   0.005249136681,      7.594643369,                0,              360,      0.054445659,     -28.32605612,      6998.996856,      6.592499013,     0.8789998684,  -0.007152446166,      7.499996631,     0.9999995509,  -0.008137027535,               -0,               -0,  2.936208701e-15,            -6999,          52492.5
            0.88,      7035.932572,   0.005249136681,      7.594643369,                0,              360,    0.05450759945,     -28.32605612,      6998.996849,       6.59999901,      0.879999868,   -0.00716058319,      7.499996624,     0.9999995498,  -0.008137027535,               -0,               -0,  2.612157453e-15,            -6999,          52492.5
           0.881,      7035.932572,   0.005249136681,      7.594643369,                0,              360,     0.0545695399,     -28.32605612,      6998.996842,      6.607499006,     0.8809998675,  -0.007168720214,      7.499996616,     0.9999995488,  -0.008137027535,               -0,               -0,  2.480031171e-15,            -6999,          52492.5
           0.882,      7035.932572,   0.005249136681,      7.594643369,                0,              360,    0.05463148035,     -28.32605612,      6998.996835,      6.614999003,     0.8819998671,  -0.007176857238,      7.499996608,     0.9999995478,  -0.008137027535,               -0,               -0,  2.137968489e-15,            -6999,          52492.5
           0.883,      7035.932572,   0.005249136681,      7.594643369,                0,              360,    0.05469342083,     -28.32605612,      6998.996828,      6.622498999,     0.8829998666,  -0.007184994262,      7.499996601,     0.9999995468,  -0.008137027535,               -0,               -0,  1.919353219e-15,            -6999,          52492.5
           0.884,      7035.932572,   0.005249136681,      7.594643369,                0,              360,    0.05475536127,     -28.32605612,      6998.996821,      6.629998996,     0.8839998661,  -0.007193131286,      7.499996593,     0.9999995457,  -0.008137027535,               -0,               -0,   2.46510126e-15,            -6999,          52492.5
           0.885,      7035.932572,   0.005249136681,      7.594643369,                0,              360,    0.05481730172,     -28.32605612,      6998.996813,      6.637498993,     0.8849998657,   -0.00720126831,      7.499996585,     0.9999995447,  -0.008137027535,               -0,               -0,  2.485172694e-15,            -6999,          52492.5
           0.886,      7035.932572,   0.005249136681,      7.594643369,                0,              360,    0.05487924218,     -28.32605612,      6998.996806,      6.644998989,     0.8859998652,  -0.007209405333,      7.499996578,     0.9999995437,  -0.008137027534,               -0,               -0,  2.465884932e-15,            -6999,          52492.5
           0.887,      7035.932572,   0.005249136681,      7.594643369,                0,              360,    0.05494118262,     -28.32605612,      6998.996799,      6.652498986,     0.8869998648,  -0.007217542357,       7.49999657,     0.9999995427,  -0.008137027534,               -0,               -0,  2.743952811e-15,            -6999,          52492.5
           0.888,      7035.932572,   0.005249136681,      7.594643369,                0,              360,    0.05500312308,     -28.32605612,      6998.996792,      6.659998982,     0.8879998643,  -0.007225679381,      7.499996562,     0.9999995416,  -0.008137027534,               -0,               -0,  3.956961922e-15,            -6999,          52492.5
           0.889,      7035.932572,   0.005249136681,      7.594643369,                0,              360,    0.05506506353,     -28.32605612,      6998.996785,      6.667498979,     0.8889998639,  -0.007233816405,      7.499996554,     0.9999995406,  -0.008137027534,               -0,               -0,  3.926694691e-15,            -6999,          52492.5
            0.89,      7035.932572,   0.005249136681,      7.594643369,                0,              360,      0.055127004,     -28.32605612,      6998.996777,      6.674998976,     0.8899998634,  -0.007241953429,      7.499996547,     0.9999995396,  -0.008137027534,               -0,               -0,   3.13946889e-15,            -6999,          52492.5
           0.891,      7035.932572,   0.005249136681,      7.594643369,                0,              360,    0.05518894443,     -28.32605612,       6998.99677,      6.682498972,     0.8909998629,  -0.007250090452,      7.499996539,     0.9999995385,  -0.008137027534,               -0,               -0,  3.711686818e-15,            -6999,          52492.5
           0.892,      7035.932572,   0.005249136681,      7.594643369,                0,              360,     0.0552508849,     -28.32605612,      6998.996763,      6.689998969,     0.8919998625,  -0.007258227476,      7.499996531,     0.9999995375,  -0.008137027534,               -0,               -0,  4.501246917e-15,            -6999,          52492.5
           0.893,      7035.932572,   0.005249136681,      7.594643369,                0,              360,    0.05531282535,     -28.32605612,      6998.996756,      6.697498965,      0.892999862,    -0.0072663645,      7.499996523,     0.9999995364,  -0.008137027533,               -0,               -0,  4.218110393e-15,            -6999,          52492.5
           0.894,      7035.932572,   0.005249136681,      7.594643369,                0,              360,     0.0553747658,     -28.32605612,      6998.996748,      6.704998962,     0.8939998616,  -0.007274501524,      7.499996516,     0.9999995354,  -0.008137027533,               -0,               -0,  3.348595381e-15,            -6999,          52492.5
           0.895,      7035.932572,   0.005249136681,      7.594643369,                0,              360,    0.05543670626,     -28.32605612,      6998.996741,      6.712498958,     0.8949998611,  -0.007282638547,      7.499996508,     0.9999995344,  -0.008137027533,               -0,               -0,  3.124257197e-15,            -6999,          52492.5
           0.896,      7035.932572,   0.005249136681,      7.594643369,                0,              360,     0.0554986467,     -28.32605612,      6998.996734,      6.719998955,     0.8959998606,  -0.007290775571,        7.4999965,     0.9999995333,  -0.008137027533,               -0,               -0,  3.287841987e-15,            -6999,          52492.5
           0.897,      7035.932572,   0.005249136681,      7.594643369,                0,              360,    0.05556058717,     -28.32605612,      6998.996726,      6.727498951,     0.8969998602,  -0.007298912595,      7.499996492,     0.9999995323,  -0.008137027533,               -0,               -0,  3.437489739e-15,            -6999,          52492.5
           0.898,      7035.932572,   0.005249136681,      7.594643369,                0,              360,    0.05562252761,     -28.32605612,      6998.996719,      6.734998948,     0.8979998597,  -0.007307049619,      7.499996484,     0.9999995312,  -0.008137027533,               -0,               -0,  3.171340946e-15,            -6999,          52492.5
           0.899,      7035.932572,   0.005249136681,      7.594643369,                0,              360,    0.05568446806,     -28.32605612,      6998.996712,      6.742498944,     0.8989998592,  -0.007315186642,      7.499996476,     0.9999995302,  -0.008137027533,               -0,               -0,  4.612459542e-15,            -6999,          52492.5
             0.9,      7035.932572,   0.005249136681,      7.594643369,                0,              360,    0.05574640853,     -28.32605612,      6998.996705,      6.749998941,     0.8999998587,  -0.007323323666,      7.499996469,     0.9999995291,  -0.008137027533,               -0,               -0,  4.835726943e-15,            -6999,          52492.5
           0.901,      7035.932572,   0.005249136681,      7.594643369,                0,              360,    0.05580834898,     -28.32605612,      6998.996697,      6.757498937,     0.9009998583,   -0.00733146069,      7.499996461,     0.9999995281,  -0.008137027532,               -0,               -0,  3.439283499e-15,            -6999,          52492.5
           0.902,      7035.932572,   0.005249136681,      7.594643369,                0,              360,    0.05587028943,     -28.32605612,       6998.99669,      6.764998934,     0.9019998578,  -0.007339597713,      7.499996453,     0.9999995271,  -0.008137027532,               -0,               -0,  3.573982917e-15,            -6999,          52492.5
           0.903,      7035.932572,   0.005249136681,      7.594643369,                0,              360,    0.05593222989,     -28.32605612,      6998.996682,       6.77249893,     0.9029998573,  -0.007347734737,      7.499996445,      0.999999526,  -0.008137027532,               -0,               -0,  3.813507313e-15,            -6999,          52492.5
           0.904,      7035.932572,   0.005249136681,      7.594643369,                0,              360,    0.05599417034,     -28.32605612,      6998.996675,      6.779998926,     0.9039998569,  -0.007355871761,      7.499996437,      0.999999525,  -0.008137027532,               -0,               -0,  3.893942645e-15,            -6999,          52492.5
           0.905,      7035.932572,   0.005249136681,      7.594643369,                0,              360,     0.0560561108,     -28.32605612,      6998.996668,      6.787498923,     0.9049998564,  -0.007364008784,      7.499996429,     0.9999995239,  -0.008137027532,               -0,               -0,   3.41342963e-15,            -6999,          52492.5
           0.906,      7035.932572,   0.005249136681,      7.594643369,                0,              360,    0.05611805125,     -28.32605612,       6998.99666,      6.794998919,     0.9059998559,  -0.007372145808,      7.499996421,     0.9999995228,  -0.008137027532,               -0,               -0,  2.858287499e-15,            -6999,          52492.5
           0.907,      7035.932572,   0.005249136681,      7.594643369,                0,              360,     0.0561799917,     -28.32605612,      6998.996653,      6.802498916,     0.9069998554,  -0.007380282832,      7.499996413,     0.9999995218,  -0.008137027532,               -0,               -0,  3.470064242e-15,            -6999,          52492.5
           0.908,      7035.932572,   0.005249136681,      7.594643369,                0,              360,    0.05624193216,     -28.32605612,      6998.996646,      6.809998912,     0.9079998549,  -0.007388419855,      7.499996406,     0.9999995207,  -0.008137027531,               -0,               -0,  4.093337095e-15,            -6999,          52492.5
           0.909,      7035.932572,   0.005249136681,      7.594643369,                0,              360,    0.05630387262,     -28.32605612,      6998.996638,      6.817498908,     0.9089998545,  -0.007396556879,      7.499996398,     0.9999995197,  -0.008137027531,               -0,               -0,  4.326247142e-15,            -6999,          52492.5
            0.91,      7035.932572,   0.005249136681,      7.594643369,                0,              360,    0.05636581307,     -28.32605612,      6998.996631,      6.824998905,      0.909999854,  -0.007404693903,       7.49999639,     0.9999995186,  -0.008137027531,               -0,               -0,  4.655113981e-15,            -6999,          52492.5
           0.911,      7035.932572,   0.005249136681,      7.594643369,                0,              360,    0.05642775352,     -28.32605612,      6998.996623,      6.832498901,     0.9109998535,  -0.007412830926,      7.499996382,     0.9999995176,  -0.008137027531,               -0,               -0,  4.548460224e-15,            -6999,          52492.5
           0.912,      7035.932572,   0.005249136681,      7.594643369,                0,              360,    0.05648969397,     -28.32605612,      6998.996616,      6.839998898,      0.911999853,   -0.00742096795,      7.499996374,     0.9999995165,  -0.008137027531,               -0,               -0,  4.623889649e-15,            -6999,          52492.5
           0.913,      7035.932572,   0.005249136681,      7.594643369,                0,              360,    0.05655163442,     -28.32605612,      6998.996609,      6.847498894,     0.9129998525,  -0.007429104973,      7.499996366,     0.9999995154,  -0.008137027531,               -0,               -0,  4.479543282e-15,            -6999,          52492.5
           0.914,      7035.932572,   0.005249136681,      7.594643369,                0,              360,    0.05661357488,     -28.32605612,      6998.996601,       6.85499889,      0.913999852,  -0.007437241997,      7.499996358,     0.9999995144,  -0.008137027531,               -0,               -0,   4.60174109e-15,            -6999,          52492.5
           0.915,      7035.932572,   0.005249136681,      7.594643369,                0,              360,    0.05667551534,     -28.32605612,      6998.996594,      6.862498887,     0.9149998516,  -0.007445379021,       7.49999635,     0.9999995133,   -0.00813702753,               -0,               -0,  5.350515141e-15,            -6999,          52492.5
           0.916,      7035.932572,   0.005249136681,      7.594643369,                0,              360,    0.05673745578,     -28.32605612,      6998.996586,      6.869998883,     0.9159998511,  -0.007453516044,      7.499996342,     0.9999995123,   -0.00813702753,               -0,               -0,  4.675603657e-15,            -6999,          52492.5
           0.917,      7035.932572,   0.005249136681,      7.594643369,                0,              360,    0.05679939623,     -28.32605612,      6998.996579,      6.877498879,     0.9169998506,  -0.007461653068,      7.499996334,     0.9999995112,   -0.00813702753,               -0,               -0,  4.839683723e-15,            -6999,          52492.5
           0.918,      7035.932572,   0.005249136681,      7.594643369,                0,              360,    0.05686133671,     -28.32605612,      6998.996571,      6.884998876,     0.9179998501,  -0.007469790091,      7.499996326,     0.9999995101,   -0.00813702753,               -0,               -0,  4.552718407e-15,            -6999,          52492.5
           0.919,      7035.932572,   0.005249136681,      7.594643369,                0,              360,    0.05692327714,     -28.32605612,      6998.996564,      6.892498872,     0.9189998496,  -0.007477927115,      7.499996318,     0.9999995091,   -0.00813702753,               -0,               -0,  4.178070814e-15,            -6999,          52492.5
            0.92,      7035.932572,   0.005249136681,      7.594643369,                0,              360,    0.05698521761,     -28.32605612,      6998.996556,      6.899998868,     0.9199998491,  -0.007486064138,       7.49999631,      0.999999508,   -0.00813702753,               -0,               -0,  4.326684129e-15,            -6999,          52492.5
           0.921,      7035.932572,   0.005249136681,      7.594643369,                0,              360,    0.05704715806,     -28.32605612,      6998.996549,      6.907498865,     0.9209998486,  -0.007494201162,      7.499996302,     0.9999995069,   -0.00813702753,               -0,               -0,  4.596700552e-15,            -6999,          52492.5
           0.922,      7035.932572,   0.005249136681,      7.594643369,                0,              360,     0.0571090985,     -28.32605612,      6998.996541,      6.914998861,     0.9219998481,  -0.007502338185,      7.499996294,     0.9999995058,   -0.00813702753,               -0,               -0,  4.586262375e-15,            -6999,          52492.5
           0.923,      7035.932572,   0.005249136681,      7.594643369,                0,              360,    0.05717103896,     -28.32605612,      6998.996534,      6.922498857,     0.9229998476,  -0.007510475209,      7.499996286,     0.9999995048,  -0.008137027529,               -0,               -0,  4.662063309e-15,            -6999,          52492.5
           0.924,      7035.932572,   0.005249136681,      7.594643369,                0,              360,    0.05723297942,     -28.32605612,      6998.996526,      6.929998854,     0.9239998471,  -0.007518612232,      7.499996278,     0.9999995037,  -0.008137027529,               -0,               -0,  4.543538264e-15,            -6999,          52492.5
           0.925,      7035.932572,   0.005249136681,      7.594643369,                0,              360,    0.05729491987,     -28.32605612,      6998.996519,       6.93749885,     0.9249998466,  -0.007526749256,       7.49999627,     0.9999995026,  -0.008137027529,               -0,               -0,  4.717007794e-15,            -6999,          52492.5
           0.926,      7035.932572,   0.005249136681,      7.594643369,                0,              360,    0.05735686032,     -28.32605612,      6998.996511,      6.944998846,     0.9259998461,  -0.007534886279,      7.499996262,     0.9999995015,  -0.008137027529,               -0,               -0,  3.892436147e-15,            -6999,          52492.5
           0.927,      7035.932572,   0.005249136681,      7.594643369,                0,              360,    0.05741880078,     -28.32605612,      6998.996504,      6.952498842,     0.9269998456,  -0.007543023303,      7.499996254,     0.9999995005,  -0.008137027529,               -0,               -0,  4.216205355e-15,            -6999,          52492.5
           0.928,      7035.932572,   0.005249136681,      7.594643369,                0,              360,    0.05748074123,     -28.32605612,      6998.996496,      6.959998839,     0.9279998451,  -0.007551160326,      7.499996245,     0.9999994994,  -0.008137027529,               -0,               -0,  4.516240732e-15,            -6999,          52492.5
           0.929,      7035.932572,   0.005249136681,      7.594643369,                0,              360,    0.05754268169,     -28.32605612,      6998.996489,      6.967498835,     0.9289998446,   -0.00755929735,      7.499996237,     0.9999994983,  -0.008137027529,               -0,               -0,  4.390685673e-15,            -6999,          52492.5
            0.93,      7035.932572,   0.005249136681,      7.594643369,                0,              360,    0.05760462214,     -28.32605612,      6998.996481,      6.974998831,     0.9299998441,  -0.007567434373,      7.499996229,     0.9999994972,  -0.008137027528,               -0,               -0,  3.437682778e-15,            -6999,          52492.5
           0.931,      7035.932572,   0.005249136681,      7.594643369,                0,              360,    0.05766656259,     -28.32605612,      6998.996474,      6.982498827,     0.9309998436,  -0.007575571397,      7.499996221,     0.9999994962,  -0.008137027528,               -0,               -0,  3.806945119e-15,            -6999,          52492.5
           0.932,      7035.932572,   0.005249136681,      7.594643369,                0,              360,    0.05772850305,     -28.32605612,      6998.996466,      6.989998824,     0.9319998431,   -0.00758370842,      7.499996213,     0.9999994951,  -0.008137027528,               -0,               -0,  3.434889749e-15,            -6999,          52492.5
           0.933,      7035.932572,   0.005249136681,      7.594643369,                0,              360,    0.05779044349,     -28.32605612,      6998.996458,       6.99749882,     0.9329998426,  -0.007591845443,      7.499996205,      0.999999494,  -0.008137027528,               -0,               -0,  2.807838413e-15,            -6999,          52492.5
           0.934,      7035.932572,   0.005249136681,      7.594643369,                0,              360,    0.05785238396,     -28.32605612,      6998.996451,      7.004998816,     0.9339998421,  -0.007599982467,      7.499996197,     0.9999994929,  -0.008137027528,               -0,               -0,  2.412112506e-15,            -6999,          52492.5
           0.935,      7035.932572,   0.005249136681,      7.594643369,                0,                0,    0.05791432442,     -28.32605612,      6998.996443,      7.012498812,     0.9349998416,   -0.00760811949,      7.499996189,     0.9999994918,  -0.008137027528,               -0,               -0,  3.512577725e-15,            -6999,          52492.5
           0.936,      7035.932572,   0.005249136681,      7.594643369,                0,                0,    0.05797626486,     -28.32605612,      6998.996436,      7.019998808,     0.9359998411,  -0.007616256514,       7.49999618,     0.9999994907,  -0.008137027528,               -0,               -0,  3.154142866e-15,            -6999,          52492.5
           0.937,      7035.932572,   0.005249136681,      7.594643369,                0,                0,    0.05803820532,     -28.32605612,      6998.996428,      7.027498804,     0.9369998406,  -0.007624393537,      7.499996172,     0.9999994896,  -0.008137027527,               -0,               -0,  2.711308022e-15,            -6999,          52492.5
           0.938,      7035.932572,   0.005249136681,      7.594643369,                0,                0,    0.05810014578,     -28.32605612,       6998.99642,      7.034998801,     0.9379998401,   -0.00763253056,      7.499996164,     0.9999994885,  -0.008137027527,               -0,               -0,  1.782216542e-15,            -6999,          52492.5
           0.939,      7035.932572,   0.005249136681,      7.594643369,                0,                0,    0.05816208623,     -28.32605612,      6998.996413,      7.042498797,     0.9389998396,  -0.007640667584,      7.499996156,     0.9999994875,  -0.008137027527,               -0,               -0,  2.523244047e-15,            -6999,          52492.5
            0.94,      7035.932572,   0.005249136681,      7.594643369,                0,                0,    0.05822402667,     -28.32605612,      6998.996405,      7.049998793,     0.9399998391,  -0.007648804607,      7.499996148,     0.9999994864,  -0.008137027527,               -0,               -0,  3.752324976e-15,            -6999,          52492.5
           0.941,      7035.932572,   0.005249136681,      7.594643369,                0,                0,    0.05828596713,     -28.32605612,      6998.996397,      7.057498789,     0.9409998385,   -0.00765694163,       7.49999614,     0.9999994853,  -0.008137027527,               -0,               -0,  3.291247034e-15,            -6999,          52492.5
           0.942,      7035.932572,   0.005249136681,      7.594643369,                0,                0,    0.05834790759,     -28.32605612,       6998.99639,      7.064998785,      0.941999838,  -0.007665078654,      7.499996131,     0.9999994842,  -0.008137027527,               -0,               -0,  1.626332368e-15,            -6999,          52492.5
           0.943,      7035.932572,   0.005249136681,      7.594643369,                0,                0,    0.05840984803,     -28.32605612,      6998.996382,      7.072498781,     0.9429998375,  -0.007673215677,      7.499996123,     0.9999994831,  -0.008137027527,               -0,               -0,  2.693644034e-15,            -6999,          52492.5
           0.944,      7035.932572,   0.005249136681,      7.594643369,                0,                0,    0.05847178848,     -28.32605612,      6998.996374,      7.079998777,      0.943999837,    -0.0076813527,      7.499996115,      0.999999482,  -0.008137027526,               -0,               -0,  3.531429342e-15,            -6999,          52492.5
           0.945,      7035.932572,   0.005249136681,      7.594643369,                0,                0,    0.05853372895,     -28.32605612,      6998.996367,      7.087498774,     0.9449998365,  -0.007689489724,      7.499996107,     0.9999994809,  -0.008137027526,               -0,               -0,  2.849654801e-15,            -6999,          52492.5
           0.946,      7035.932572,   0.005249136681,      7.594643369,                0,                0,     0.0585956694,     -28.32605612,      6998.996359,       7.09499877,      0.945999836,  -0.007697626747,      7.499996098,     0.9999994798,  -0.008137027526,               -0,               -0,  2.910999777e-15,            -6999,          52492.5
           0.947,      7035.932572,   0.005249136681,      7.594643369,                0,                0,    0.05865760985,     -28.32605612,      6998.996351,      7.102498766,     0.9469998354,   -0.00770576377,       7.49999609,     0.9999994787,  -0.008137027526,               -0,               -0,  3.213966277e-15,            -6999,          52492.5
           0.948,      7035.932572,   0.005249136681,      7.594643369,                0,                0,    0.05871955032,     -28.32605612,      6998.996344,      7.109998762,     0.9479998349,  -0.007713900794,      7.499996082,     0.9999994776,  -0.008137027526,               -0,               -0,  3.458007046e-15,            -6999,          52492.5
           0.949,      7035.932572,   0.005249136681,      7.594643369,                0,                0,    0.05878149077,     -28.32605612,      6998.996336,      7.117498758,     0.9489998344,  -0.007722037817,      7.499996074,     0.9999994765,  -0.008137027526,               -0,               -0,  3.241266938e-15,            -6999,          52492.5
            0.95,      7035.932572,   0.005249136681,      7.594643369,                0,                0,    0.05884343121,     -28.32605612,      6998.996328,      7.124998754,     0.9499998339,   -0.00773017484,      7.499996065,     0.9999994754,  -0.008137027526,               -0,               -0,  3.050069324e-15,            -6999,          52492.5
           0.951,      7035.932572,   0.005249136681,      7.594643369,                0,                0,    0.05890537167,     -28.32605612,       6998.99632,       7.13249875,     0.9509998333,  -0.007738311863,      7.499996057,     0.9999994743,  -0.008137027525,               -0,               -0,   3.27442522e-15,            -6999,          52492.5
           0.952,      7035.932572,   0.005249136681,      7.594643369,                0,                0,    0.05896731213,     -28.32605612,      6998.996313,      7.139998746,     0.9519998328,  -0.007746448887,      7.499996049,     0.9999994732,  -0.008137027525,               -0,               -0,  3.610457087e-15,            -6999,          52492.5
           0.953,      7035.932572,   0.005249136681,      7.594643369,                0,                0,    0.05902925258,     -28.32605612,      6998.996305,      7.147498742,     0.9529998323,   -0.00775458591,       7.49999604,     0.9999994721,  -0.008137027525,               -0,               -0,  3.656310165e-15,            -6999,          52492.5
           0.954,      7035.932572,   0.005249136681,      7.594643369,                0,                0,    0.05909119303,     -28.32605612,      6998.996297,      7.154998738,     0.9539998318,  -0.007762722933,      7.499996032,      0.999999471,  -0.008137027525,               -0,               -0,  3.898308209e-15,            -6999,          52492.5
           0.955,      7035.932572,   0.005249136681,      7.594643369,                0,                0,    0.05915313348,     -28.32605612,      6998.996289,      7.162498734,     0.9549998312,  -0.007770859956,      7.499996024,     0.9999994698,  -0.008137027525,               -0,               -0,  3.841615336e-15,            -6999,          52492.5
           0.956,      7035.932572,   0.005249136681,      7.594643369,                0,                0,    0.05921507393,     -28.32605612,      6998.996282,       7.16999873,     0.9559998307,  -0.007778996979,      7.499996015,     0.9999994687,  -0.008137027525,               -0,               -0,  4.067201677e-15,            -6999,          52492.5
           0.957,      7035.932572,   0.005249136681,      7.594643369,                0,                0,    0.05927701439,     -28.32605612,      6998.996274,      7.177498726,     0.9569998302,  -0.007787134003,      7.499996007,     0.9999994676,  -0.008137027525,               -0,               -0,  3.285034911e-15,            -6999,          52492.5
           0.958,      7035.932572,   0.005249136681,      7.594643369,                0,                0,    0.05933895484,     -28.32605612,      6998.996266,      7.184998722,     0.9579998296,  -0.007795271026,      7.499995999,     0.9999994665,  -0.008137027524,               -0,               -0,  2.869617129e-15,            -6999,          52492.5
           0.959,      7035.932572,   0.005249136681,      7.594643369,                0,                0,     0.0594008953,     -28.32605612,      6998.996258,      7.192498718,     0.9589998291,  -0.007803408049,       7.49999599,     0.9999994654,  -0.008137027524,               -0,               -0,  3.217621923e-15,            -6999,          52492.5
            0.96,      7035.932572,   0.005249136681,      7.594643369,                0,                0,    0.05946283575,     -28.32605612,       6998.99625,      7.199998714,     0.9599998286,  -0.007811545072,      7.499995982,     0.9999994643,  -0.008137027524,               -0,               -0,   4.01851072e-15,            -6999,          52492.5
           0.961,      7035.932572,   0.005249136681,      7.594643369,                0,                0,     0.0595247762,     -28.32605612,      6998.996243,       7.20749871,      0.960999828,  -0.007819682095,      7.499995974,     0.9999994632,  -0.008137027524,               -0,               -0,  3.094073171e-15,            -6999,          52492.5
           0.962,      7035.932572,   0.005249136681,      7.594643369,                0,                0,    0.05958671667,     -28.32605612,      6998.996235,      7.214998706,     0.9619998275,  -0.007827819119,      7.499995965,      0.999999462,  -0.008137027524,               -0,               -0,  3.595168593e-15,            -6999,          52492.5
           0.963,      7035.932572,   0.005249136681,      7.594643369,                0,              360,    0.05964865711,     -28.32605612,      6998.996227,      7.222498702,      0.962999827,  -0.007835956142,      7.499995957,     0.9999994609,  -0.008137027524,               -0,               -0,  4.145445272e-15,            -6999,          52492.5
           0.964,      7035.932572,   0.005249136681,      7.594643369,                0,                0,    0.05971059756,     -28.32605612,      6998.996219,      7.229998698,     0.9639998264,  -0.007844093165,      7.499995949,     0.9999994598,  -0.008137027524,               -0,               -0,  3.542855936e-15,            -6999,          52492.5
           0.965,      7035.932572,   0.005249136681,      7.594643369,                0,                0,    0.05977253803,     -28.32605612,      6998.996211,      7.237498694,     0.9649998259,  -0.007852230188,       7.49999594,     0.9999994587,  -0.008137027523,               -0,               -0,  4.050081772e-15,            -6999,          52492.5
           0.966,      7035.932572,   0.005249136681,      7.594643369,                0,                0,    0.05983447847,     -28.32605612,      6998.996203,       7.24499869,     0.9659998253,  -0.007860367211,      7.499995932,     0.9999994576,  -0.008137027523,               -0,               -0,  3.488912924e-15,            -6999,          52492.5
           0.967,      7035.932572,   0.005249136681,      7.594643369,                0,                0,    0.05989641893,     -28.32605612,      6998.996196,      7.252498686,     0.9669998248,  -0.007868504234,      7.499995923,     0.9999994564,  -0.008137027523,               -0,               -0,  4.039041937e-15,            -6999,          52492.5
           0.968,      7035.932572,   0.005249136681,      7.594643369,                0,                0,    0.05995835938,     -28.32605612,      6998.996188,      7.259998682,     0.9679998242,  -0.007876641257,      7.499995915,     0.9999994553,  -0.008137027523,               -0,               -0,  4.495091263e-15,            -6999,          52492.5
           0.969,      7035.932572,   0.005249136681,      7.594643369,                0,                0,    0.06002029983,     -28.32605612,       6998.99618,      7.267498678,     0.9689998237,   -0.00788477828,      7.499995906,     0.9999994542,  -0.008137027523,               -0,               -0,  5.343386119e-15,            -6999,          52492.5
            0.97,      7035.932572,   0.005249136681,      7.594643369,                0,              360,    0.06008224028,     -28.32605612,      6998.996172,      7.274998674,     0.9699998232,  -0.007892915303,      7.499995898,     0.9999994531,  -0.008137027523,               -0,               -0,  5.293894982e-15,            -6999,          52492.5
           0.971,      7035.932572,   0.005249136681,      7.594643369,                0,                0,    0.06014418074,     -28.32605612,      6998.996164,       7.28249867,     0.9709998226,  -0.007901052326,      7.499995889,     0.9999994519,  -0.008137027523,               -0,               -0,  4.753284618e-15,            -6999,          52492.5
           0.972,      7035.932572,   0.005249136681,      7.594643369,                0,                0,    0.06020612121,     -28.32605612,      6998.996156,      7.289998665,     0.9719998221,   -0.00790918935,      7.499995881,     0.9999994508,  -0.008137027522,               -0,               -0,  5.177382459e-15,            -6999,          52492.5
           0.973,      7035.932572,   0.005249136681,      7.594643369,                0,                0,    0.06026806166,     -28.32605612,      6998.996148,      7.297498661,     0.9729998215,  -0.007917326373,      7.499995873,     0.9999994497,  -0.008137027522,               -0,               -0,  5.276157763e-15,            -6999,          52492.5
           0.974,      7035.932572,   0.005249136681,      7.594643369,                0,                0,    0.06033000211,     -28.32605612,       6998.99614,      7.304998657,      0.973999821,  -0.007925463396,      7.499995864,     0.9999994485,  -0.008137027522,               -0,               -0,  4.647757336e-15,            -6999,          52492.5
           0.975,      7035.932572,   0.005249136681,      7.594643369,                0,              360,    0.06039194255,     -28.32605612,      6998.996132,      7.312498653,     0.9749998204,  -0.007933600419,      7.499995856,     0.9999994474,  -0.008137027522,               -0,               -0,  4.590357424e-15,            -6999,          52492.5
           0.976,      7035.932572,   0.005249136681,      7.594643369,                0,              360,      0.060453883,     -28.32605612,      6998.996124,      7.319998649,     0.9759998199,  -0.007941737442,      7.499995847,     0.9999994463,  -0.008137027522,               -0,               -0,  3.891920412e-15,            -6999,          52492.5
           0.977,      7035.932572,   0.005249136681,      7.594643369,                0,              360,    0.06051582345,     -28.32605612,      6998.996116,      7.327498645,     0.9769998193,  -0.007949874465,      7.499995838,     0.9999994451,  -0.008137027522,               -0,               -0,  4.815128658e-15,            -6999,          52492.5
           0.978,      7035.932572,   0.005249136681,      7.594643369,                0,              360,    0.06057776392,     -28.32605612,      6998.996109,      7.334998641,     0.9779998187,  -0.007958011488,       7.49999583,      0.999999444,  -0.008137027522,               -0,               -0,   4.29359508e-15,            -6999,          52492.5
           0.979,      7035.932572,   0.005249136681,      7.594643369,                0,              360,    0.06063970436,     -28.32605612,      6998.996101,      7.342498636,     0.9789998182,  -0.007966148511,      7.499995821,     0.9999994429,  -0.008137027521,               -0,               -0,  4.517004916e-15,            -6999,          52492.5
            0.98,      7035.932572,   0.005249136681,      7.594643369,                0,              360,    0.06070164482,     -28.32605612,      6998.996093,      7.349998632,     0.9799998176,  -0.007974285534,      7.499995813,     0.9999994417,  -0.008137027521,               -0,               -0,  5.158168701e-15,            -6999,          52492.5
           0.981,      7035.932572,   0.005249136681,      7.594643369,                0,              360,    0.06076358527,     -28.32605612,      6998.996085,      7.357498628,     0.9809998171,  -0.007982422557,      7.499995804,     0.9999994406,  -0.008137027521,               -0,               -0,     4.927056e-15,            -6999,          52492.5
           0.982,      7035.932572,   0.005249136681,      7.594643369,                0,              360,    0.06082552574,     -28.32605612,      6998.996077,      7.364998624,     0.9819998165,   -0.00799055958,      7.499995796,     0.9999994394,  -0.008137027521,               -0,               -0,  4.309993319e-15,            -6999,          52492.5
           0.983,      7035.932572,   0.005249136681,      7.594643369,                0,              360,    0.06088746618,     -28.32605612,      6998.996069,       7.37249862,     0.9829998159,  -0.007998696603,      7.499995787,     0.9999994383,  -0.008137027521,               -0,               -0,  4.611818536e-15,            -6999,          52492.5
           0.984,      7035.932572,   0.005249136681,      7.594643369,                0,              360,    0.06094940664,     -28.32605612,      6998.996061,      7.379998615,     0.9839998154,  -0.008006833625,      7.499995779,     0.9999994372,  -0.008137027521,               -0,               -0,  5.502012414e-15,            -6999,          52492.5
           0.985,      7035.932572,   0.005249136681,      7.594643369,                0,              360,     0.0610113471,     -28.32605612,      6998.996053,      7.387498611,     0.9849998148,  -0.008014970648,       7.49999577,      0.999999436,  -0.008137027521,               -0,               -0,   5.69054442e-15,            -6999,          52492.5
           0.986,      7035.932572,   0.005249136681,      7.594643369,                0,              360,    0.06107328755,     -28.32605612,      6998.996045,      7.394998607,     0.9859998143,  -0.008023107671,      7.499995761,     0.9999994349,   -0.00813702752,               -0,               -0,  5.663741458e-15,            -6999,          52492.5
           0.987,      7035.932572,   0.005249136681,      7.594643369,                0,              360,    0.06113522801,     -28.32605612,      6998.996037,      7.402498603,     0.9869998137,  -0.008031244694,      7.499995753,     0.9999994337,   -0.00813702752,               -0,               -0,   4.95341613e-15,            -6999,          52492.5
           0.988,      7035.932572,   0.005249136681,      7.594643369,                0,              360,    0.06119716845,     -28.32605612,      6998.996029,      7.409998598,     0.9879998131,  -0.008039381717,      7.499995744,     0.9999994326,   -0.00813702752,               -0,               -0,  5.890253696e-15,            -6999,          52492.5
           0.989,      7035.932572,   0.005249136681,      7.594643369,                0,              360,    0.06125910892,     -28.32605612,      6998.996021,      7.417498594,     0.9889998126,   -0.00804751874,      7.499995736,     0.9999994314,   -0.00813702752,               -0,               -0,  6.296045597e-15,            -6999,          52492.5
            0.99,      7035.932572,   0.005249136681,      7.594643369,                0,              360,    0.06132104935,     -28.32605612,      6998.996012,       7.42499859,      0.989999812,  -0.008055655763,      7.499995727,     0.9999994303,   -0.00813702752,               -0,               -0,  5.768940716e-15,            -6999,          52492.5
           0.991,      7035.932572,   0.005249136681,      7.594643369,                0,              360,    0.06138298981,     -28.32605612,      6998.996004,      7.432498586,     0.9909998114,  -0.008063792786,      7.499995718,     0.9999994291,   -0.00813702752,               -0,               -0,  5.620439564e-15,            -6999,          52492.5
           0.992,      7035.932572,   0.005249136681,      7.594643369,                0,              360,    0.06144493026,     -28.32605612,      6998.995996,      7.439998581,     0.9919998108,  -0.008071929809,       7.49999571,      0.999999428,   -0.00813702752,               -0,               -0,  6.401540295e-15,            -6999,          52492.5
           0.993,      7035.932572,   0.005249136681,      7.594643369,                0,              360,    0.06150687072,     -28.32605612,      6998.995988,      7.447498577,     0.9929998103,  -0.008080066832,      7.499995701,     0.9999994268,  -0.008137027519,               -0,               -0,  6.822213674e-15,            -6999,          52492.5
           0.994,      7035.932572,   0.005249136681,      7.594643369,                0,              360,    0.06156881117,     -28.32605612,       6998.99598,      7.454998573,     0.9939998097,  -0.008088203854,      7.499995692,     0.9999994257,  -0.008137027519,               -0,               -0,  5.592430571e-15,            -6999,          52492.5
           0.995,      7035.932572,   0.005249136681,      7.594643369,                0,              360,    0.06163075163,     -28.32605612,      6998.995972,      7.462498568,     0.9949998091,  -0.008096340877,      7.499995684,     0.9999994245,  -0.008137027519,               -0,               -0,  4.915200478e-15,            -6999,          52492.5
           0.996,      7035.932572,   0.005249136681,      7.594643369,                0,              360,    0.06169269209,     -28.32605612,      6998.995964,      7.469998564,     0.9959998085,    -0.0081044779,      7.499995675,     0.9999994233,  -0.008137027519,               -0,               -0,  6.226369701e-15,            -6999,          52492.5
           0.997,      7035.932572,   0.005249136681,      7.594643369,                0,              360,    0.06175463253,     -28.32605612,      6998.995956,       7.47749856,      0.996999808,  -0.008112614923,      7.499995666,     0.9999994222,  -0.008137027519,               -0,               -0,  6.459552572e-15,            -6999,          52492.5
           0.998,      7035.932572,   0.005249136681,      7.594643369,                0,              360,    0.06181657299,     -28.32605612,      6998.995948,      7.484998555,     0.9979998074,  -0.008120751946,      7.499995658,      0.999999421,  -0.008137027519,               -0,               -0,  6.101077201e-15,            -6999,          52492.5
           0.999,      7035.932572,   0.005249136681,      7.594643369,                0,              360,    0.06187851343,     -28.32605612,       6998.99594,      7.492498551,     0.9989998068,  -0.008128888969,      7.499995649,     0.9999994199,  -0.008137027519,               -0,               -0,  7.357284662e-15,            -6999,          52492.5
               1,      7035.932572,   0.005249136681,      7.594643369,                0,              360,     0.0619404539,     -28.32605612,      6998.995931,      7.499998547,     0.9999998062,  -0.008137025991,       7.49999564,     0.9999994187,  -0.008137027518,               -0,               -0,  7.219798388e-15,            -6999,          52492.5
           1.001,      7035.932572,   0.005249136681,      7.594643369,                0,              360,    0.06200239434,     -28.32605612,      6998.995923,      7.507498542,      1.000999806,  -0.008145163014,      7.499995632,     0.9999994175,  -0.008137027518,               -0,               -0,  7.063125213e-15,            -6999,          52492.5
           1.002,      7035.932572,   0.005249136681,      7.594643369,                0,              360,    0.06206433481,     -28.32605612,      6998.995915,      7.514998538,      1.001999805,  -0.008153300037,      7.499995623,     0.9999994164,  -0.008137027518,               -0,               -0,  6.485415232e-15,            -6999,          52492.5
           1.003,      7035.932572,   0.005249136681,      7.594643369,                0,              360,    0.06212627526,     -28.32605612,      6998.995907,      7.522498534,      1.002999804,   -0.00816143706,      7.499995614,     0.9999994152,  -0.008137027518,               -0,               -0,  7.696340591e-15,            -6999,          52492.5
           1.004,      7035.932572,   0.005249136681,      7.594643369,                0,              360,    0.06218821571,     -28.32605612,      6998.995899,      7.529998529,      1.003999804,  -0.008169574082,      7.499995605,      0.999999414,  -0.008137027518,               -0,               -0,  6.796016558e-15,            -6999,          52492.5
           1.005,      7035.932572,   0.005249136681,      7.594643369,                0,              360,    0.06225015617,     -28.32605612,      6998.995891,      7.537498525,      1.004999803,  -0.008177711105,      7.499995597,     0.9999994129,  -0.008137027518,               -0,               -0,  6.047128795e-15,            -6999,          52492.5
           1.006,      7035.932572,   0.005249136681,      7.594643369,                0,              360,    0.06231209663,     -28.32605612,      6998.995883,       7.54499852,      1.005999803,  -0.008185848128,      7.499995588,     0.9999994117,  -0.008137027517,               -0,               -0,  5.047827286e-15,            -6999,          52492.5
           1.007,      7035.932572,   0.005249136681,      7.594643369,                0,              360,    0.06237403708,     -28.32605612,      6998.995874,      7.552498516,      1.006999802,  -0.008193985151,      7.499995579,     0.9999994105,  -0.008137027517,               -0,               -0,  6.899293671e-15,            -6999,          52492.5
           1.008,      7035.932572,   0.005249136681,      7.594643369,                0,              360,    0.06243597753,     -28.32605612,      6998.995866,      7.559998512,      1.007999802,  -0.008202122173,       7.49999557,     0.9999994094,  -0.008137027517,               -0,               -0,  6.810134536e-15,            -6999,          52492.5
           1.009,      7035.932572,   0.005249136681,      7.594643369,                0,              360,    0.06249791799,     -28.32605612,      6998.995858,      7.567498507,      1.008999801,  -0.008210259196,      7.499995561,     0.9999994082,  -0.008137027517,               -0,               -0,  7.043035953e-15,            -6999,          52492.5
            1.01,      7035.932572,   0.005249136681,      7.594643369,                0,              360,    0.06255985843,     -28.32605612,       6998.99585,      7.574998503,        1.0099998,  -0.008218396219,      7.499995553,      0.999999407,  -0.008137027517,               -0,               -0,  6.307970415e-15,            -6999,          52492.5
           1.011,      7035.932572,   0.005249136681,      7.594643369,                0,              360,    0.06262179889,     -28.32605612,      6998.995841,      7.582498498,        1.0109998,  -0.008226533241,      7.499995544,     0.9999994058,  -0.008137027517,               -0,               -0,  6.821271693e-15,            -6999,          52492.5
           1.012,      7035.932572,   0.005249136681,      7.594643369,                0,              360,    0.06268373934,     -28.32605612,      6998.995833,      7.589998494,      1.011999799,  -0.008234670264,      7.499995535,     0.9999994047,  -0.008137027517,               -0,               -0,  7.340929796e-15,            -6999,          52492.5
           1.013,      7035.932572,   0.005249136681,      7.594643369,                0,              360,     0.0627456798,     -28.32605612,      6998.995825,      7.597498489,      1.012999799,  -0.008242807287,      7.499995526,     0.9999994035,  -0.008137027516,               -0,               -0,  7.465095945e-15,            -6999,          52492.5
           1.014,      7035.932572,   0.005249136681,      7.594643369,                0,              360,    0.06280762025,     -28.32605612,      6998.995817,      7.604998485,      1.013999798,  -0.008250944309,      7.499995517,     0.9999994023,  -0.008137027516,               -0,               -0,  6.791921461e-15,            -6999,          52492.5
           1.015,      7035.932572,   0.005249136681,      7.594643369,                0,              360,    0.06286956071,     -28.32605612,      6998.995809,       7.61249848,      1.014999797,  -0.008259081332,      7.499995508,     0.9999994011,  -0.008137027516,               -0,               -0,  6.652893302e-15,            -6999,          52492.5
           1.016,      7035.932572,   0.005249136681,      7.594643369,                0,              360,    0.06293150115,     -28.32605612,        6998.9958,      7.619998476,      1.015999797,  -0.008267218355,        7.4999955,        0.9999994,  -0.008137027516,               -0,               -0,  7.579027529e-15,            -6999,          52492.5
           1.017,      7035.932572,   0.005249136681,      7.594643369,                0,              360,    0.06299344161,     -28.32605612,      6998.995792,      7.627498471,      1.016999796,  -0.008275355377,      7.499995491,     0.9999993988,  -0.008137027516,               -0,               -0,  6.503941049e-15,            -6999,          52492.5
           1.018,      7035.932572,   0.005249136681,      7.594643369,                0,              360,    0.06305538206,     -28.32605612,      6998.995784,      7.634998467,      1.017999796,    -0.0082834924,      7.499995482,     0.9999993976,  -0.008137027516,               -0,               -0,  5.690320322e-15,            -6999,          52492.5
           1.019,      7035.932572,   0.005249136681,      7.594643369,                0,              360,    0.06311732252,     -28.32605612,      6998.995775,      7.642498462,      1.018999795,  -0.008291629423,      7.499995473,     0.9999993964,  -0.008137027515,               -0,               -0,  5.584804964e-15,            -6999,          52492.5
            1.02,      7035.932572,   0.005249136681,      7.594643369,                0,              360,    0.06317926296,     -28.32605612,      6998.995767,      7.649998458,      1.019999794,  -0.008299766445,      7.499995464,     0.9999993952,  -0.008137027515,               -0,               -0,  5.826902895e-15,            -6999,          52492.5
           1.021,      7035.932572,   0.005249136681,      7.594643369,                0,              360,    0.06324120342,     -28.32605612,      6998.995759,      7.657498453,      1.020999794,  -0.008307903468,      7.499995455,      0.999999394,  -0.008137027515,               -0,               -0,  5.126587204e-15,            -6999,          52492.5
           1.022,      7035.932572,   0.005249136681,      7.594643369,                0,              360,    0.06330314388,     -28.32605612,      6998.995751,      7.664998449,      1.021999793,   -0.00831604049,      7.499995446,     0.9999993928,  -0.008137027515,               -0,               -0,  4.858367417e-15,            -6999,          52492.5
           1.023,      7035.932572,   0.005249136681,      7.594643369,                0,              360,    0.06336508434,     -28.32605612,      6998.995742,      7.672498444,      1.022999793,  -0.008324177513,      7.499995437,     0.9999993917,  -0.008137027515,               -0,               -0,  4.584035273e-15,            -6999,          52492.5
           1.024,      7035.932572,   0.005249136681,      7.594643369,                0,              360,    0.06342702478,     -28.32605612,      6998.995734,       7.67999844,      1.023999792,  -0.008332314535,      7.499995428,     0.9999993905,  -0.008137027515,               -0,               -0,  4.827946858e-15,            -6999,          52492.5
           1.025,      7035.932572,   0.005249136681,      7.594643369,                0,              360,    0.06348896523,     -28.32605612,      6998.995726,      7.687498435,      1.024999791,  -0.008340451558,       7.49999542,     0.9999993893,  -0.008137027515,               -0,               -0,  4.300076212e-15,            -6999,          52492.5
           1.026,      7035.932572,   0.005249136681,      7.594643369,                0,              360,    0.06355090569,     -28.32605612,      6998.995717,       7.69499843,      1.025999791,  -0.008348588581,      7.499995411,     0.9999993881,  -0.008137027514,               -0,               -0,  4.374932742e-15,            -6999,          52492.5
           1.027,      7035.932572,   0.005249136681,      7.594643369,                0,              360,    0.06361284615,     -28.32605612,      6998.995709,      7.702498426,       1.02699979,  -0.008356725603,      7.499995402,     0.9999993869,  -0.008137027514,               -0,               -0,  3.762490153e-15,            -6999,          52492.5
           1.028,      7035.932572,   0.005249136681,      7.594643369,                0,              360,     0.0636747866,     -28.32605612,        6998.9957,      7.709998421,      1.027999789,  -0.008364862626,      7.499995393,     0.9999993857,  -0.008137027514,               -0,               -0,  3.805061959e-15,            -6999,          52492.5
           1.029,      7035.932572,   0.005249136681,      7.594643369,                0,              360,    0.06373672706,     -28.32605612,      6998.995692,      7.717498417,      1.028999789,  -0.008372999648,      7.499995384,     0.9999993845,  -0.008137027514,               -0,               -0,  4.134662469e-15,            -6999,          52492.5
            1.03,      7035.932572,   0.005249136681,      7.594643369,                0,              360,     0.0637986675,     -28.32605612,      6998.995684,      7.724998412,      1.029999788,  -0.008381136671,      7.499995375,     0.9999993833,  -0.008137027514,               -0,               -0,  3.461266245e-15,            -6999,          52492.5
           1.031,      7035.932572,   0.005249136681,      7.594643369,                0,              360,    0.06386060796,     -28.32605612,      6998.995675,      7.732498407,      1.030999788,  -0.008389273693,      7.499995366,     0.9999993821,  -0.008137027514,               -0,               -0,  2.271204246e-15,            -6999,          52492.5
           1.032,      7035.932572,   0.005249136681,      7.594643369,                0,              360,    0.06392254841,     -28.32605612,      6998.995667,      7.739998403,      1.031999787,  -0.008397410716,      7.499995357,     0.9999993809,  -0.008137027514,               -0,               -0,  2.798299493e-15,            -6999,          52492.5
           1.033,      7035.932572,   0.005249136681,      7.594643369,                0,              360,    0.06398448887,     -28.32605612,      6998.995659,      7.747498398,      1.032999786,  -0.008405547738,      7.499995348,     0.9999993797,  -0.008137027513,               -0,               -0,  3.783057622e-15,            -6999,          52492.5
           1.034,      7035.932572,   0.005249136681,      7.594643369,                0,              360,    0.06404642932,     -28.32605612,       6998.99565,      7.754998393,      1.033999786,  -0.008413684761,      7.499995339,     0.9999993785,  -0.008137027513,               -0,               -0,  3.935454165e-15,            -6999,          52492.5
           1.035,      7035.932572,   0.005249136681,      7.594643369,                0,              360,    0.06410836977,     -28.32605612,      6998.995642,      7.762498389,      1.034999785,  -0.008421821783,       7.49999533,     0.9999993773,  -0.008137027513,               -0,               -0,  4.629998915e-15,            -6999,          52492.5
           1.036,      7035.932572,   0.005249136681,      7.594643369,                0,              360,    0.06417031022,     -28.32605612,      6998.995633,      7.769998384,      1.035999785,  -0.008429958805,      7.499995321,     0.9999993761,  -0.008137027513,               -0,               -0,  4.551131756e-15,            -6999,          52492.5
           1.037,      7035.932572,   0.005249136681,      7.594643369,                0,              360,    0.06423225068,     -28.32605612,      6998.995625,      7.777498379,      1.036999784,  -0.008438095828,      7.499995312,     0.9999993749,  -0.008137027513,               -0,               -0,  5.100563331e-15,            -6999,          52492.5
           1.038,      7035.932572,   0.005249136681,      7.594643369,                0,              360,    0.06429419113,     -28.32605612,      6998.995616,      7.784998375,      1.037999783,   -0.00844623285,      7.499995303,     0.9999993737,  -0.008137027513,               -0,               -0,  4.988269593e-15,            -6999,          52492.5
           1.039,      7035.932572,   0.005249136681,      7.594643369,                0,              360,     0.0643561316,     -28.32605612,      6998.995608,       7.79249837,      1.038999783,  -0.008454369873,      7.499995294,     0.9999993725,  -0.008137027512,               -0,               -0,  3.812403915e-15,            -6999,          52492.5
            1.04,      7035.932572,   0.005249136681,      7.594643369,                0,              360,    0.06441807205,     -28.32605612,      6998.995599,      7.799998365,      1.039999782,  -0.008462506895,      7.499995285,     0.9999993713,  -0.008137027512,               -0,               -0,  4.701629363e-15,            -6999,          52492.5
           1.041,      7035.932572,   0.005249136681,      7.594643369,                0,              360,     0.0644800125,     -28.32605612,      6998.995591,      7.807498361,      1.040999781,  -0.008470643917,      7.499995275,     0.9999993701,  -0.008137027512,               -0,               -0,  5.501613211e-15,            -6999,          52492.5
           1.042,      7035.932572,   0.005249136681,      7.594643369,                0,              360,    0.06454195296,     -28.32605612,      6998.995583,      7.814998356,      1.041999781,   -0.00847878094,      7.499995266,     0.9999993688,  -0.008137027512,               -0,               -0,  4.922331282e-15,            -6999,          52492.5
           1.043,      7035.932572,   0.005249136681,      7.594643369,                0,              360,    0.06460389339,     -28.32605612,      6998.995574,      7.822498351,       1.04299978,  -0.008486917962,      7.499995257,     0.9999993676,  -0.008137027512,               -0,               -0,  3.450116345e-15,            -6999,          52492.5
           1.044,      7035.932572,   0.005249136681,      7.594643369,                0,              360,    0.06466583385,     -28.32605612,      6998.995566,      7.829998346,       1.04399978,  -0.008495054985,      7.499995248,     0.9999993664,  -0.008137027512,               -0,               -0,  3.328783578e-15,            -6999,          52492.5
           1.045,      7035.932572,   0.005249136681,      7.594643369,                0,              360,    0.06472777431,     -28.32605612,      6998.995557,      7.837498342,      1.044999779,  -0.008503192007,      7.499995239,     0.9999993652,  -0.008137027512,               -0,               -0,  2.400670008e-15,            -6999,          52492.5
           1.046,      7035.932572,   0.005249136681,      7.594643369,                0,              360,    0.06478971477,     -28.32605612,      6998.995549,      7.844998337,      1.045999778,  -0.008511329029,       7.49999523,      0.999999364,  -0.008137027511,               -0,               -0,   2.92846556e-15,            -6999,          52492.5
           1.047,      7035.932572,   0.005249136681,      7.594643369,                0,              360,    0.06485165522,     -28.32605612,       6998.99554,      7.852498332,      1.046999778,  -0.008519466052,      7.499995221,     0.9999993628,  -0.008137027511,               -0,               -0,  2.733968168e-15,            -6999,          52492.5
           1.048,      7035.932572,   0.005249136681,      7.594643369,                0,              360,    0.06491359567,     -28.32605612,      6998.995532,      7.859998327,      1.047999777,  -0.008527603074,      7.499995212,     0.9999993616,  -0.008137027511,               -0,               -0,  4.064324661e-15,            -6999,          52492.5
           1.049,      7035.932572,   0.005249136681,      7.594643369,                0,              360,    0.06497553613,     -28.32605612,      6998.995523,      7.867498322,      1.048999776,  -0.008535740096,      7.499995203,     0.9999993603,  -0.008137027511,               -0,               -0,   4.75854126e-15,            -6999,          52492.5
            1.05,      7035.932572,   0.005249136681,      7.594643369,                0,              360,    0.06503747658,     -28.32605612,      6998.995514,      7.874998318,      1.049999776,  -0.008543877119,      7.499995193,     0.9999993591,  -0.008137027511,               -0,               -0,  3.526595205e-15,            -6999,          52492.5
           1.051,      7035.932572,   0.005249136681,      7.594643369,                0,              360,    0.06509941703,     -28.32605612,      6998.995506,      7.882498313,      1.050999775,  -0.008552014141,      7.499995184,     0.9999993579,  -0.008137027511,               -0,               -0,  2.631176384e-15,            -6999,          52492.5
           1.052,      7035.932572,   0.005249136681,      7.594643369,                0,              360,    0.06516135749,     -28.32605612,      6998.995497,      7.889998308,      1.051999774,  -0.008560151163,      7.499995175,     0.9999993567,   -0.00813702751,               -0,               -0,    3.4345843e-15,            -6999,          52492.5
           1.053,      7035.932572,   0.005249136681,      7.594643369,                0,              360,    0.06522329793,     -28.32605612,      6998.995489,      7.897498303,      1.052999774,  -0.008568288185,      7.499995166,     0.9999993555,   -0.00813702751,               -0,               -0,  2.884317081e-15,            -6999,          52492.5
           1.054,      7035.932572,   0.005249136681,      7.594643369,                0,              360,    0.06528523839,     -28.32605612,       6998.99548,      7.904998298,      1.053999773,  -0.008576425208,      7.499995157,     0.9999993542,   -0.00813702751,               -0,               -0,  2.354886511e-15,            -6999,          52492.5
           1.055,      7035.932572,   0.005249136681,      7.594643369,                0,              360,    0.06534717885,     -28.32605612,      6998.995472,      7.912498294,      1.054999772,   -0.00858456223,      7.499995147,      0.999999353,   -0.00813702751,               -0,               -0,   5.56270369e-16,            -6999,          52492.5
           1.056,      7035.932572,   0.005249136681,      7.594643369,                0,              360,     0.0654091193,     -28.32605612,      6998.995463,      7.919998289,      1.055999772,  -0.008592699252,      7.499995138,     0.9999993518,   -0.00813702751,               -0,               -0,  1.518633938e-15,            -6999,          52492.5
           1.057,      7035.932572,   0.005249136681,      7.594643369,                0,              360,    0.06547105975,     -28.32605612,      6998.995454,      7.927498284,      1.056999771,  -0.008600836274,      7.499995129,     0.9999993505,   -0.00813702751,               -0,               -0,  1.297966684e-15,            -6999,          52492.5
           1.058,      7035.932572,   0.005249136681,      7.594643369,                0,              360,    0.06553300021,     -28.32605612,      6998.995446,      7.934998279,      1.057999771,  -0.008608973297,       7.49999512,     0.9999993493,  -0.008137027509,               -0,               -0,  3.806029757e-16,            -6999,          52492.5
           1.059,      7035.932572,   0.005249136681,      7.594643369,                0,              360,    0.06559494067,     -28.32605612,      6998.995437,      7.942498274,       1.05899977,  -0.008617110319,      7.499995111,     0.9999993481,  -0.008137027509,               -0,               -0,  1.410551267e-16,            -6999,          52492.5
            1.06,      7035.932572,   0.005249136681,      7.594643369,                0,              360,    0.06565688111,     -28.32605612,      6998.995429,      7.949998269,      1.059999769,  -0.008625247341,      7.499995101,     0.9999993469,  -0.008137027509,               -0,               -0,  1.060106989e-15,            -6999,          52492.5
           1.061,      7035.932572,   0.005249136681,      7.594643369,                0,              360,    0.06571882157,     -28.32605612,       6998.99542,      7.957498264,      1.060999769,  -0.008633384363,      7.499995092,     0.9999993456,  -0.008137027509,               -0,               -0,  9.667740541e-16,            -6999,          52492.5
           1.062,      7035.932572,   0.005249136681,      7.594643369,                0,              360,    0.06578076202,     -28.32605612,      6998.995411,      7.964998259,      1.061999768,  -0.008641521385,      7.499995083,     0.9999993444,  -0.008137027509,               -0,               -0,  1.235569537e-15,            -6999,          52492.5
           1.063,      7035.932572,   0.005249136681,      7.594643369,                0,              360,    0.06584270247,     -28.32605612,      6998.995403,      7.972498254,      1.062999767,  -0.008649658408,      7.499995074,     0.9999993431,  -0.008137027509,               -0,               -0,  5.764715012e-16,            -6999,          52492.5
           1.064,      7035.932572,   0.005249136681,      7.594643369,                0,              360,    0.06590464292,     -28.32605612,      6998.995394,      7.979998249,      1.063999767,   -0.00865779543,      7.499995064,     0.9999993419,  -0.008137027509,               -0,               -0,  3.617727394e-16,            -6999,          52492.5
           1.065,      7035.932572,   0.005249136681,      7.594643369,                0,              360,    0.06596658338,     -28.32605612,      6998.995385,      7.987498245,      1.064999766,  -0.008665932452,      7.499995055,     0.9999993407,  -0.008137027508,               -0,               -0,  1.935159261e-16,            -6999,          52492.5
           1.066,      7035.932572,   0.005249136681,      7.594643369,              360,              360,    0.06602852383,     -28.32605612,      6998.995377,       7.99499824,      1.065999765,  -0.008674069474,      7.499995046,     0.9999993394,  -0.008137027508,               -0,               -0, -1.218321135e-15,            -6999,          52492.5
           1.067,      7035.932572,   0.005249136681,      7.594643369,              360,              360,    0.06609046429,     -28.32605612,      6998.995368,      8.002498235,      1.066999765,  -0.008682206496,      7.499995036,     0.9999993382,  -0.008137027508,               -0,               -0, -2.499224102e-15,            -6999,          52492.5
           1.068,      7035.932572,   0.005249136681,      7.594643369,              360,              360,    0.06615240475,     -28.32605612,      6998.995359,       8.00999823,      1.067999764,  -0.008690343518,      7.499995027,      0.999999337,  -0.008137027508,               -0,               -0, -3.161748089e-15,            -6999,          52492.5
           1.069,      7035.932572,   0.005249136681,      7.594643369,              360,              360,     0.0662143452,     -28.32605612,      6998.995351,      8.017498225,      1.068999763,   -0.00869848054,      7.499995018,     0.9999993357,  -0.008137027508,               -0,               -0, -4.495359667e-15,            -6999,          52492.5
            1.07,      7035.932572,   0.005249136681,      7.594643369,              360,              360,    0.06627628566,     -28.32605612,      6998.995342,       8.02499822,      1.069999763,  -0.008706617562,      7.499995009,     0.9999993345,  -0.008137027508,               -0,               -0, -2.461009497e-15,            -6999,          52492.5
           1.071,      7035.932572,   0.005249136681,      7.594643369,              360,              360,    0.06633822611,     -28.32605612,      6998.995333,      8.032498215,      1.070999762,  -0.008714754585,      7.499994999,     0.9999993332,  -0.008137027507,               -0,               -0, -3.677787986e-15,            -6999,          52492.5
           1.072,      7035.932572,   0.005249136681,      7.594643369,              360,              360,    0.06640016655,     -28.32605612,      6998.995325,       8.03999821,      1.071999761,  -0.008722891607,       7.49999499,      0.999999332,  -0.008137027507,               -0,               -0, -3.214027645e-15,            -6999,          52492.5
           1.073,      7035.932572,   0.005249136681,      7.594643369,              360,                0,    0.06646210701,     -28.32605612,      6998.995316,      8.047498205,      1.072999761,  -0.008731028629,      7.499994981,     0.9999993307,  -0.008137027507,               -0,               -0, -5.027059945e-15,            -6999,          52492.5
           1.074,      7035.932572,   0.005249136681,      7.594643369,              360,              360,    0.06652404746,     -28.32605612,      6998.995307,        8.0549982,       1.07399976,  -0.008739165651,      7.499994971,     0.9999993295,  -0.008137027507,               -0,               -0, -5.077835112e-15,            -6999,          52492.5
           1.075,      7035.932572,   0.005249136681,      7.594643369,              360,                0,    0.06658598792,     -28.32605612,      6998.995298,      8.062498195,      1.074999759,  -0.008747302673,      7.499994962,     0.9999993282,  -0.008137027507,               -0,               -0, -4.656373779e-15,            -6999,          52492.5
           1.076,      7035.932572,   0.005249136681,      7.594643369,              360,              360,    0.06664792837,     -28.32605612,       6998.99529,       8.06999819,      1.075999759,  -0.008755439695,      7.499994952,      0.999999327,  -0.008137027507,               -0,               -0, -5.933104726e-15,            -6999,          52492.5
           1.077,      7035.932572,   0.005249136681,      7.594643369,              360,                0,    0.06670986883,     -28.32605612,      6998.995281,      8.077498185,      1.076999758,  -0.008763576717,      7.499994943,     0.9999993257,  -0.008137027506,               -0,               -0, -5.763261105e-15,            -6999,          52492.5
           1.078,      7035.932572,   0.005249136681,      7.594643369,              360,                0,    0.06677180928,     -28.32605612,      6998.995272,      8.084998179,      1.077999757,  -0.008771713739,      7.499994934,     0.9999993245,  -0.008137027506,               -0,               -0,  -7.21322006e-15,            -6999,          52492.5
           1.079,      7035.932572,   0.005249136681,      7.594643369,              360,              360,    0.06683374972,     -28.32605612,      6998.995263,      8.092498174,      1.078999757,  -0.008779850761,      7.499994924,     0.9999993232,  -0.008137027506,               -0,               -0, -6.243932469e-15,            -6999,          52492.5
            1.08,      7035.932572,   0.005249136681,      7.594643369,              360,                0,    0.06689569018,     -28.32605612,      6998.995254,      8.099998169,      1.079999756,  -0.008787987783,      7.499994915,      0.999999322,  -0.008137027506,               -0,               -0,  -6.79885045e-15,            -6999,          52492.5
           1.081,      7035.932572,   0.005249136681,      7.594643369,              360,                0,    0.06695763064,     -28.32605612,      6998.995246,      8.107498164,      1.080999755,  -0.008796124805,      7.499994905,     0.9999993207,  -0.008137027506,               -0,               -0, -5.736539781e-15,            -6999,          52492.5
           1.082,      7035.932572,   0.005249136681,      7.594643369,              360,                0,     0.0670195711,     -28.32605612,      6998.995237,      8.114998159,      1.081999755,  -0.008804261827,      7.499994896,     0.9999993195,  -0.008137027506,               -0,               -0,  -6.12337717e-15,            -6999,          52492.5
           1.083,      7035.932572,   0.005249136681,      7.594643369,              360,              360,    0.06708151154,     -28.32605612,      6998.995228,      8.122498154,      1.082999754,  -0.008812398849,      7.499994887,     0.9999993182,  -0.008137027505,               -0,               -0,   -5.6966687e-15,            -6999,          52492.5
           1.084,      7035.932572,   0.005249136681,      7.594643369,              360,              360,    0.06714345201,     -28.32605612,      6998.995219,      8.129998149,      1.083999753,  -0.008820535871,      7.499994877,     0.9999993169,  -0.008137027505,               -0,               -0, -4.843822907e-15,            -6999,          52492.5
           1.085,      7035.932572,   0.005249136681,      7.594643369,              360,                0,    0.06720539246,     -28.32605612,       6998.99521,      8.137498144,      1.084999753,  -0.008828672893,      7.499994868,     0.9999993157,  -0.008137027505,               -0,               -0, -5.755805109e-15,            -6999,          52492.5
           1.086,      7035.932572,   0.005249136681,      7.594643369,              360,                0,    0.06726733291,     -28.32605612,      6998.995202,      8.144998139,      1.085999752,  -0.008836809915,      7.499994858,     0.9999993144,  -0.008137027505,               -0,               -0, -4.393564218e-15,            -6999,          52492.5
           1.087,      7035.932572,   0.005249136681,      7.594643369,              360,              360,    0.06732927336,     -28.32605612,      6998.995193,      8.152498133,      1.086999751,  -0.008844946936,      7.499994849,     0.9999993132,  -0.008137027505,               -0,               -0, -5.599833229e-15,            -6999,          52492.5
           1.088,      7035.932572,   0.005249136681,      7.594643369,              360,              360,    0.06739121382,     -28.32605612,      6998.995184,      8.159998128,       1.08799975,  -0.008853083958,      7.499994839,     0.9999993119,  -0.008137027505,               -0,               -0,  -6.20597589e-15,            -6999,          52492.5
           1.089,      7035.932572,   0.005249136681,      7.594643369,              360,                0,    0.06745315426,     -28.32605612,      6998.995175,      8.167498123,       1.08899975,   -0.00886122098,       7.49999483,     0.9999993106,  -0.008137027505,               -0,               -0,  -6.62993213e-15,            -6999,          52492.5
            1.09,      7035.932572,   0.005249136681,      7.594643369,              360,                0,    0.06751509472,     -28.32605612,      6998.995166,      8.174998118,      1.089999749,  -0.008869358002,       7.49999482,     0.9999993094,  -0.008137027504,               -0,               -0, -6.385362872e-15,            -6999,          52492.5
           1.091,      7035.932572,   0.005249136681,      7.594643369,              360,                0,    0.06757703517,     -28.32605612,      6998.995157,      8.182498113,      1.090999748,  -0.008877495024,      7.499994811,     0.9999993081,  -0.008137027504,               -0,               -0,  -6.76228822e-15,            -6999,          52492.5
           1.092,      7035.932572,   0.005249136681,      7.594643369,              360,                0,    0.06763897563,     -28.32605612,      6998.995148,      8.189998108,      1.091999748,  -0.008885632046,      7.499994801,     0.9999993068,  -0.008137027504,               -0,               -0, -4.588740817e-15,            -6999,          52492.5
           1.093,      7035.932572,   0.005249136681,      7.594643369,              360,                0,    0.06770091608,     -28.32605612,       6998.99514,      8.197498102,      1.092999747,  -0.008893769068,      7.499994792,     0.9999993056,  -0.008137027504,               -0,               -0, -5.615058878e-15,            -6999,          52492.5
           1.094,      7035.932572,   0.005249136681,      7.594643369,              360,              360,    0.06776285654,     -28.32605612,      6998.995131,      8.204998097,      1.093999746,   -0.00890190609,      7.499994782,     0.9999993043,  -0.008137027504,               -0,               -0, -5.802191661e-15,            -6999,          52492.5
           1.095,      7035.932572,   0.005249136681,      7.594643369,              360,              360,    0.06782479699,     -28.32605612,      6998.995122,      8.212498092,      1.094999746,  -0.008910043111,      7.499994773,      0.999999303,  -0.008137027504,               -0,               -0, -6.440157599e-15,            -6999,          52492.5
           1.096,      7035.932572,   0.005249136681,      7.594643369,              360,                0,    0.06788673744,     -28.32605612,      6998.995113,      8.219998087,      1.095999745,  -0.008918180133,      7.499994763,     0.9999993017,  -0.008137027503,               -0,               -0, -7.906371902e-15,            -6999,          52492.5
           1.097,      7035.932572,   0.005249136681,      7.594643369,              360,                0,     0.0679486779,     -28.32605612,      6998.995104,      8.227498082,      1.096999744,  -0.008926317155,      7.499994753,     0.9999993005,  -0.008137027503,               -0,               -0, -7.072720042e-15,            -6999,          52492.5
           1.098,      7035.932572,   0.005249136681,      7.594643369,              360,              360,    0.06801061835,     -28.32605612,      6998.995095,      8.234998076,      1.097999744,  -0.008934454177,      7.499994744,     0.9999992992,  -0.008137027503,               -0,               -0, -5.229221363e-15,            -6999,          52492.5
           1.099,      7035.932572,   0.005249136681,      7.594643369,              360,              360,     0.0680725588,     -28.32605612,      6998.995086,      8.242498071,      1.098999743,  -0.008942591199,      7.499994734,     0.9999992979,  -0.008137027503,               -0,               -0,  -5.44224945e-15,            -6999,          52492.5
             1.1,      7035.932572,   0.005249136681,      7.594643369,              360,              360,    0.06813449926,     -28.32605612,      6998.995077,      8.249998066,      1.099999742,  -0.008950728221,      7.499994725,     0.9999992966,  -0.008137027503,               -0,               -0, -6.309531559e-15,            -6999,          52492.5
           1.101,      7035.932572,   0.005249136681,      7.594643369,              360,                0,    0.06819643972,     -28.32605612,      6998.995068,       8.25749806,      1.100999741,  -0.008958865242,      7.499994715,     0.9999992953,  -0.008137027503,               -0,               -0, -4.706284633e-15,            -6999,          52492.5
