Time (sec),Semi-Major Axis (km),Eccentricity,Inclination (deg),RAAN (deg),Argument of Periapsis (deg),True Anomaly (deg),Orbital Energy (km^2/sec^2),Radius_1 (km),Radius_2 (km),Radius_3 (km),Velocity_1 (km/s),Velocity_2 (km/s),Velocity_3 (km/s),Acceleration_1 (km/s^2),Acceleration_2 (km/s^2),Acceleration_3 (km/s^2),Angular_Momemntum_1 (km^2/s),Angular_Momemntum_2 (km^2/s),Angular_Momemntum_3 (km^2/s)
               0,             7121,            0.063,               45,                0,                0,                0,     -27.98767321,         6672.377,                0,                0,                0,      5.634822421,      5.634822421,  -0.008953165704,               -0,               -0,                0,     -37597.65952,      37597.65952
           0.001,             7121,            0.063,               45,                0,                0,  6.843516381e-05,     -27.98767321,         6672.377,   0.005634822421,   0.005634822421, -8.953165704e-06,      5.634822421,      5.634822421,  -0.008953165704,               -0,               -0,  2.384616679e-18,     -37597.65952,      37597.65952
           0.002,             7121,            0.063,               45,                0,                0,  0.0001368570127,     -27.98767321,         6672.377,    0.01126964484,    0.01126964484, -1.790633141e-05,      5.634822421,      5.634822421,  -0.008953165704,               -0,               -0,  1.443383325e-17,     -37597.65952,      37597.65952
           0.003,             7121,            0.063,               45,                0,                0,   0.000205285963,     -27.98767321,         6672.377,    0.01690446726,    0.01690446726, -2.685949711e-05,      5.634822421,      5.634822421,  -0.008953165704,               -0,               -0,  7.380017228e-18,     -37597.65952,      37597.65952
           0.004,             7121,            0.063,               45,              360,                0,  0.0002737140255,     -27.98767321,         6672.377,    0.02253928968,    0.02253928968, -3.581266281e-05,      5.634822421,      5.634822421,  -0.008953165704,               -0,               -0, -2.391696468e-19,     -37597.65952,      37597.65952
           0.005,             7121,            0.063,               45,              360,                0,  0.0003421417329,     -27.98767321,         6672.377,     0.0281741121,     0.0281741121, -4.476582852e-05,      5.634822421,      5.634822421,  -0.008953165704,               -0,               -0, -1.764163953e-17,     -37597.65952,      37597.65952
           0.006,             7121,            0.063,               45,              360,                0,  0.0004105710382,     -27.98767321,         6672.377,    0.03380893452,    0.03380893452, -5.371899422e-05,       5.63482242,       5.63482242,  -0.008953165704,               -0,               -0, -1.808386854e-17,     -37597.65952,      37597.65952
           0.007,             7121,            0.063,               45,              360,                0,  0.0004789997348,     -27.98767321,         6672.377,    0.03944375694,    0.03944375694, -6.267215992e-05,       5.63482242,       5.63482242,  -0.008953165704,               -0,               -0, -2.466155148e-17,     -37597.65952,      37597.65952
           0.008,             7121,            0.063,               45,              360,                0,  0.0005474293825,     -27.98767321,         6672.377,    0.04507857936,    0.04507857936, -7.162532563e-05,       5.63482242,       5.63482242,  -0.008953165704,               -0,               -0, -1.316508667e-17,     -37597.65952,      37597.65952
           0.009,             7121,            0.063,               45,              360,              360,  0.0006158572971,     -27.98767321,         6672.377,    0.05071340178,    0.05071340178, -8.057849133e-05,       5.63482242,       5.63482242,  -0.008953165704,               -0,               -0, -6.446405676e-17,     -37597.65952,      37597.65952
            0.01,             7121,            0.063,               45,              360,                0,  0.0006842850637,     -27.98767321,         6672.377,     0.0563482242,     0.0563482242, -8.953165703e-05,       5.63482242,       5.63482242,  -0.008953165703,               -0,               -0, -6.194792643e-17,     -37597.65952,      37597.65952
           0.011,             7121,            0.063,               45,              360,                0,  0.0007527136911,     -27.98767321,      6672.376999,    0.06198304663,    0.06198304663, -9.848482274e-05,       5.63482242,       5.63482242,  -0.008953165703,               -0,               -0, -7.601766644e-17,     -37597.65952,      37597.65952
           0.012,             7121,            0.063,               45,              360,                0,  0.0008211425203,     -27.98767321,      6672.376999,    0.06761786905,    0.06761786905, -0.0001074379884,       5.63482242,       5.63482242,  -0.008953165703,               -0,               -0, -8.246365566e-17,     -37597.65952,      37597.65952
           0.013,             7121,            0.063,               45,              360,                0,  0.0008895715047,     -27.98767321,      6672.376999,    0.07325269147,    0.07325269147, -0.0001163911541,       5.63482242,       5.63482242,  -0.008953165703,               -0,               -0, -5.707626666e-17,     -37597.65952,      37597.65952
           0.014,             7121,            0.063,               45,              360,                0,  0.0009579994696,     -27.98767321,      6672.376999,    0.07888751389,    0.07888751389, -0.0001253443198,       5.63482242,       5.63482242,  -0.008953165703,               -0,               -0, -5.384473504e-17,     -37597.65952,      37597.65952
           0.015,             7121,            0.063,               45,              360,                0,   0.001026428394,     -27.98767321,      6672.376999,     0.0845223363,     0.0845223363, -0.0001342974855,       5.63482242,       5.63482242,  -0.008953165703,               -0,               -0, -8.765885404e-17,     -37597.65952,      37597.65952
           0.016,             7121,            0.063,               45,              360,              360,   0.001094856435,     -27.98767321,      6672.376999,    0.09015715872,    0.09015715872, -0.0001432506512,       5.63482242,       5.63482242,  -0.008953165703,               -0,               -0,   -9.5209539e-17,     -37597.65952,      37597.65952
           0.017,             7121,            0.063,               45,              360,              360,   0.001163285313,     -27.98767321,      6672.376999,    0.09579198114,    0.09579198114, -0.0001522038169,       5.63482242,       5.63482242,  -0.008953165703,               -0,               -0, -1.173284986e-16,     -37597.65952,      37597.65952
           0.018,             7121,            0.063,               45,              360,              360,   0.001231713706,     -27.98767321,      6672.376999,     0.1014268036,     0.1014268036, -0.0001611569827,      5.634822419,      5.634822419,  -0.008953165703,               -0,               -0, -1.329541129e-16,     -37597.65952,      37597.65952
           0.019,             7121,            0.063,               45,              360,              360,   0.001300142532,     -27.98767321,      6672.376998,      0.107061626,      0.107061626, -0.0001701101484,      5.634822419,      5.634822419,  -0.008953165703,               -0,               -0, -4.595383737e-17,     -37597.65952,      37597.65952
            0.02,             7121,            0.063,               45,              360,              360,   0.001368570926,     -27.98767321,      6672.376998,     0.1126964484,     0.1126964484, -0.0001790633141,      5.634822419,      5.634822419,  -0.008953165703,               -0,               -0,  -9.32620243e-17,     -37597.65952,      37597.65952
           0.021,             7121,            0.063,               45,              360,                0,   0.001436999458,     -27.98767321,      6672.376998,     0.1183312708,     0.1183312708, -0.0001880164798,      5.634822419,      5.634822419,  -0.008953165703,               -0,               -0,  -1.00547238e-16,     -37597.65952,      37597.65952
           0.022,             7121,            0.063,               45,              360,              360,   0.001505427624,     -27.98767321,      6672.376998,     0.1239660932,     0.1239660932, -0.0001969696455,      5.634822419,      5.634822419,  -0.008953165703,               -0,               -0, -8.269920373e-17,     -37597.65952,      37597.65952
           0.023,             7121,            0.063,               45,              360,              360,   0.001573856631,     -27.98767321,      6672.376998,     0.1296009157,     0.1296009157, -0.0002059228112,      5.634822419,      5.634822419,  -0.008953165703,               -0,               -0, -1.656299371e-16,     -37597.65952,      37597.65952
           0.024,             7121,            0.063,               45,              360,              360,   0.001642285041,     -27.98767321,      6672.376997,     0.1352357381,     0.1352357381, -0.0002148759769,      5.634822418,      5.634822418,  -0.008953165703,               -0,               -0, -1.002699395e-16,     -37597.65952,      37597.65952
           0.025,             7121,            0.063,               45,              360,                0,   0.001710713352,     -27.98767321,      6672.376997,     0.1408705605,     0.1408705605, -0.0002238291426,      5.634822418,      5.634822418,  -0.008953165703,               -0,               -0, -1.554586423e-16,     -37597.65952,      37597.65952
           0.026,             7121,            0.063,               45,              360,              360,    0.00177914178,     -27.98767321,      6672.376997,     0.1465053829,     0.1465053829, -0.0002327823083,      5.634822418,      5.634822418,  -0.008953165703,               -0,               -0, -1.568645469e-16,     -37597.65952,      37597.65952
           0.027,             7121,            0.063,               45,              360,                0,   0.001847570905,     -27.98767321,      6672.376997,     0.1521402053,     0.1521402053,  -0.000241735474,      5.634822418,      5.634822418,  -0.008953165703,               -0,               -0, -8.655388009e-17,     -37597.65952,      37597.65952
           0.028,             7121,            0.063,               45,              360,                0,    0.00191599913,     -27.98767321,      6672.376996,     0.1577750277,     0.1577750277, -0.0002506886396,      5.634822418,      5.634822418,  -0.008953165703,               -0,               -0, -1.032620216e-16,     -37597.65952,      37597.65952
           0.029,             7121,            0.063,               45,              360,                0,   0.001984427649,     -27.98767321,      6672.376996,     0.1634098502,     0.1634098502, -0.0002596418053,      5.634822417,      5.634822417,  -0.008953165703,               -0,               -0, -1.436797307e-16,     -37597.65952,      37597.65952
            0.03,             7121,            0.063,               45,              360,              360,   0.002052855901,     -27.98767321,      6672.376996,     0.1690446726,     0.1690446726,  -0.000268594971,      5.634822417,      5.634822417,  -0.008953165703,               -0,               -0, -1.898731879e-16,     -37597.65952,      37597.65952
           0.031,             7121,            0.063,               45,              360,                0,   0.002121284943,     -27.98767321,      6672.376996,      0.174679495,      0.174679495, -0.0002775481367,      5.634822417,      5.634822417,  -0.008953165703,               -0,               -0, -1.128862548e-16,     -37597.65952,      37597.65952
           0.032,             7121,            0.063,               45,              360,                0,   0.002189713369,     -27.98767321,      6672.376995,     0.1803143174,     0.1803143174, -0.0002865013024,      5.634822417,      5.634822417,  -0.008953165702,               -0,               -0, -1.989944304e-16,     -37597.65952,      37597.65952
           0.033,             7121,            0.063,               45,              360,                0,   0.002258141558,     -27.98767321,      6672.376995,     0.1859491398,     0.1859491398, -0.0002954544681,      5.634822416,      5.634822416,  -0.008953165702,               -0,               -0, -7.066959887e-17,     -37597.65952,      37597.65952
           0.034,             7121,            0.063,               45,              360,                0,   0.002326570313,     -27.98767321,      6672.376995,     0.1915839623,     0.1915839623, -0.0003044076338,      5.634822416,      5.634822416,  -0.008953165702,               -0,               -0, -1.743385089e-16,     -37597.65952,      37597.65952
           0.035,             7121,            0.063,               45,              360,                0,   0.002394998979,     -27.98767321,      6672.376995,     0.1972187847,     0.1972187847, -0.0003133607995,      5.634822416,      5.634822416,  -0.008953165702,               -0,               -0, -2.700226475e-16,     -37597.65952,      37597.65952
           0.036,             7121,            0.063,               45,              360,                0,   0.002463427561,     -27.98767321,      6672.376994,     0.2028536071,     0.2028536071, -0.0003223139652,      5.634822416,      5.634822416,  -0.008953165702,               -0,               -0, -1.833903474e-16,     -37597.65952,      37597.65952
           0.037,             7121,            0.063,               45,              360,                0,   0.002531856211,     -27.98767321,      6672.376994,     0.2084884295,     0.2084884295, -0.0003312671309,      5.634822415,      5.634822415,  -0.008953165702,               -0,               -0, -1.185522661e-16,     -37597.65952,      37597.65952
           0.038,             7121,            0.063,               45,              360,              360,   0.002600284504,     -27.98767321,      6672.376994,     0.2141232519,     0.2141232519, -0.0003402202966,      5.634822415,      5.634822415,  -0.008953165702,               -0,               -0, -2.796190402e-16,     -37597.65952,      37597.65952
           0.039,             7121,            0.063,               45,              360,                0,   0.002668713285,     -27.98767321,      6672.376993,     0.2197580743,     0.2197580743, -0.0003491734623,      5.634822415,      5.634822415,  -0.008953165702,               -0,               -0, -1.138165963e-16,     -37597.65952,      37597.65952
            0.04,             7121,            0.063,               45,              360,                0,    0.00273714172,     -27.98767321,      6672.376993,     0.2253928967,     0.2253928967,  -0.000358126628,      5.634822415,      5.634822415,  -0.008953165702,               -0,               -0, -2.912002362e-16,     -37597.65952,      37597.65952
           0.041,             7121,            0.063,               45,              360,                0,   0.002805570353,     -27.98767321,      6672.376992,     0.2310277192,     0.2310277192, -0.0003670797937,      5.634822414,      5.634822414,  -0.008953165702,               -0,               -0, -9.583715845e-17,     -37597.65952,      37597.65952
           0.042,             7121,            0.063,               45,              360,                0,    0.00287399879,     -27.98767321,      6672.376992,     0.2366625416,     0.2366625416, -0.0003760329594,      5.634822414,      5.634822414,  -0.008953165702,               -0,               -0, -2.415739869e-16,     -37597.65952,      37597.65952
           0.043,             7121,            0.063,               45,              360,                0,   0.002942427168,     -27.98767321,      6672.376992,      0.242297364,      0.242297364, -0.0003849861251,      5.634822414,      5.634822414,  -0.008953165701,               -0,               -0, -1.099896924e-16,     -37597.65952,      37597.65952
           0.044,             7121,            0.063,               45,              360,                0,   0.003010855733,     -27.98767321,      6672.376991,     0.2479321864,     0.2479321864, -0.0003939392908,      5.634822413,      5.634822413,  -0.008953165701,               -0,               -0, -1.272393811e-16,     -37597.65952,      37597.65952
           0.045,             7121,            0.063,               45,              360,              360,   0.003079284355,     -27.98767321,      6672.376991,     0.2535670088,     0.2535670088, -0.0004028924564,      5.634822413,      5.634822413,  -0.008953165701,               -0,               -0, -1.189911854e-16,     -37597.65952,      37597.65952
           0.046,             7121,            0.063,               45,              360,                0,   0.003147712914,     -27.98767321,      6672.376991,     0.2592018312,     0.2592018312, -0.0004118456221,      5.634822413,      5.634822413,  -0.008953165701,               -0,               -0, -2.893555566e-16,     -37597.65952,      37597.65952
           0.047,             7121,            0.063,               45,              360,                0,   0.003216141528,     -27.98767321,       6672.37699,     0.2648366536,     0.2648366536, -0.0004207987878,      5.634822412,      5.634822412,  -0.008953165701,               -0,               -0, -3.076028365e-16,     -37597.65952,      37597.65952
           0.048,             7121,            0.063,               45,              360,                0,   0.003284570082,     -27.98767321,       6672.37699,     0.2704714761,     0.2704714761, -0.0004297519535,      5.634822412,      5.634822412,  -0.008953165701,               -0,               -0, -2.940142359e-16,     -37597.65952,      37597.65952
           0.049,             7121,            0.063,               45,              360,                0,   0.003352998579,     -27.98767321,      6672.376989,     0.2761062985,     0.2761062985, -0.0004387051192,      5.634822412,      5.634822412,  -0.008953165701,               -0,               -0, -3.044752559e-16,     -37597.65952,      37597.65952
            0.05,             7121,            0.063,               45,              360,                0,    0.00342142713,     -27.98767321,      6672.376989,     0.2817411209,     0.2817411209, -0.0004476582849,      5.634822411,      5.634822411,  -0.008953165701,               -0,               -0, -1.646538972e-16,     -37597.65952,      37597.65952
           0.051,             7121,            0.063,               45,              360,                0,   0.003489855836,     -27.98767321,      6672.376988,     0.2873759433,     0.2873759433, -0.0004566114506,      5.634822411,      5.634822411,  -0.008953165701,               -0,               -0, -1.443073422e-16,     -37597.65952,      37597.65952
           0.052,             7121,            0.063,               45,              360,                0,   0.003558284175,     -27.98767321,      6672.376988,     0.2930107657,     0.2930107657, -0.0004655646163,       5.63482241,       5.63482241,  -0.008953165701,               -0,               -0, -1.598544093e-16,     -37597.65952,      37597.65952
           0.053,             7121,            0.063,               45,              360,                0,   0.003626712672,     -27.98767321,      6672.376987,     0.2986455881,     0.2986455881, -0.0004745177819,       5.63482241,       5.63482241,    -0.0089531657,               -0,               -0, -1.682567441e-16,     -37597.65952,      37597.65952
           0.054,             7121,            0.063,               45,              360,              360,   0.003695141219,     -27.98767321,      6672.376987,     0.3042804105,     0.3042804105, -0.0004834709476,       5.63482241,       5.63482241,    -0.0089531657,               -0,               -0, -3.079777111e-16,     -37597.65952,      37597.65952
           0.055,             7121,            0.063,               45,              360,                0,   0.003763569909,     -27.98767321,      6672.376986,     0.3099152329,     0.3099152329, -0.0004924241133,      5.634822409,      5.634822409,    -0.0089531657,               -0,               -0, -3.514697481e-16,     -37597.65952,      37597.65952
           0.056,             7121,            0.063,               45,              360,                0,   0.003831998355,     -27.98767321,      6672.376986,     0.3155500553,     0.3155500553,  -0.000501377279,      5.634822409,      5.634822409,    -0.0089531657,               -0,               -0,  -2.58357515e-16,     -37597.65952,      37597.65952
           0.057,             7121,            0.063,               45,              360,                0,   0.003900426943,     -27.98767321,      6672.376985,     0.3211848777,     0.3211848777, -0.0005103304447,      5.634822408,      5.634822408,    -0.0089531657,               -0,               -0,   -2.0764714e-16,     -37597.65952,      37597.65952
           0.058,             7121,            0.063,               45,              360,                0,   0.003968855391,     -27.98767321,      6672.376985,     0.3268197001,     0.3268197001, -0.0005192836103,      5.634822408,      5.634822408,    -0.0089531657,               -0,               -0, -3.378018629e-16,     -37597.65952,      37597.65952
           0.059,             7121,            0.063,               45,              360,                0,   0.004037283885,     -27.98767321,      6672.376984,     0.3324545226,     0.3324545226,  -0.000528236776,      5.634822407,      5.634822407,    -0.0089531657,               -0,               -0, -2.524448067e-16,     -37597.65952,      37597.65952
            0.06,             7121,            0.063,               45,              360,                0,   0.004105712602,     -27.98767321,      6672.376984,      0.338089345,      0.338089345, -0.0005371899417,      5.634822407,      5.634822407,    -0.0089531657,               -0,               -0, -2.213328762e-16,     -37597.65952,      37597.65952
           0.061,             7121,            0.063,               45,              360,              360,   0.004174141007,     -27.98767321,      6672.376983,     0.3437241674,     0.3437241674, -0.0005461431074,      5.634822407,      5.634822407,  -0.008953165699,               -0,               -0, -2.921783374e-16,     -37597.65952,      37597.65952
           0.062,             7121,            0.063,               45,              360,              360,   0.004242569629,     -27.98767321,      6672.376983,     0.3493589898,     0.3493589898, -0.0005550962731,      5.634822406,      5.634822406,  -0.008953165699,               -0,               -0, -3.813996911e-16,     -37597.65952,      37597.65952
           0.063,             7121,            0.063,               45,              360,              360,   0.004310998122,     -27.98767321,      6672.376982,     0.3549938122,     0.3549938122, -0.0005640494387,      5.634822406,      5.634822406,  -0.008953165699,               -0,               -0, -4.434558962e-16,     -37597.65952,      37597.65952
           0.064,             7121,            0.063,               45,              360,              360,   0.004379426739,     -27.98767321,      6672.376982,     0.3606286346,     0.3606286346, -0.0005730026044,      5.634822405,      5.634822405,  -0.008953165699,               -0,               -0, -1.652136869e-16,     -37597.65952,      37597.65952
           0.065,             7121,            0.063,               45,              360,              360,    0.00444785523,     -27.98767321,      6672.376981,      0.366263457,      0.366263457, -0.0005819557701,      5.634822405,      5.634822405,  -0.008953165699,               -0,               -0, -2.605190037e-16,     -37597.65952,      37597.65952
           0.066,             7121,            0.063,               45,              360,              360,   0.004516283843,     -27.98767321,      6672.376981,     0.3718982794,     0.3718982794, -0.0005909089358,      5.634822404,      5.634822404,  -0.008953165699,               -0,               -0, -1.109501207e-16,     -37597.65952,      37597.65952
           0.067,             7121,            0.063,               45,              360,              360,   0.004584712333,     -27.98767321,       6672.37698,     0.3775331018,     0.3775331018, -0.0005998621014,      5.634822404,      5.634822404,  -0.008953165698,               -0,               -0, -2.990591732e-16,     -37597.65952,      37597.65952
           0.068,             7121,            0.063,               45,              360,                0,   0.004653140941,     -27.98767321,      6672.376979,     0.3831679242,     0.3831679242, -0.0006088152671,      5.634822403,      5.634822403,  -0.008953165698,               -0,               -0, -2.064243604e-16,     -37597.65952,      37597.65952
           0.069,             7121,            0.063,               45,              360,                0,   0.004721569507,     -27.98767321,      6672.376979,     0.3888027466,     0.3888027466, -0.0006177684328,      5.634822403,      5.634822403,  -0.008953165698,               -0,               -0, -5.468914728e-16,     -37597.65952,      37597.65952
            0.07,             7121,            0.063,               45,              360,              360,    0.00478999811,     -27.98767321,      6672.376978,      0.394437569,      0.394437569, -0.0006267215984,      5.634822402,      5.634822402,  -0.008953165698,               -0,               -0, -2.579494228e-16,     -37597.65952,      37597.65952
           0.071,             7121,            0.063,               45,              360,              360,   0.004858426448,     -27.98767321,      6672.376977,     0.4000723914,     0.4000723914, -0.0006356747641,      5.634822402,      5.634822402,  -0.008953165698,               -0,               -0, -1.421974679e-16,     -37597.65952,      37597.65952
           0.072,             7121,            0.063,               45,              360,              360,   0.004926855123,     -27.98767321,      6672.376977,     0.4057072138,     0.4057072138, -0.0006446279298,      5.634822401,      5.634822401,  -0.008953165698,               -0,               -0, -2.393353384e-16,     -37597.65952,      37597.65952
           0.073,             7121,            0.063,               45,              360,              360,   0.004995283466,     -27.98767321,      6672.376976,     0.4113420362,     0.4113420362, -0.0006535810954,        5.6348224,        5.6348224,  -0.008953165698,               -0,               -0, -3.750302462e-16,     -37597.65952,      37597.65952
           0.074,             7121,            0.063,               45,              360,              360,   0.005063711992,     -27.98767321,      6672.376975,     0.4169768586,     0.4169768586, -0.0006625342611,        5.6348224,        5.6348224,  -0.008953165697,               -0,               -0,  -3.74949362e-16,     -37597.65952,      37597.65952
           0.075,             7121,            0.063,               45,              360,              360,   0.005132140625,     -27.98767321,      6672.376975,      0.422611681,      0.422611681, -0.0006714874268,      5.634822399,      5.634822399,  -0.008953165697,               -0,               -0, -5.088490248e-16,     -37597.65952,      37597.65952
           0.076,             7121,            0.063,               45,              360,              360,   0.005200569149,     -27.98767321,      6672.376974,     0.4282465034,     0.4282465034, -0.0006804405924,      5.634822399,      5.634822399,  -0.008953165697,               -0,               -0, -6.023963211e-16,     -37597.65952,      37597.65952
           0.077,             7121,            0.063,               45,              360,              360,   0.005268997776,     -27.98767321,      6672.376973,     0.4338813258,     0.4338813258, -0.0006893937581,      5.634822398,      5.634822398,  -0.008953165697,               -0,               -0, -3.499645635e-16,     -37597.65952,      37597.65952
           0.078,             7121,            0.063,               45,              360,              360,   0.005337426298,     -27.98767321,      6672.376973,     0.4395161482,     0.4395161482, -0.0006983469238,      5.634822398,      5.634822398,  -0.008953165697,               -0,               -0,  -4.65399172e-16,     -37597.65952,      37597.65952
           0.079,             7121,            0.063,               45,              360,              360,   0.005405854854,     -27.98767321,      6672.376972,     0.4451509706,     0.4451509706, -0.0007073000894,      5.634822397,      5.634822397,  -0.008953165697,               -0,               -0, -3.789936173e-16,     -37597.65952,      37597.65952
            0.08,             7121,            0.063,               45,              360,              360,   0.005474283308,     -27.98767321,      6672.376971,      0.450785793,      0.450785793, -0.0007162532551,      5.634822396,      5.634822396,  -0.008953165696,               -0,               -0, -3.017788418e-16,     -37597.65952,      37597.65952
           0.081,             7121,            0.063,               45,              360,              360,   0.005542711862,     -27.98767321,      6672.376971,     0.4564206154,     0.4564206154, -0.0007252064207,      5.634822396,      5.634822396,  -0.008953165696,               -0,               -0, -3.722171901e-16,     -37597.65952,      37597.65952
           0.082,             7121,            0.063,               45,              360,              360,   0.005611140447,     -27.98767321,       6672.37697,     0.4620554378,     0.4620554378, -0.0007341595864,      5.634822395,      5.634822395,  -0.008953165696,               -0,               -0, -5.472692149e-16,     -37597.65952,      37597.65952
           0.083,             7121,            0.063,               45,              360,              360,   0.005679569063,     -27.98767321,      6672.376969,     0.4676902602,     0.4676902602,  -0.000743112752,      5.634822395,      5.634822395,  -0.008953165696,               -0,               -0, -5.213079592e-16,     -37597.65952,      37597.65952
           0.084,             7121,            0.063,               45,              360,              360,   0.005747997581,     -27.98767321,      6672.376968,     0.4733250826,     0.4733250826, -0.0007520659177,      5.634822394,      5.634822394,  -0.008953165696,               -0,               -0, -5.640893605e-16,     -37597.65952,      37597.65952
           0.085,             7121,            0.063,               45,              360,              360,   0.005816426193,     -27.98767321,      6672.376968,      0.478959905,      0.478959905, -0.0007610190833,      5.634822393,      5.634822393,  -0.008953165695,               -0,               -0, -3.699863675e-16,     -37597.65952,      37597.65952
           0.086,             7121,            0.063,               45,              360,              360,   0.005884854523,     -27.98767321,      6672.376967,     0.4845947274,     0.4845947274,  -0.000769972249,      5.634822393,      5.634822393,  -0.008953165695,               -0,               -0, -3.537311847e-16,     -37597.65952,      37597.65952
           0.087,             7121,            0.063,               45,              360,              360,   0.005953283194,     -27.98767321,      6672.376966,     0.4902295498,     0.4902295498, -0.0007789254146,      5.634822392,      5.634822392,  -0.008953165695,               -0,               -0, -6.300937879e-16,     -37597.65952,      37597.65952
           0.088,             7121,            0.063,               45,              360,              360,   0.006021711711,     -27.98767321,      6672.376965,     0.4958643722,     0.4958643722, -0.0007878785803,      5.634822391,      5.634822391,  -0.008953165695,               -0,               -0, -5.806515018e-16,     -37597.65952,      37597.65952
           0.089,             7121,            0.063,               45,              360,              360,   0.006090140197,     -27.98767321,      6672.376965,     0.5014991945,     0.5014991945, -0.0007968317459,      5.634822391,      5.634822391,  -0.008953165695,               -0,               -0, -4.751600211e-16,     -37597.65952,      37597.65952
            0.09,             7121,            0.063,               45,              360,              360,   0.006158568772,     -27.98767321,      6672.376964,     0.5071340169,     0.5071340169, -0.0008057849116,       5.63482239,       5.63482239,  -0.008953165694,               -0,               -0, -5.833749901e-16,     -37597.65952,      37597.65952
           0.091,             7121,            0.063,               45,              360,              360,   0.006226997375,     -27.98767321,      6672.376963,     0.5127688393,     0.5127688393, -0.0008147380772,      5.634822389,      5.634822389,  -0.008953165694,               -0,               -0, -2.868735828e-16,     -37597.65952,      37597.65952
           0.092,             7121,            0.063,               45,              360,              360,   0.006295425889,     -27.98767321,      6672.376962,     0.5184036617,     0.5184036617, -0.0008236912429,      5.634822389,      5.634822389,  -0.008953165694,               -0,               -0, -4.810022969e-16,     -37597.65952,      37597.65952
           0.093,             7121,            0.063,               45,              360,              360,   0.006363854432,     -27.98767321,      6672.376961,     0.5240384841,     0.5240384841, -0.0008326444085,      5.634822388,      5.634822388,  -0.008953165694,               -0,               -0, -3.658364569e-16,     -37597.65952,      37597.65952
           0.094,             7121,            0.063,               45,              360,              360,   0.006432282945,     -27.98767321,       6672.37696,     0.5296733065,     0.5296733065, -0.0008415975742,      5.634822387,      5.634822387,  -0.008953165694,               -0,               -0, -3.662780554e-16,     -37597.65952,      37597.65952
           0.095,             7121,            0.063,               45,              360,              360,   0.006500711487,     -27.98767321,       6672.37696,     0.5353081289,     0.5353081289, -0.0008505507398,      5.634822386,      5.634822386,  -0.008953165693,               -0,               -0, -3.243390022e-16,     -37597.65952,      37597.65952
           0.096,             7121,            0.063,               45,              360,                0,   0.006569140055,     -27.98767321,      6672.376959,     0.5409429513,     0.5409429513, -0.0008595039054,      5.634822386,      5.634822386,  -0.008953165693,               -0,               -0, -3.282728822e-16,     -37597.65952,      37597.65952
           0.097,             7121,            0.063,               45,              360,              360,   0.006637568595,     -27.98767321,      6672.376958,     0.5465777736,     0.5465777736, -0.0008684570711,      5.634822385,      5.634822385,  -0.008953165693,               -0,               -0, -3.852475074e-16,     -37597.65952,      37597.65952
           0.098,             7121,            0.063,               45,              360,              360,   0.006705997161,     -27.98767321,      6672.376957,      0.552212596,      0.552212596, -0.0008774102367,      5.634822384,      5.634822384,  -0.008953165693,               -0,               -0, -3.209288893e-16,     -37597.65952,      37597.65952
           0.099,             7121,            0.063,               45,              360,              360,   0.006774425699,     -27.98767321,      6672.376956,     0.5578474184,     0.5578474184, -0.0008863634023,      5.634822384,      5.634822384,  -0.008953165692,               -0,               -0,  -4.05072194e-16,     -37597.65952,      37597.65952
             0.1,             7121,            0.063,               45,              360,              360,   0.006842854263,     -27.98767321,      6672.376955,     0.5634822408,     0.5634822408,  -0.000895316568,      5.634822383,      5.634822383,  -0.008953165692,               -0,               -0, -4.633433215e-16,     -37597.65952,      37597.65952
           0.101,             7121,            0.063,               45,              360,              360,   0.006911282799,     -27.98767321,      6672.376954,     0.5691170632,     0.5691170632, -0.0009042697336,      5.634822382,      5.634822382,  -0.008953165692,               -0,               -0, -5.029098603e-16,     -37597.65952,      37597.65952
           0.102,             7121,            0.063,               45,              360,              360,   0.006979711309,     -27.98767321,      6672.376953,     0.5747518856,     0.5747518856, -0.0009132228992,      5.634822381,      5.634822381,  -0.008953165692,               -0,               -0, -5.456320501e-16,     -37597.65952,      37597.65952
           0.103,             7121,            0.063,               45,              360,              360,   0.007048139845,     -27.98767321,      6672.376953,     0.5803867079,     0.5803867079, -0.0009221760649,      5.634822381,      5.634822381,  -0.008953165692,               -0,               -0, -6.550609207e-16,     -37597.65952,      37597.65952
           0.104,             7121,            0.063,               45,              360,              360,   0.007116568406,     -27.98767321,      6672.376952,     0.5860215303,     0.5860215303, -0.0009311292305,       5.63482238,       5.63482238,  -0.008953165691,               -0,               -0, -4.753603975e-16,     -37597.65952,      37597.65952
           0.105,             7121,            0.063,               45,              360,              360,    0.00718499694,     -27.98767321,      6672.376951,     0.5916563527,     0.5916563527, -0.0009400823961,      5.634822379,      5.634822379,  -0.008953165691,               -0,               -0, -4.577870467e-16,     -37597.65952,      37597.65952
           0.106,             7121,            0.063,               45,              360,              360,   0.007253425449,     -27.98767321,       6672.37695,     0.5972911751,     0.5972911751, -0.0009490355617,      5.634822378,      5.634822378,  -0.008953165691,               -0,               -0, -4.280064201e-16,     -37597.65952,      37597.65952
           0.107,             7121,            0.063,               45,              360,              360,   0.007321853982,     -27.98767321,      6672.376949,     0.6029259975,     0.6029259975, -0.0009579887274,      5.634822377,      5.634822377,  -0.008953165691,               -0,               -0, -6.557732196e-16,     -37597.65952,      37597.65952
           0.108,             7121,            0.063,               45,              360,              360,   0.007390282589,     -27.98767321,      6672.376948,     0.6085608198,     0.6085608198,  -0.000966941893,      5.634822377,      5.634822377,   -0.00895316569,               -0,               -0, -5.226636666e-16,     -37597.65952,      37597.65952
           0.109,             7121,            0.063,               45,              360,              360,   0.007458711121,     -27.98767321,      6672.376947,     0.6141956422,     0.6141956422, -0.0009758950586,      5.634822376,      5.634822376,   -0.00895316569,               -0,               -0, -7.425215511e-16,     -37597.65952,      37597.65952
            0.11,             7121,            0.063,               45,              360,              360,   0.007527139628,     -27.98767321,      6672.376946,     0.6198304646,     0.6198304646, -0.0009848482242,      5.634822375,      5.634822375,   -0.00895316569,               -0,               -0, -5.904921392e-16,     -37597.65952,      37597.65952
           0.111,             7121,            0.063,               45,              360,              360,   0.007595568159,     -27.98767321,      6672.376945,      0.625465287,      0.625465287, -0.0009938013898,      5.634822374,      5.634822374,   -0.00895316569,               -0,               -0, -4.327512643e-16,     -37597.65952,      37597.65952
           0.112,             7121,            0.063,               45,              360,              360,   0.007663996714,     -27.98767321,      6672.376944,     0.6311001093,     0.6311001093,  -0.001002754555,      5.634822373,      5.634822373,  -0.008953165689,               -0,               -0, -7.205550637e-16,     -37597.65952,      37597.65952
           0.113,             7121,            0.063,               45,              360,                0,   0.007732425291,     -27.98767321,      6672.376943,     0.6367349317,     0.6367349317,  -0.001011707721,      5.634822372,      5.634822372,  -0.008953165689,               -0,               -0, -6.539777033e-16,     -37597.65952,      37597.65952
           0.114,             7121,            0.063,               45,              360,              360,    0.00780085375,     -27.98767321,      6672.376942,     0.6423697541,     0.6423697541,  -0.001020660887,      5.634822371,      5.634822371,  -0.008953165689,               -0,               -0, -6.842751929e-16,     -37597.65952,      37597.65952
           0.115,             7121,            0.063,               45,              360,              360,   0.007869282372,     -27.98767321,      6672.376941,     0.6480045765,     0.6480045765,  -0.001029614052,      5.634822371,      5.634822371,  -0.008953165689,               -0,               -0, -6.371125236e-16,     -37597.65952,      37597.65952
           0.116,             7121,            0.063,               45,              360,              360,   0.007937710878,     -27.98767321,       6672.37694,     0.6536393988,     0.6536393988,  -0.001038567218,       5.63482237,       5.63482237,  -0.008953165688,               -0,               -0, -7.822438313e-16,     -37597.65952,      37597.65952
           0.117,             7121,            0.063,               45,              360,              360,   0.008006139497,     -27.98767321,      6672.376939,     0.6592742212,     0.6592742212,  -0.001047520384,      5.634822369,      5.634822369,  -0.008953165688,               -0,               -0, -8.038700502e-16,     -37597.65952,      37597.65952
           0.118,             7121,            0.063,               45,              360,                0,   0.008074567956,     -27.98767321,      6672.376938,     0.6649090436,     0.6649090436,  -0.001056473549,      5.634822368,      5.634822368,  -0.008953165688,               -0,               -0, -6.591104452e-16,     -37597.65952,      37597.65952
           0.119,             7121,            0.063,               45,              360,                0,   0.008142996573,     -27.98767321,      6672.376937,     0.6705438659,     0.6705438659,  -0.001065426715,      5.634822367,      5.634822367,  -0.008953165688,               -0,               -0, -6.177189533e-16,     -37597.65952,      37597.65952
            0.12,             7121,            0.063,               45,              360,              360,   0.008211425032,     -27.98767321,      6672.376936,     0.6761786883,     0.6761786883,   -0.00107437988,      5.634822366,      5.634822366,  -0.008953165687,               -0,               -0, -5.053602344e-16,     -37597.65952,      37597.65952
           0.121,             7121,            0.063,               45,              360,                0,   0.008279853559,     -27.98767321,      6672.376934,     0.6818135107,     0.6818135107,  -0.001083333046,      5.634822365,      5.634822365,  -0.008953165687,               -0,               -0, -5.917880901e-16,     -37597.65952,      37597.65952
           0.122,             7121,            0.063,               45,              360,                0,   0.008348282107,     -27.98767321,      6672.376933,      0.687448333,      0.687448333,  -0.001092286212,      5.634822364,      5.634822364,  -0.008953165687,               -0,               -0, -4.400795767e-16,     -37597.65952,      37597.65952
           0.123,             7121,            0.063,               45,              360,                0,   0.008416710675,     -27.98767321,      6672.376932,     0.6930831554,     0.6930831554,  -0.001101239377,      5.634822363,      5.634822363,  -0.008953165686,               -0,               -0,  -5.82575825e-16,     -37597.65952,      37597.65952
           0.124,             7121,            0.063,               45,              360,                0,   0.008485139222,     -27.98767321,      6672.376931,     0.6987179778,     0.6987179778,  -0.001110192543,      5.634822362,      5.634822362,  -0.008953165686,               -0,               -0, -5.823537522e-16,     -37597.65952,      37597.65952
           0.125,             7121,            0.063,               45,              360,              360,   0.008553567746,     -27.98767321,       6672.37693,     0.7043528001,     0.7043528001,  -0.001119145708,      5.634822362,      5.634822362,  -0.008953165686,               -0,               -0,  -5.27665135e-16,     -37597.65952,      37597.65952
           0.126,             7121,            0.063,               45,              360,                0,   0.008621996334,     -27.98767321,      6672.376929,     0.7099876225,     0.7099876225,  -0.001128098874,      5.634822361,      5.634822361,  -0.008953165686,               -0,               -0, -4.156665081e-16,     -37597.65952,      37597.65952
           0.127,             7121,            0.063,               45,              360,                0,   0.008690424857,     -27.98767321,      6672.376928,     0.7156224448,     0.7156224448,  -0.001137052039,       5.63482236,       5.63482236,  -0.008953165685,               -0,               -0, -9.602004629e-16,     -37597.65952,      37597.65952
           0.128,             7121,            0.063,               45,              360,                0,   0.008758853359,     -27.98767321,      6672.376927,     0.7212572672,     0.7212572672,  -0.001146005205,      5.634822359,      5.634822359,  -0.008953165685,               -0,               -0, -6.546634693e-16,     -37597.65952,      37597.65952
           0.129,             7121,            0.063,               45,              360,                0,   0.008827281924,     -27.98767321,      6672.376926,     0.7268920896,     0.7268920896,  -0.001154958371,      5.634822358,      5.634822358,  -0.008953165685,               -0,               -0,  -2.12897974e-16,     -37597.65952,      37597.65952
            0.13,             7121,            0.063,               45,              360,                0,   0.008895710508,     -27.98767321,      6672.376924,     0.7325269119,     0.7325269119,  -0.001163911536,      5.634822357,      5.634822357,  -0.008953165684,               -0,               -0, -3.487463507e-16,     -37597.65952,      37597.65952
           0.131,             7121,            0.063,               45,              360,                0,   0.008964138989,     -27.98767321,      6672.376923,     0.7381617343,     0.7381617343,  -0.001172864702,      5.634822356,      5.634822356,  -0.008953165684,               -0,               -0, -6.252850118e-16,     -37597.65952,      37597.65952
           0.132,             7121,            0.063,               45,              360,                0,   0.009032567571,     -27.98767321,      6672.376922,     0.7437965566,     0.7437965566,  -0.001181817867,      5.634822355,      5.634822355,  -0.008953165684,               -0,               -0, -2.425868109e-16,     -37597.65952,      37597.65952
           0.133,             7121,            0.063,               45,              360,                0,   0.009100996132,     -27.98767321,      6672.376921,      0.749431379,      0.749431379,  -0.001190771033,      5.634822354,      5.634822354,  -0.008953165684,               -0,               -0, -7.626344925e-16,     -37597.65952,      37597.65952
           0.134,             7121,            0.063,               45,              360,                0,   0.009169424633,     -27.98767321,       6672.37692,     0.7550662013,     0.7550662013,  -0.001199724199,      5.634822353,      5.634822353,  -0.008953165683,               -0,               -0, -2.647632435e-16,     -37597.65952,      37597.65952
           0.135,             7121,            0.063,               45,              360,                0,   0.009237853233,     -27.98767321,      6672.376918,     0.7607010237,     0.7607010237,  -0.001208677364,      5.634822352,      5.634822352,  -0.008953165683,               -0,               -0, -9.765844343e-16,     -37597.65952,      37597.65952
           0.136,             7121,            0.063,               45,              360,                0,   0.009306281772,     -27.98767321,      6672.376917,      0.766335846,      0.766335846,   -0.00121763053,      5.634822351,      5.634822351,  -0.008953165683,               -0,               -0, -9.474047284e-16,     -37597.65952,      37597.65952
           0.137,             7121,            0.063,               45,              360,                0,   0.009374710253,     -27.98767321,      6672.376916,     0.7719706684,     0.7719706684,  -0.001226583695,       5.63482235,       5.63482235,  -0.008953165682,               -0,               -0, -8.910659711e-16,     -37597.65952,      37597.65952
           0.138,             7121,            0.063,               45,              360,                0,    0.00944313883,     -27.98767321,      6672.376915,     0.7776054907,     0.7776054907,  -0.001235536861,      5.634822349,      5.634822349,  -0.008953165682,               -0,               -0, -6.332315104e-16,     -37597.65952,      37597.65952
           0.139,             7121,            0.063,               45,              360,                0,   0.009511567349,     -27.98767321,      6672.376914,     0.7832403131,     0.7832403131,  -0.001244490026,      5.634822348,      5.634822348,  -0.008953165682,               -0,               -0, -8.877430355e-16,     -37597.65952,      37597.65952
            0.14,             7121,            0.063,               45,              360,                0,   0.009579995925,     -27.98767321,      6672.376912,     0.7888751354,     0.7888751354,  -0.001253443192,      5.634822347,      5.634822347,  -0.008953165681,               -0,               -0, -3.294978489e-16,     -37597.65952,      37597.65952
           0.141,             7121,            0.063,               45,              360,                0,   0.009648424443,     -27.98767321,      6672.376911,     0.7945099578,     0.7945099578,  -0.001262396358,      5.634822345,      5.634822345,  -0.008953165681,               -0,               -0, -1.005615191e-15,     -37597.65952,      37597.65952
           0.142,             7121,            0.063,               45,              360,                0,    0.00971685298,     -27.98767321,       6672.37691,     0.8001447801,     0.8001447801,  -0.001271349523,      5.634822344,      5.634822344,  -0.008953165681,               -0,               -0, -5.102925081e-16,     -37597.65952,      37597.65952
           0.143,             7121,            0.063,               45,              360,                0,   0.009785281498,     -27.98767321,      6672.376908,     0.8057796025,     0.8057796025,  -0.001280302689,      5.634822343,      5.634822343,   -0.00895316568,               -0,               -0, -7.081370598e-16,     -37597.65952,      37597.65952
           0.144,             7121,            0.063,               45,              360,                0,   0.009853710071,     -27.98767321,      6672.376907,     0.8114144248,     0.8114144248,  -0.001289255854,      5.634822342,      5.634822342,   -0.00895316568,               -0,               -0, -1.162224246e-15,     -37597.65952,      37597.65952
           0.145,             7121,            0.063,               45,              360,              360,   0.009922138624,     -27.98767321,      6672.376906,     0.8170492471,     0.8170492471,   -0.00129820902,      5.634822341,      5.634822341,   -0.00895316568,               -0,               -0, -8.100384357e-16,     -37597.65952,      37597.65952
           0.146,             7121,            0.063,               45,              360,                0,   0.009990567159,     -27.98767321,      6672.376905,     0.8226840695,     0.8226840695,  -0.001307162185,       5.63482234,       5.63482234,  -0.008953165679,               -0,               -0,  -3.65420753e-16,     -37597.65952,      37597.65952
           0.147,             7121,            0.063,               45,              360,                0,    0.01005899568,     -27.98767321,      6672.376903,     0.8283188918,     0.8283188918,  -0.001316115351,      5.634822339,      5.634822339,  -0.008953165679,               -0,               -0, -5.422122405e-16,     -37597.65952,      37597.65952
           0.148,             7121,            0.063,               45,              360,                0,    0.01012742421,     -27.98767321,      6672.376902,     0.8339537142,     0.8339537142,  -0.001325068516,      5.634822338,      5.634822338,  -0.008953165679,               -0,               -0, -4.253757454e-16,     -37597.65952,      37597.65952
           0.149,             7121,            0.063,               45,              360,                0,    0.01019585276,     -27.98767321,      6672.376901,     0.8395885365,     0.8395885365,  -0.001334021682,      5.634822337,      5.634822337,  -0.008953165678,               -0,               -0, -5.712639595e-16,     -37597.65952,      37597.65952
            0.15,             7121,            0.063,               45,              360,                0,    0.01026428133,     -27.98767321,      6672.376899,     0.8452233588,     0.8452233588,  -0.001342974848,      5.634822336,      5.634822336,  -0.008953165678,               -0,               -0, -8.055392536e-16,     -37597.65952,      37597.65952
           0.151,             7121,            0.063,               45,              360,                0,    0.01033270988,     -27.98767321,      6672.376898,     0.8508581812,     0.8508581812,  -0.001351928013,      5.634822334,      5.634822334,  -0.008953165678,               -0,               -0, -6.912764428e-16,     -37597.65952,      37597.65952
           0.152,             7121,            0.063,               45,              360,                0,    0.01040113834,     -27.98767321,      6672.376897,     0.8564930035,     0.8564930035,  -0.001360881179,      5.634822333,      5.634822333,  -0.008953165677,               -0,               -0, -3.167251968e-16,     -37597.65952,      37597.65952
           0.153,             7121,            0.063,               45,              360,                0,    0.01046956689,     -27.98767321,      6672.376895,     0.8621278258,     0.8621278258,  -0.001369834344,      5.634822332,      5.634822332,  -0.008953165677,               -0,               -0, -1.021316998e-15,     -37597.65952,      37597.65952
           0.154,             7121,            0.063,               45,              360,                0,    0.01053799549,     -27.98767321,      6672.376894,     0.8677626482,     0.8677626482,   -0.00137878751,      5.634822331,      5.634822331,  -0.008953165677,               -0,               -0, -8.543570339e-16,     -37597.65952,      37597.65952
           0.155,             7121,            0.063,               45,              360,                0,    0.01060642404,     -27.98767321,      6672.376892,     0.8733974705,     0.8733974705,  -0.001387740675,       5.63482233,       5.63482233,  -0.008953165676,               -0,               -0, -5.296856623e-16,     -37597.65952,      37597.65952
           0.156,             7121,            0.063,               45,              360,                0,    0.01067485251,     -27.98767321,      6672.376891,     0.8790322928,     0.8790322928,  -0.001396693841,      5.634822329,      5.634822329,  -0.008953165676,               -0,               -0,  -8.68584061e-16,     -37597.65952,      37597.65952
           0.157,             7121,            0.063,               45,              360,                0,    0.01074328112,     -27.98767321,       6672.37689,     0.8846671152,     0.8846671152,  -0.001405647006,      5.634822327,      5.634822327,  -0.008953165676,               -0,               -0, -6.910852105e-16,     -37597.65952,      37597.65952
           0.158,             7121,            0.063,               45,              360,                0,    0.01081170965,     -27.98767321,      6672.376888,     0.8903019375,     0.8903019375,  -0.001414600172,      5.634822326,      5.634822326,  -0.008953165675,               -0,               -0, -7.110292037e-16,     -37597.65952,      37597.65952
           0.159,             7121,            0.063,               45,              360,                0,     0.0108801382,     -27.98767321,      6672.376887,     0.8959367598,     0.8959367598,  -0.001423553337,      5.634822325,      5.634822325,  -0.008953165675,               -0,               -0,  -7.54077624e-16,     -37597.65952,      37597.65952
            0.16,             7121,            0.063,               45,              360,                0,    0.01094856673,     -27.98767321,      6672.376885,     0.9015715821,     0.9015715821,  -0.001432506503,      5.634822324,      5.634822324,  -0.008953165675,               -0,               -0, -3.833044934e-16,     -37597.65952,      37597.65952
           0.161,             7121,            0.063,               45,              360,                0,    0.01101699527,     -27.98767321,      6672.376884,     0.9072064045,     0.9072064045,  -0.001441459668,      5.634822323,      5.634822323,  -0.008953165674,               -0,               -0, -5.751371049e-16,     -37597.65952,      37597.65952
           0.162,             7121,            0.063,               45,              360,                0,     0.0110854238,     -27.98767321,      6672.376883,     0.9128412268,     0.9128412268,  -0.001450412834,      5.634822321,      5.634822321,  -0.008953165674,               -0,               -0,  -8.92649298e-16,     -37597.65952,      37597.65952
           0.163,             7121,            0.063,               45,              360,              360,    0.01115385238,     -27.98767321,      6672.376881,     0.9184760491,     0.9184760491,  -0.001459365999,       5.63482232,       5.63482232,  -0.008953165673,               -0,               -0, -5.359113432e-16,     -37597.65952,      37597.65952
           0.164,             7121,            0.063,               45,              360,                0,    0.01122228091,     -27.98767321,       6672.37688,     0.9241108714,     0.9241108714,  -0.001468319165,      5.634822319,      5.634822319,  -0.008953165673,               -0,               -0, -9.117568208e-16,     -37597.65952,      37597.65952
           0.165,             7121,            0.063,               45,              360,              360,    0.01129070942,     -27.98767321,      6672.376878,     0.9297456937,     0.9297456937,   -0.00147727233,      5.634822318,      5.634822318,  -0.008953165673,               -0,               -0, -8.802558026e-16,     -37597.65952,      37597.65952
           0.166,             7121,            0.063,               45,              360,                0,    0.01135913798,     -27.98767321,      6672.376877,     0.9353805161,     0.9353805161,  -0.001486225496,      5.634822316,      5.634822316,  -0.008953165672,               -0,               -0, -1.155247647e-15,     -37597.65952,      37597.65952
           0.167,             7121,            0.063,               45,              360,                0,    0.01142756649,     -27.98767321,      6672.376875,     0.9410153384,     0.9410153384,  -0.001495178661,      5.634822315,      5.634822315,  -0.008953165672,               -0,               -0, -6.742147802e-16,     -37597.65952,      37597.65952
           0.168,             7121,            0.063,               45,              360,                0,    0.01149599508,     -27.98767321,      6672.376874,     0.9466501607,     0.9466501607,  -0.001504131827,      5.634822314,      5.634822314,  -0.008953165672,               -0,               -0, -1.039174791e-15,     -37597.65952,      37597.65952
           0.169,             7121,            0.063,               45,              360,                0,    0.01156442362,     -27.98767321,      6672.376872,      0.952284983,      0.952284983,  -0.001513084992,      5.634822313,      5.634822313,  -0.008953165671,               -0,               -0, -9.250224415e-16,     -37597.65952,      37597.65952
            0.17,             7121,            0.063,               45,              360,                0,    0.01163285215,     -27.98767321,      6672.376871,     0.9579198053,     0.9579198053,  -0.001522038158,      5.634822311,      5.634822311,  -0.008953165671,               -0,               -0, -4.200057633e-16,     -37597.65952,      37597.65952
           0.171,             7121,            0.063,               45,              360,                0,    0.01170128072,     -27.98767321,      6672.376869,     0.9635546276,     0.9635546276,  -0.001530991323,       5.63482231,       5.63482231,   -0.00895316567,               -0,               -0, -1.126142058e-15,     -37597.65952,      37597.65952
           0.172,             7121,            0.063,               45,              360,                0,    0.01176970925,     -27.98767321,      6672.376868,     0.9691894499,     0.9691894499,  -0.001539944489,      5.634822309,      5.634822309,   -0.00895316567,               -0,               -0, -8.575126428e-16,     -37597.65952,      37597.65952
           0.173,             7121,            0.063,               45,              360,                0,    0.01183813779,     -27.98767321,      6672.376866,     0.9748242722,     0.9748242722,  -0.001548897654,      5.634822307,      5.634822307,   -0.00895316567,               -0,               -0, -1.178759904e-15,     -37597.65952,      37597.65952
           0.174,             7121,            0.063,               45,              360,                0,    0.01190656634,     -27.98767321,      6672.376864,     0.9804590945,     0.9804590945,   -0.00155785082,      5.634822306,      5.634822306,  -0.008953165669,               -0,               -0, -1.027365591e-15,     -37597.65952,      37597.65952
           0.175,             7121,            0.063,               45,              360,                0,    0.01197499485,     -27.98767321,      6672.376863,     0.9860939169,     0.9860939169,  -0.001566803985,      5.634822305,      5.634822305,  -0.008953165669,               -0,               -0, -4.915772458e-16,     -37597.65952,      37597.65952
           0.176,             7121,            0.063,               45,              360,              360,    0.01204342341,     -27.98767321,      6672.376861,     0.9917287392,     0.9917287392,  -0.001575757151,      5.634822304,      5.634822304,  -0.008953165668,               -0,               -0, -9.108242058e-16,     -37597.65952,      37597.65952
           0.177,             7121,            0.063,               45,              360,              360,    0.01211185192,     -27.98767321,       6672.37686,     0.9973635615,     0.9973635615,  -0.001584710316,      5.634822302,      5.634822302,  -0.008953165668,               -0,               -0, -9.600004477e-16,     -37597.65952,      37597.65952
           0.178,             7121,            0.063,               45,              360,                0,    0.01218028047,     -27.98767321,      6672.376858,      1.002998384,      1.002998384,  -0.001593663482,      5.634822301,      5.634822301,  -0.008953165668,               -0,               -0, -7.273532147e-16,     -37597.65952,      37597.65952
           0.179,             7121,            0.063,               45,              360,                0,    0.01224870904,     -27.98767321,      6672.376857,      1.008633206,      1.008633206,  -0.001602616647,      5.634822299,      5.634822299,  -0.008953165667,               -0,               -0, -6.564652939e-16,     -37597.65952,      37597.65952
            0.18,             7121,            0.063,               45,              360,                0,    0.01231713756,     -27.98767321,      6672.376855,      1.014268028,      1.014268028,  -0.001611569813,      5.634822298,      5.634822298,  -0.008953165667,               -0,               -0, -8.332420981e-16,     -37597.65952,      37597.65952
           0.181,             7121,            0.063,               45,              360,                0,    0.01238556613,     -27.98767321,      6672.376853,      1.019902851,      1.019902851,  -0.001620522978,      5.634822297,      5.634822297,  -0.008953165666,               -0,               -0, -1.083343092e-15,     -37597.65952,      37597.65952
           0.182,             7121,            0.063,               45,              360,                0,    0.01245399465,     -27.98767321,      6672.376852,      1.025537673,      1.025537673,  -0.001629476144,      5.634822295,      5.634822295,  -0.008953165666,               -0,               -0, -1.232427638e-15,     -37597.65952,      37597.65952
           0.183,             7121,            0.063,               45,              360,                0,    0.01252242322,     -27.98767321,       6672.37685,      1.031172495,      1.031172495,  -0.001638429309,      5.634822294,      5.634822294,  -0.008953165666,               -0,               -0, -5.809800444e-16,     -37597.65952,      37597.65952
           0.184,             7121,            0.063,               45,              360,                0,    0.01259085174,     -27.98767321,      6672.376848,      1.036807318,      1.036807318,  -0.001647382475,      5.634822293,      5.634822293,  -0.008953165665,               -0,               -0, -1.256191254e-15,     -37597.65952,      37597.65952
           0.185,             7121,            0.063,               45,              360,                0,    0.01265928025,     -27.98767321,      6672.376847,       1.04244214,       1.04244214,   -0.00165633564,      5.634822291,      5.634822291,  -0.008953165665,               -0,               -0, -7.821885283e-16,     -37597.65952,      37597.65952
           0.186,             7121,            0.063,               45,              360,                0,     0.0127277088,     -27.98767321,      6672.376845,      1.048076962,      1.048076962,  -0.001665288806,       5.63482229,       5.63482229,  -0.008953165664,               -0,               -0,   -1.2861626e-15,     -37597.65952,      37597.65952
           0.187,             7121,            0.063,               45,              360,                0,    0.01279613739,     -27.98767321,      6672.376843,      1.053711784,      1.053711784,  -0.001674241971,      5.634822288,      5.634822288,  -0.008953165664,               -0,               -0,  -1.13271329e-15,     -37597.65952,      37597.65952
           0.188,             7121,            0.063,               45,              360,                0,    0.01286456594,     -27.98767321,      6672.376842,      1.059346607,      1.059346607,  -0.001683195136,      5.634822287,      5.634822287,  -0.008953165663,               -0,               -0, -7.103704741e-16,     -37597.65952,      37597.65952
           0.189,             7121,            0.063,               45,              360,                0,    0.01293299442,     -27.98767321,       6672.37684,      1.064981429,      1.064981429,  -0.001692148302,      5.634822286,      5.634822286,  -0.008953165663,               -0,               -0, -1.095974667e-15,     -37597.65952,      37597.65952
            0.19,             7121,            0.063,               45,              360,                0,    0.01300142299,     -27.98767321,      6672.376838,      1.070616251,      1.070616251,  -0.001701101467,      5.634822284,      5.634822284,  -0.008953165663,               -0,               -0, -1.227005965e-15,     -37597.65952,      37597.65952
           0.191,             7121,            0.063,               45,              360,                0,    0.01306985156,     -27.98767321,      6672.376837,      1.076251074,      1.076251074,  -0.001710054633,      5.634822283,      5.634822283,  -0.008953165662,               -0,               -0, -9.291227798e-16,     -37597.65952,      37597.65952
           0.192,             7121,            0.063,               45,              360,                0,    0.01313828008,     -27.98767321,      6672.376835,      1.081885896,      1.081885896,  -0.001719007798,      5.634822281,      5.634822281,  -0.008953165662,               -0,               -0, -5.531583635e-16,     -37597.65952,      37597.65952
           0.193,             7121,            0.063,               45,              360,                0,    0.01320670861,     -27.98767321,      6672.376833,      1.087520718,      1.087520718,  -0.001727960964,       5.63482228,       5.63482228,  -0.008953165661,               -0,               -0, -1.175952796e-15,     -37597.65952,      37597.65952
           0.194,             7121,            0.063,               45,              360,                0,    0.01327513716,     -27.98767321,      6672.376832,       1.09315554,       1.09315554,  -0.001736914129,      5.634822278,      5.634822278,  -0.008953165661,               -0,               -0, -8.468073211e-16,     -37597.65952,      37597.65952
           0.195,             7121,            0.063,               45,              360,                0,    0.01334356574,     -27.98767321,       6672.37683,      1.098790363,      1.098790363,  -0.001745867295,      5.634822277,      5.634822277,   -0.00895316566,               -0,               -0, -1.079993281e-15,     -37597.65952,      37597.65952
           0.196,             7121,            0.063,               45,              360,                0,    0.01341199424,     -27.98767321,      6672.376828,      1.104425185,      1.104425185,   -0.00175482046,      5.634822275,      5.634822275,   -0.00895316566,               -0,               -0, -8.907241308e-16,     -37597.65952,      37597.65952
           0.197,             7121,            0.063,               45,              360,                0,    0.01348042277,     -27.98767321,      6672.376826,      1.110060007,      1.110060007,  -0.001763773625,      5.634822274,      5.634822274,   -0.00895316566,               -0,               -0, -9.928360397e-16,     -37597.65952,      37597.65952
           0.198,             7121,            0.063,               45,              360,                0,    0.01354885129,     -27.98767321,      6672.376825,      1.115694829,      1.115694829,  -0.001772726791,      5.634822272,      5.634822272,  -0.008953165659,               -0,               -0, -1.211986646e-15,     -37597.65952,      37597.65952
           0.199,             7121,            0.063,               45,              360,                0,    0.01361727985,     -27.98767321,      6672.376823,      1.121329652,      1.121329652,  -0.001781679956,      5.634822271,      5.634822271,  -0.008953165659,               -0,               -0, -8.486585196e-16,     -37597.65952,      37597.65952
             0.2,             7121,            0.063,               45,              360,                0,    0.01368570839,     -27.98767321,      6672.376821,      1.126964474,      1.126964474,  -0.001790633122,      5.634822269,      5.634822269,  -0.008953165658,               -0,               -0, -1.141862447e-15,     -37597.65952,      37597.65952
           0.201,             7121,            0.063,               45,              360,              360,    0.01375413695,     -27.98767321,      6672.376819,      1.132599296,      1.132599296,  -0.001799586287,      5.634822268,      5.634822268,  -0.008953165658,               -0,               -0, -1.029077306e-15,     -37597.65952,      37597.65952
           0.202,             7121,            0.063,               45,              360,                0,    0.01382256549,     -27.98767321,      6672.376817,      1.138234119,      1.138234119,  -0.001808539453,      5.634822266,      5.634822266,  -0.008953165657,               -0,               -0, -6.989637463e-16,     -37597.65952,      37597.65952
           0.203,             7121,            0.063,               45,              360,                0,    0.01389099405,     -27.98767321,      6672.376816,      1.143868941,      1.143868941,  -0.001817492618,      5.634822265,      5.634822265,  -0.008953165657,               -0,               -0, -1.262750922e-15,     -37597.65952,      37597.65952
           0.204,             7121,            0.063,               45,              360,                0,    0.01395942259,     -27.98767321,      6672.376814,      1.149503763,      1.149503763,  -0.001826445783,      5.634822263,      5.634822263,  -0.008953165656,               -0,               -0, -8.875107818e-16,     -37597.65952,      37597.65952
           0.205,             7121,            0.063,               45,              360,                0,    0.01402785115,     -27.98767321,      6672.376812,      1.155138585,      1.155138585,  -0.001835398949,      5.634822262,      5.634822262,  -0.008953165656,               -0,               -0,  -6.50082046e-16,     -37597.65952,      37597.65952
           0.206,             7121,            0.063,               45,              360,                0,    0.01409627966,     -27.98767321,       6672.37681,      1.160773408,      1.160773408,  -0.001844352114,       5.63482226,       5.63482226,  -0.008953165655,               -0,               -0, -9.012963921e-16,     -37597.65952,      37597.65952
           0.207,             7121,            0.063,               45,              360,                0,    0.01416470819,     -27.98767321,      6672.376808,       1.16640823,       1.16640823,   -0.00185330528,      5.634822259,      5.634822259,  -0.008953165655,               -0,               -0, -9.416354672e-16,     -37597.65952,      37597.65952
           0.208,             7121,            0.063,               45,              360,                0,    0.01423313674,     -27.98767321,      6672.376806,      1.172043052,      1.172043052,  -0.001862258445,      5.634822257,      5.634822257,  -0.008953165654,               -0,               -0, -1.484934176e-15,     -37597.65952,      37597.65952
           0.209,             7121,            0.063,               45,              360,              360,    0.01430156527,     -27.98767321,      6672.376804,      1.177677874,      1.177677874,   -0.00187121161,      5.634822255,      5.634822255,  -0.008953165654,               -0,               -0, -1.105667005e-15,     -37597.65952,      37597.65952
            0.21,             7121,            0.063,               45,              360,              360,    0.01436999386,     -27.98767321,      6672.376803,      1.183312697,      1.183312697,  -0.001880164776,      5.634822254,      5.634822254,  -0.008953165654,               -0,               -0, -7.178577038e-16,     -37597.65952,      37597.65952
           0.211,             7121,            0.063,               45,              360,                0,    0.01443842239,     -27.98767321,      6672.376801,      1.188947519,      1.188947519,  -0.001889117941,      5.634822252,      5.634822252,  -0.008953165653,               -0,               -0, -1.188145746e-15,     -37597.65952,      37597.65952
           0.212,             7121,            0.063,               45,              360,                0,    0.01450685093,     -27.98767321,      6672.376799,      1.194582341,      1.194582341,  -0.001898071106,      5.634822251,      5.634822251,  -0.008953165653,               -0,               -0, -1.454008723e-15,     -37597.65952,      37597.65952
           0.213,             7121,            0.063,               45,              360,                0,    0.01457527945,     -27.98767321,      6672.376797,      1.200217163,      1.200217163,  -0.001907024272,      5.634822249,      5.634822249,  -0.008953165652,               -0,               -0, -1.341102521e-15,     -37597.65952,      37597.65952
           0.214,             7121,            0.063,               45,              360,                0,    0.01464370802,     -27.98767321,      6672.376795,      1.205851986,      1.205851986,  -0.001915977437,      5.634822247,      5.634822247,  -0.008953165652,               -0,               -0, -6.750829081e-16,     -37597.65952,      37597.65952
           0.215,             7121,            0.063,               45,              360,                0,    0.01471213657,     -27.98767321,      6672.376793,      1.211486808,      1.211486808,  -0.001924930603,      5.634822246,      5.634822246,  -0.008953165651,               -0,               -0,  -1.05796237e-15,     -37597.65952,      37597.65952
           0.216,             7121,            0.063,               45,              360,              360,    0.01478056509,     -27.98767321,      6672.376791,       1.21712163,       1.21712163,  -0.001933883768,      5.634822244,      5.634822244,  -0.008953165651,               -0,               -0,  -1.42721801e-15,     -37597.65952,      37597.65952
           0.217,             7121,            0.063,               45,              360,                0,    0.01484899364,     -27.98767321,      6672.376789,      1.222756452,      1.222756452,  -0.001942836933,      5.634822243,      5.634822243,   -0.00895316565,               -0,               -0, -7.203268089e-16,     -37597.65952,      37597.65952
           0.218,             7121,            0.063,               45,              360,                0,    0.01491742215,     -27.98767321,      6672.376787,      1.228391275,      1.228391275,  -0.001951790099,      5.634822241,      5.634822241,   -0.00895316565,               -0,               -0, -1.224627102e-15,     -37597.65952,      37597.65952
           0.219,             7121,            0.063,               45,              360,              360,    0.01498585068,     -27.98767321,      6672.376785,      1.234026097,      1.234026097,  -0.001960743264,      5.634822239,      5.634822239,  -0.008953165649,               -0,               -0, -1.182259948e-15,     -37597.65952,      37597.65952
            0.22,             7121,            0.063,               45,              360,                0,    0.01505427926,     -27.98767321,      6672.376783,      1.239660919,      1.239660919,  -0.001969696429,      5.634822238,      5.634822238,  -0.008953165649,               -0,               -0, -7.818838356e-16,     -37597.65952,      37597.65952
           0.221,             7121,            0.063,               45,              360,                0,    0.01512270779,     -27.98767321,      6672.376781,      1.245295741,      1.245295741,  -0.001978649595,      5.634822236,      5.634822236,  -0.008953165648,               -0,               -0, -1.262507047e-15,     -37597.65952,      37597.65952
           0.222,             7121,            0.063,               45,              360,                0,    0.01519113638,     -27.98767321,      6672.376779,      1.250930564,      1.250930564,   -0.00198760276,      5.634822234,      5.634822234,  -0.008953165648,               -0,               -0, -6.734275225e-16,     -37597.65952,      37597.65952
           0.223,             7121,            0.063,               45,              360,                0,     0.0152595649,     -27.98767321,      6672.376777,      1.256565386,      1.256565386,  -0.001996555926,      5.634822233,      5.634822233,  -0.008953165647,               -0,               -0, -9.796602083e-16,     -37597.65952,      37597.65952
           0.224,             7121,            0.063,               45,              360,              360,    0.01532799339,     -27.98767321,      6672.376775,      1.262200208,      1.262200208,  -0.002005509091,      5.634822231,      5.634822231,  -0.008953165647,               -0,               -0, -7.556777525e-16,     -37597.65952,      37597.65952
           0.225,             7121,            0.063,               45,              360,              360,    0.01539642196,     -27.98767321,      6672.376773,       1.26783503,       1.26783503,  -0.002014462256,      5.634822229,      5.634822229,  -0.008953165646,               -0,               -0, -1.078316428e-15,     -37597.65952,      37597.65952
           0.226,             7121,            0.063,               45,              360,              360,     0.0154648505,     -27.98767321,      6672.376771,      1.273469853,      1.273469853,  -0.002023415422,      5.634822228,      5.634822228,  -0.008953165646,               -0,               -0, -1.167337026e-15,     -37597.65952,      37597.65952
           0.227,             7121,            0.063,               45,              360,              360,    0.01553327905,     -27.98767321,      6672.376769,      1.279104675,      1.279104675,  -0.002032368587,      5.634822226,      5.634822226,  -0.008953165645,               -0,               -0, -1.444277709e-15,     -37597.65952,      37597.65952
           0.228,             7121,            0.063,               45,              360,              360,    0.01560170756,     -27.98767321,      6672.376767,      1.284739497,      1.284739497,  -0.002041321752,      5.634822224,      5.634822224,  -0.008953165645,               -0,               -0, -8.466140677e-16,     -37597.65952,      37597.65952
           0.229,             7121,            0.063,               45,              360,              360,    0.01567013611,     -27.98767321,      6672.376765,      1.290374319,      1.290374319,  -0.002050274918,      5.634822222,      5.634822222,  -0.008953165644,               -0,               -0, -1.501531788e-15,     -37597.65952,      37597.65952
            0.23,             7121,            0.063,               45,              360,              360,    0.01573856469,     -27.98767321,      6672.376763,      1.296009141,      1.296009141,  -0.002059228083,      5.634822221,      5.634822221,  -0.008953165644,               -0,               -0, -9.331528153e-16,     -37597.65952,      37597.65952
           0.231,             7121,            0.063,               45,              360,                0,    0.01580699321,     -27.98767321,      6672.376761,      1.301643964,      1.301643964,  -0.002068181248,      5.634822219,      5.634822219,  -0.008953165643,               -0,               -0, -7.434876101e-16,     -37597.65952,      37597.65952
           0.232,             7121,            0.063,               45,              360,                0,    0.01587542175,     -27.98767321,      6672.376759,      1.307278786,      1.307278786,  -0.002077134414,      5.634822217,      5.634822217,  -0.008953165642,               -0,               -0, -7.581896602e-16,     -37597.65952,      37597.65952
           0.233,             7121,            0.063,               45,              360,                0,    0.01594385029,     -27.98767321,      6672.376757,      1.312913608,      1.312913608,  -0.002086087579,      5.634822215,      5.634822215,  -0.008953165642,               -0,               -0,  -8.02912322e-16,     -37597.65952,      37597.65952
           0.234,             7121,            0.063,               45,              360,              360,    0.01601227885,     -27.98767321,      6672.376755,       1.31854843,       1.31854843,  -0.002095040744,      5.634822214,      5.634822214,  -0.008953165641,               -0,               -0, -1.308559397e-15,     -37597.65952,      37597.65952
           0.235,             7121,            0.063,               45,              360,              360,     0.0160807074,     -27.98767321,      6672.376753,      1.324183252,      1.324183252,  -0.002103993909,      5.634822212,      5.634822212,  -0.008953165641,               -0,               -0, -1.485523944e-15,     -37597.65952,      37597.65952
           0.236,             7121,            0.063,               45,              360,                0,    0.01614913593,     -27.98767321,      6672.376751,      1.329818075,      1.329818075,  -0.002112947075,       5.63482221,       5.63482221,   -0.00895316564,               -0,               -0, -1.159458919e-15,     -37597.65952,      37597.65952
           0.237,             7121,            0.063,               45,              360,                0,     0.0162175645,     -27.98767321,      6672.376749,      1.335452897,      1.335452897,   -0.00212190024,      5.634822208,      5.634822208,   -0.00895316564,               -0,               -0, -1.044195564e-15,     -37597.65952,      37597.65952
           0.238,             7121,            0.063,               45,              360,              360,    0.01628599299,     -27.98767321,      6672.376746,      1.341087719,      1.341087719,  -0.002130853405,      5.634822206,      5.634822206,  -0.008953165639,               -0,               -0, -9.653865675e-16,     -37597.65952,      37597.65952
           0.239,             7121,            0.063,               45,              360,              360,    0.01635442155,     -27.98767321,      6672.376744,      1.346722541,      1.346722541,  -0.002139806571,      5.634822205,      5.634822205,  -0.008953165639,               -0,               -0, -1.111687932e-15,     -37597.65952,      37597.65952
            0.24,             7121,            0.063,               45,              360,              360,    0.01642285008,     -27.98767321,      6672.376742,      1.352357364,      1.352357364,  -0.002148759736,      5.634822203,      5.634822203,  -0.008953165638,               -0,               -0, -9.457486238e-16,     -37597.65952,      37597.65952
           0.241,             7121,            0.063,               45,              360,              360,    0.01649127865,     -27.98767321,       6672.37674,      1.357992186,      1.357992186,  -0.002157712901,      5.634822201,      5.634822201,  -0.008953165638,               -0,               -0, -8.634384076e-16,     -37597.65952,      37597.65952
           0.242,             7121,            0.063,               45,              360,                0,    0.01655970716,     -27.98767321,      6672.376738,      1.363627008,      1.363627008,  -0.002166666067,      5.634822199,      5.634822199,  -0.008953165637,               -0,               -0, -1.361364355e-15,     -37597.65952,      37597.65952
           0.243,             7121,            0.063,               45,              360,                0,    0.01662813568,     -27.98767321,      6672.376736,       1.36926183,       1.36926183,  -0.002175619232,      5.634822197,      5.634822197,  -0.008953165637,               -0,               -0, -1.013996601e-15,     -37597.65952,      37597.65952
           0.244,             7121,            0.063,               45,              360,                0,    0.01669656426,     -27.98767321,      6672.376733,      1.374896652,      1.374896652,  -0.002184572397,      5.634822196,      5.634822196,  -0.008953165636,               -0,               -0,   -8.9816888e-16,     -37597.65952,      37597.65952
           0.245,             7121,            0.063,               45,              360,                0,    0.01676499282,     -27.98767321,      6672.376731,      1.380531475,      1.380531475,  -0.002193525562,      5.634822194,      5.634822194,  -0.008953165635,               -0,               -0, -1.364707892e-15,     -37597.65952,      37597.65952
           0.246,             7121,            0.063,               45,              360,              360,    0.01683342133,     -27.98767321,      6672.376729,      1.386166297,      1.386166297,  -0.002202478728,      5.634822192,      5.634822192,  -0.008953165635,               -0,               -0, -8.259118324e-16,     -37597.65952,      37597.65952
           0.247,             7121,            0.063,               45,              360,                0,    0.01690184989,     -27.98767321,      6672.376727,      1.391801119,      1.391801119,  -0.002211431893,       5.63482219,       5.63482219,  -0.008953165634,               -0,               -0,  -8.83788989e-16,     -37597.65952,      37597.65952
           0.248,             7121,            0.063,               45,              360,                0,     0.0169702784,     -27.98767321,      6672.376725,      1.397435941,      1.397435941,  -0.002220385058,      5.634822188,      5.634822188,  -0.008953165634,               -0,               -0, -1.000987221e-15,     -37597.65952,      37597.65952
           0.249,             7121,            0.063,               45,              360,                0,    0.01703870695,     -27.98767321,      6672.376722,      1.403070763,      1.403070763,  -0.002229338223,      5.634822186,      5.634822186,  -0.008953165633,               -0,               -0,  -1.00816239e-15,     -37597.65952,      37597.65952
            0.25,             7121,            0.063,               45,              360,                0,    0.01710713552,     -27.98767321,       6672.37672,      1.408705585,      1.408705585,  -0.002238291389,      5.634822184,      5.634822184,  -0.008953165633,               -0,               -0, -1.078954816e-15,     -37597.65952,      37597.65952
           0.251,             7121,            0.063,               45,              360,                0,    0.01717556404,     -27.98767321,      6672.376718,      1.414340408,      1.414340408,  -0.002247244554,      5.634822182,      5.634822182,  -0.008953165632,               -0,               -0, -1.039015383e-15,     -37597.65952,      37597.65952
           0.252,             7121,            0.063,               45,              360,                0,    0.01724399259,     -27.98767321,      6672.376716,       1.41997523,       1.41997523,  -0.002256197719,      5.634822181,      5.634822181,  -0.008953165631,               -0,               -0, -1.602173249e-15,     -37597.65952,      37597.65952
           0.253,             7121,            0.063,               45,              360,                0,    0.01731242111,     -27.98767321,      6672.376713,      1.425610052,      1.425610052,  -0.002265150884,      5.634822179,      5.634822179,  -0.008953165631,               -0,               -0,  -1.70590059e-15,     -37597.65952,      37597.65952
           0.254,             7121,            0.063,               45,              360,                0,    0.01738084968,     -27.98767321,      6672.376711,      1.431244874,      1.431244874,   -0.00227410405,      5.634822177,      5.634822177,   -0.00895316563,               -0,               -0, -2.064026277e-15,     -37597.65952,      37597.65952
           0.255,             7121,            0.063,               45,              360,                0,     0.0174492782,     -27.98767321,      6672.376709,      1.436879696,      1.436879696,  -0.002283057215,      5.634822175,      5.634822175,   -0.00895316563,               -0,               -0, -7.258437771e-16,     -37597.65952,      37597.65952
           0.256,             7121,            0.063,               45,              360,                0,    0.01751770673,     -27.98767321,      6672.376707,      1.442514519,      1.442514519,   -0.00229201038,      5.634822173,      5.634822173,  -0.008953165629,               -0,               -0, -1.069716932e-15,     -37597.65952,      37597.65952
           0.257,             7121,            0.063,               45,              360,                0,    0.01758613529,     -27.98767321,      6672.376704,      1.448149341,      1.448149341,  -0.002300963545,      5.634822171,      5.634822171,  -0.008953165629,               -0,               -0, -1.635080764e-15,     -37597.65952,      37597.65952
           0.258,             7121,            0.063,               45,              360,                0,    0.01765456386,     -27.98767321,      6672.376702,      1.453784163,      1.453784163,  -0.002309916711,      5.634822169,      5.634822169,  -0.008953165628,               -0,               -0, -1.747433843e-15,     -37597.65952,      37597.65952
           0.259,             7121,            0.063,               45,              360,                0,    0.01772299238,     -27.98767321,        6672.3767,      1.459418985,      1.459418985,  -0.002318869876,      5.634822167,      5.634822167,  -0.008953165627,               -0,               -0, -7.072509138e-16,     -37597.65952,      37597.65952
            0.26,             7121,            0.063,               45,              360,                0,    0.01779142095,     -27.98767321,      6672.376697,      1.465053807,      1.465053807,  -0.002327823041,      5.634822165,      5.634822165,  -0.008953165627,               -0,               -0,  -6.41713368e-16,     -37597.65952,      37597.65952
           0.261,             7121,            0.063,               45,              360,                0,    0.01785984944,     -27.98767321,      6672.376695,      1.470688629,      1.470688629,  -0.002336776206,      5.634822163,      5.634822163,  -0.008953165626,               -0,               -0, -1.376470634e-15,     -37597.65952,      37597.65952
           0.262,             7121,            0.063,               45,              360,                0,    0.01792827799,     -27.98767321,      6672.376693,      1.476323452,      1.476323452,  -0.002345729372,      5.634822161,      5.634822161,  -0.008953165626,               -0,               -0, -4.356401717e-16,     -37597.65952,      37597.65952
           0.263,             7121,            0.063,               45,              360,                0,    0.01799670655,     -27.98767321,       6672.37669,      1.481958274,      1.481958274,  -0.002354682537,      5.634822159,      5.634822159,  -0.008953165625,               -0,               -0, -1.722759769e-15,     -37597.65952,      37597.65952
           0.264,             7121,            0.063,               45,              360,                0,    0.01806513512,     -27.98767321,      6672.376688,      1.487593096,      1.487593096,  -0.002363635702,      5.634822157,      5.634822157,  -0.008953165624,               -0,               -0, -9.855897473e-16,     -37597.65952,      37597.65952
           0.265,             7121,            0.063,               45,              360,                0,    0.01813356363,     -27.98767321,      6672.376686,      1.493227918,      1.493227918,  -0.002372588867,      5.634822155,      5.634822155,  -0.008953165624,               -0,               -0, -8.014147821e-16,     -37597.65952,      37597.65952
           0.266,             7121,            0.063,               45,              360,                0,    0.01820199216,     -27.98767321,      6672.376683,       1.49886274,       1.49886274,  -0.002381542032,      5.634822153,      5.634822153,  -0.008953165623,               -0,               -0,  -1.78695193e-15,     -37597.65952,      37597.65952
           0.267,             7121,            0.063,               45,              360,                0,    0.01827042074,     -27.98767321,      6672.376681,      1.504497562,      1.504497562,  -0.002390495198,      5.634822151,      5.634822151,  -0.008953165623,               -0,               -0, -1.991492877e-15,     -37597.65952,      37597.65952
           0.268,             7121,            0.063,               45,              360,                0,    0.01833884923,     -27.98767321,      6672.376678,      1.510132384,      1.510132384,  -0.002399448363,      5.634822149,      5.634822149,  -0.008953165622,               -0,               -0,  -1.76586098e-15,     -37597.65952,      37597.65952
           0.269,             7121,            0.063,               45,              360,                0,     0.0184072778,     -27.98767321,      6672.376676,      1.515767207,      1.515767207,  -0.002408401528,      5.634822147,      5.634822147,  -0.008953165621,               -0,               -0,  -2.18688632e-15,     -37597.65952,      37597.65952
            0.27,             7121,            0.063,               45,              360,                0,    0.01847570635,     -27.98767321,      6672.376674,      1.521402029,      1.521402029,  -0.002417354693,      5.634822145,      5.634822145,  -0.008953165621,               -0,               -0, -1.303860127e-15,     -37597.65952,      37597.65952
           0.271,             7121,            0.063,               45,              360,                0,    0.01854413488,     -27.98767321,      6672.376671,      1.527036851,      1.527036851,  -0.002426307858,      5.634822143,      5.634822143,   -0.00895316562,               -0,               -0, -7.187871543e-16,     -37597.65952,      37597.65952
           0.272,             7121,            0.063,               45,              360,                0,    0.01861256343,     -27.98767321,      6672.376669,      1.532671673,      1.532671673,  -0.002435261023,      5.634822141,      5.634822141,   -0.00895316562,               -0,               -0, -6.723860987e-16,     -37597.65952,      37597.65952
           0.273,             7121,            0.063,               45,              360,                0,    0.01868099196,     -27.98767321,      6672.376666,      1.538306495,      1.538306495,  -0.002444214189,      5.634822139,      5.634822139,  -0.008953165619,               -0,               -0, -5.652241763e-16,     -37597.65952,      37597.65952
           0.274,             7121,            0.063,               45,              360,                0,    0.01874942051,     -27.98767321,      6672.376664,      1.543941317,      1.543941317,  -0.002453167354,      5.634822137,      5.634822137,  -0.008953165618,               -0,               -0, -1.999305677e-15,     -37597.65952,      37597.65952
           0.275,             7121,            0.063,               45,              360,                0,    0.01881784906,     -27.98767321,      6672.376661,      1.549576139,      1.549576139,  -0.002462120519,      5.634822135,      5.634822135,  -0.008953165618,               -0,               -0, -1.247564218e-15,     -37597.65952,      37597.65952
           0.276,             7121,            0.063,               45,              360,                0,    0.01888627759,     -27.98767321,      6672.376659,      1.555210962,      1.555210962,  -0.002471073684,      5.634822133,      5.634822133,  -0.008953165617,               -0,               -0, -1.688360615e-15,     -37597.65952,      37597.65952
           0.277,             7121,            0.063,               45,              360,                0,     0.0189547061,     -27.98767321,      6672.376657,      1.560845784,      1.560845784,  -0.002480026849,      5.634822131,      5.634822131,  -0.008953165616,               -0,               -0, -1.370985009e-15,     -37597.65952,      37597.65952
           0.278,             7121,            0.063,               45,              360,                0,    0.01902313471,     -27.98767321,      6672.376654,      1.566480606,      1.566480606,  -0.002488980014,      5.634822128,      5.634822128,  -0.008953165616,               -0,               -0, -1.372266079e-15,     -37597.65952,      37597.65952
           0.279,             7121,            0.063,               45,              360,                0,    0.01909156322,     -27.98767321,      6672.376652,      1.572115428,      1.572115428,   -0.00249793318,      5.634822126,      5.634822126,  -0.008953165615,               -0,               -0, -2.043025474e-15,     -37597.65952,      37597.65952
            0.28,             7121,            0.063,               45,              360,                0,    0.01915999178,     -27.98767321,      6672.376649,       1.57775025,       1.57775025,  -0.002506886345,      5.634822124,      5.634822124,  -0.008953165615,               -0,               -0, -1.807585977e-15,     -37597.65952,      37597.65952
           0.281,             7121,            0.063,               45,              360,                0,     0.0192284203,     -27.98767321,      6672.376647,      1.583385072,      1.583385072,   -0.00251583951,      5.634822122,      5.634822122,  -0.008953165614,               -0,               -0, -1.357733215e-15,     -37597.65952,      37597.65952
           0.282,             7121,            0.063,               45,              360,                0,    0.01929684884,     -27.98767321,      6672.376644,      1.589019894,      1.589019894,  -0.002524792675,       5.63482212,       5.63482212,  -0.008953165613,               -0,               -0, -1.044288364e-15,     -37597.65952,      37597.65952
           0.283,             7121,            0.063,               45,              360,                0,    0.01936527739,     -27.98767321,      6672.376641,      1.594654716,      1.594654716,   -0.00253374584,      5.634822118,      5.634822118,  -0.008953165613,               -0,               -0, -1.944079299e-15,     -37597.65952,      37597.65952
           0.284,             7121,            0.063,               45,              360,                0,    0.01943370592,     -27.98767321,      6672.376639,      1.600289539,      1.600289539,  -0.002542699005,      5.634822116,      5.634822116,  -0.008953165612,               -0,               -0, -8.552131951e-16,     -37597.65952,      37597.65952
           0.285,             7121,            0.063,               45,              360,                0,    0.01950213447,     -27.98767321,      6672.376636,      1.605924361,      1.605924361,   -0.00255165217,      5.634822114,      5.634822114,  -0.008953165611,               -0,               -0, -6.308744453e-16,     -37597.65952,      37597.65952
           0.286,             7121,            0.063,               45,              360,                0,    0.01957056295,     -27.98767321,      6672.376634,      1.611559183,      1.611559183,  -0.002560605336,      5.634822111,      5.634822111,  -0.008953165611,               -0,               -0, -1.096708589e-15,     -37597.65952,      37597.65952
           0.287,             7121,            0.063,               45,              360,                0,    0.01963899152,     -27.98767321,      6672.376631,      1.617194005,      1.617194005,  -0.002569558501,      5.634822109,      5.634822109,   -0.00895316561,               -0,               -0, -8.271791555e-16,     -37597.65952,      37597.65952
           0.288,             7121,            0.063,               45,              360,                0,    0.01970742008,     -27.98767321,      6672.376629,      1.622828827,      1.622828827,  -0.002578511666,      5.634822107,      5.634822107,  -0.008953165609,               -0,               -0, -1.234108504e-15,     -37597.65952,      37597.65952
           0.289,             7121,            0.063,               45,              360,                0,    0.01977584862,     -27.98767321,      6672.376626,      1.628463649,      1.628463649,  -0.002587464831,      5.634822105,      5.634822105,  -0.008953165609,               -0,               -0, -1.798136932e-15,     -37597.65952,      37597.65952
            0.29,             7121,            0.063,               45,              360,                0,    0.01984427718,     -27.98767321,      6672.376624,      1.634098471,      1.634098471,  -0.002596417996,      5.634822103,      5.634822103,  -0.008953165608,               -0,               -0, -5.685524874e-16,     -37597.65952,      37597.65952
           0.291,             7121,            0.063,               45,              360,              360,    0.01991270571,     -27.98767321,      6672.376621,      1.639733293,      1.639733293,  -0.002605371161,        5.6348221,        5.6348221,  -0.008953165607,               -0,               -0, -9.237135676e-16,     -37597.65952,      37597.65952
           0.292,             7121,            0.063,               45,              360,                0,    0.01998113427,     -27.98767321,      6672.376618,      1.645368115,      1.645368115,  -0.002614324326,      5.634822098,      5.634822098,  -0.008953165607,               -0,               -0,  -9.12907888e-16,     -37597.65952,      37597.65952
           0.293,             7121,            0.063,               45,              360,              360,    0.02004956278,     -27.98767321,      6672.376616,      1.651002938,      1.651002938,  -0.002623277491,      5.634822096,      5.634822096,  -0.008953165606,               -0,               -0, -2.138136676e-15,     -37597.65952,      37597.65952
           0.294,             7121,            0.063,               45,              360,                0,    0.02011799136,     -27.98767321,      6672.376613,       1.65663776,       1.65663776,  -0.002632230656,      5.634822094,      5.634822094,  -0.008953165605,               -0,               -0, -8.723304742e-16,     -37597.65952,      37597.65952
           0.295,             7121,            0.063,               45,              360,              360,    0.02018641985,     -27.98767321,       6672.37661,      1.662272582,      1.662272582,  -0.002641183821,      5.634822092,      5.634822092,  -0.008953165605,               -0,               -0, -7.938092199e-16,     -37597.65952,      37597.65952
           0.296,             7121,            0.063,               45,              360,                0,    0.02025484841,     -27.98767321,      6672.376608,      1.667907404,      1.667907404,  -0.002650136987,      5.634822089,      5.634822089,  -0.008953165604,               -0,               -0, -1.418245139e-15,     -37597.65952,      37597.65952
           0.297,             7121,            0.063,               45,              360,                0,    0.02032327694,     -27.98767321,      6672.376605,      1.673542226,      1.673542226,  -0.002659090152,      5.634822087,      5.634822087,  -0.008953165603,               -0,               -0,  -7.94925111e-16,     -37597.65952,      37597.65952
           0.298,             7121,            0.063,               45,              360,                0,     0.0203917055,     -27.98767321,      6672.376602,      1.679177048,      1.679177048,  -0.002668043317,      5.634822085,      5.634822085,  -0.008953165603,               -0,               -0, -1.777031366e-15,     -37597.65952,      37597.65952
           0.299,             7121,            0.063,               45,              360,                0,    0.02046013405,     -27.98767321,        6672.3766,       1.68481187,       1.68481187,  -0.002676996482,      5.634822083,      5.634822083,  -0.008953165602,               -0,               -0, -1.162668598e-15,     -37597.65952,      37597.65952
             0.3,             7121,            0.063,               45,              360,                0,    0.02052856258,     -27.98767321,      6672.376597,      1.690446692,      1.690446692,  -0.002685949647,       5.63482208,       5.63482208,  -0.008953165601,               -0,               -0, -2.330193695e-15,     -37597.65952,      37597.65952
           0.301,             7121,            0.063,               45,              360,                0,    0.02059699115,     -27.98767321,      6672.376594,      1.696081514,      1.696081514,  -0.002694902812,      5.634822078,      5.634822078,  -0.008953165601,               -0,               -0, -1.027361019e-15,     -37597.65952,      37597.65952
           0.302,             7121,            0.063,               45,              360,                0,    0.02066541969,     -27.98767321,      6672.376592,      1.701716336,      1.701716336,  -0.002703855977,      5.634822076,      5.634822076,    -0.0089531656,               -0,               -0,  -1.15770211e-15,     -37597.65952,      37597.65952
           0.303,             7121,            0.063,               45,              360,                0,    0.02073384824,     -27.98767321,      6672.376589,      1.707351158,      1.707351158,  -0.002712809142,      5.634822074,      5.634822074,  -0.008953165599,               -0,               -0, -2.281609049e-15,     -37597.65952,      37597.65952
           0.304,             7121,            0.063,               45,              360,                0,    0.02080227676,     -27.98767321,      6672.376586,       1.71298598,       1.71298598,  -0.002721762307,      5.634822071,      5.634822071,  -0.008953165599,               -0,               -0, -2.178433678e-15,     -37597.65952,      37597.65952
           0.305,             7121,            0.063,               45,              360,                0,     0.0208707053,     -27.98767321,      6672.376584,      1.718620803,      1.718620803,  -0.002730715472,      5.634822069,      5.634822069,  -0.008953165598,               -0,               -0, -1.198993342e-15,     -37597.65952,      37597.65952
           0.306,             7121,            0.063,               45,              360,                0,    0.02093913384,     -27.98767321,      6672.376581,      1.724255625,      1.724255625,  -0.002739668637,      5.634822067,      5.634822067,  -0.008953165597,               -0,               -0, -2.196468895e-15,     -37597.65952,      37597.65952
           0.307,             7121,            0.063,               45,              360,                0,    0.02100756239,     -27.98767321,      6672.376578,      1.729890447,      1.729890447,  -0.002748621802,      5.634822064,      5.634822064,  -0.008953165597,               -0,               -0, -1.443788658e-15,     -37597.65952,      37597.65952
           0.308,             7121,            0.063,               45,              360,                0,    0.02107599092,     -27.98767321,      6672.376575,      1.735525269,      1.735525269,  -0.002757574967,      5.634822062,      5.634822062,  -0.008953165596,               -0,               -0, -1.068126294e-15,     -37597.65952,      37597.65952
           0.309,             7121,            0.063,               45,              360,                0,    0.02114441945,     -27.98767321,      6672.376573,      1.741160091,      1.741160091,  -0.002766528132,       5.63482206,       5.63482206,  -0.008953165595,               -0,               -0, -2.146305292e-15,     -37597.65952,      37597.65952
            0.31,             7121,            0.063,               45,              360,                0,    0.02121284801,     -27.98767321,       6672.37657,      1.746794913,      1.746794913,  -0.002775481297,      5.634822057,      5.634822057,  -0.008953165594,               -0,               -0, -9.512534458e-16,     -37597.65952,      37597.65952
           0.311,             7121,            0.063,               45,              360,              360,    0.02128127653,     -27.98767321,      6672.376567,      1.752429735,      1.752429735,  -0.002784434462,      5.634822055,      5.634822055,  -0.008953165594,               -0,               -0, -1.081212298e-15,     -37597.65952,      37597.65952
           0.312,             7121,            0.063,               45,              360,                0,     0.0213497051,     -27.98767321,      6672.376564,      1.758064557,      1.758064557,  -0.002793387627,      5.634822053,      5.634822053,  -0.008953165593,               -0,               -0, -2.131926945e-15,     -37597.65952,      37597.65952
           0.313,             7121,            0.063,               45,              360,                0,    0.02141813363,     -27.98767321,      6672.376561,      1.763699379,      1.763699379,  -0.002802340792,       5.63482205,       5.63482205,  -0.008953165592,               -0,               -0, -2.152681489e-15,     -37597.65952,      37597.65952
           0.314,             7121,            0.063,               45,              360,                0,    0.02148656217,     -27.98767321,      6672.376559,      1.769334201,      1.769334201,  -0.002811293957,      5.634822048,      5.634822048,  -0.008953165592,               -0,               -0, -9.691166947e-16,     -37597.65952,      37597.65952
           0.315,             7121,            0.063,               45,              360,                0,    0.02155499071,     -27.98767321,      6672.376556,      1.774969023,      1.774969023,  -0.002820247122,      5.634822045,      5.634822045,  -0.008953165591,               -0,               -0, -1.434411819e-15,     -37597.65952,      37597.65952
           0.316,             7121,            0.063,               45,              360,                0,    0.02162341928,     -27.98767321,      6672.376553,      1.780603845,      1.780603845,  -0.002829200287,      5.634822043,      5.634822043,   -0.00895316559,               -0,               -0, -2.123025432e-15,     -37597.65952,      37597.65952
           0.317,             7121,            0.063,               45,              360,                0,    0.02169184781,     -27.98767321,       6672.37655,      1.786238667,      1.786238667,  -0.002838153452,      5.634822041,      5.634822041,   -0.00895316559,               -0,               -0, -1.084240919e-15,     -37597.65952,      37597.65952
           0.318,             7121,            0.063,               45,              360,                0,    0.02176027634,     -27.98767321,      6672.376547,      1.791873489,      1.791873489,  -0.002847106617,      5.634822038,      5.634822038,  -0.008953165589,               -0,               -0, -1.696412002e-15,     -37597.65952,      37597.65952
           0.319,             7121,            0.063,               45,              360,                0,    0.02182870487,     -27.98767321,      6672.376544,      1.797508311,      1.797508311,  -0.002856059782,      5.634822036,      5.634822036,  -0.008953165588,               -0,               -0, -1.663495448e-15,     -37597.65952,      37597.65952
            0.32,             7121,            0.063,               45,              360,                0,    0.02189713341,     -27.98767321,      6672.376542,      1.803143133,      1.803143133,  -0.002865012947,      5.634822033,      5.634822033,  -0.008953165587,               -0,               -0, -1.146447742e-15,     -37597.65952,      37597.65952
           0.321,             7121,            0.063,               45,              360,                0,    0.02196556198,     -27.98767321,      6672.376539,      1.808777955,      1.808777955,  -0.002873966112,      5.634822031,      5.634822031,  -0.008953165587,               -0,               -0, -1.222090213e-15,     -37597.65952,      37597.65952
           0.322,             7121,            0.063,               45,              360,                0,    0.02203399048,     -27.98767321,      6672.376536,      1.814412777,      1.814412777,  -0.002882919277,      5.634822029,      5.634822029,  -0.008953165586,               -0,               -0, -2.241237185e-15,     -37597.65952,      37597.65952
           0.323,             7121,            0.063,               45,              360,                0,    0.02210241904,     -27.98767321,      6672.376533,      1.820047599,      1.820047599,  -0.002891872442,      5.634822026,      5.634822026,  -0.008953165585,               -0,               -0, -1.727995943e-15,     -37597.65952,      37597.65952
           0.324,             7121,            0.063,               45,              360,                0,    0.02217084758,     -27.98767321,       6672.37653,      1.825682421,      1.825682421,  -0.002900825607,      5.634822024,      5.634822024,  -0.008953165584,               -0,               -0, -1.809537284e-15,     -37597.65952,      37597.65952
           0.325,             7121,            0.063,               45,              360,                0,    0.02223927614,     -27.98767321,      6672.376527,      1.831317243,      1.831317243,  -0.002909778772,      5.634822021,      5.634822021,  -0.008953165584,               -0,               -0, -1.786324962e-15,     -37597.65952,      37597.65952
           0.326,             7121,            0.063,               45,              360,                0,    0.02230770467,     -27.98767321,      6672.376524,      1.836952065,      1.836952065,  -0.002918731937,      5.634822019,      5.634822019,  -0.008953165583,               -0,               -0, -1.628813212e-15,     -37597.65952,      37597.65952
           0.327,             7121,            0.063,               45,              360,                0,     0.0223761332,     -27.98767321,      6672.376521,      1.842586887,      1.842586887,  -0.002927685102,      5.634822016,      5.634822016,  -0.008953165582,               -0,               -0, -1.007815315e-15,     -37597.65952,      37597.65952
           0.328,             7121,            0.063,               45,              360,                0,    0.02244456176,     -27.98767321,      6672.376518,      1.848221709,      1.848221709,  -0.002936638267,      5.634822014,      5.634822014,  -0.008953165581,               -0,               -0, -2.050501327e-15,     -37597.65952,      37597.65952
           0.329,             7121,            0.063,               45,              360,                0,    0.02251299029,     -27.98767321,      6672.376515,      1.853856532,      1.853856532,  -0.002945591432,      5.634822011,      5.634822011,  -0.008953165581,               -0,               -0, -2.280977419e-15,     -37597.65952,      37597.65952
            0.33,             7121,            0.063,               45,              360,                0,    0.02258141884,     -27.98767321,      6672.376513,      1.859491354,      1.859491354,  -0.002954544597,      5.634822009,      5.634822009,   -0.00895316558,               -0,               -0, -1.524881421e-15,     -37597.65952,      37597.65952
           0.331,             7121,            0.063,               45,              360,                0,    0.02264984739,     -27.98767321,       6672.37651,      1.865126176,      1.865126176,  -0.002963497762,      5.634822006,      5.634822006,  -0.008953165579,               -0,               -0, -1.384207817e-15,     -37597.65952,      37597.65952
           0.332,             7121,            0.063,               45,              360,                0,    0.02271827593,     -27.98767321,      6672.376507,      1.870760998,      1.870760998,  -0.002972450926,      5.634822004,      5.634822004,  -0.008953165578,               -0,               -0, -1.684594062e-15,     -37597.65952,      37597.65952
           0.333,             7121,            0.063,               45,              360,                0,    0.02278670445,     -27.98767321,      6672.376504,       1.87639582,       1.87639582,  -0.002981404091,      5.634822001,      5.634822001,  -0.008953165578,               -0,               -0, -2.251677422e-15,     -37597.65952,      37597.65952
           0.334,             7121,            0.063,               45,              360,                0,    0.02285513298,     -27.98767321,      6672.376501,      1.882030642,      1.882030642,  -0.002990357256,      5.634821999,      5.634821999,  -0.008953165577,               -0,               -0, -1.239515973e-15,     -37597.65952,      37597.65952
           0.335,             7121,            0.063,               45,              360,                0,    0.02292356156,     -27.98767321,      6672.376498,      1.887665464,      1.887665464,  -0.002999310421,      5.634821996,      5.634821996,  -0.008953165576,               -0,               -0, -1.386497972e-15,     -37597.65952,      37597.65952
           0.336,             7121,            0.063,               45,              360,                0,    0.02299199009,     -27.98767321,      6672.376495,      1.893300286,      1.893300286,  -0.003008263586,      5.634821994,      5.634821994,  -0.008953165575,               -0,               -0, -1.267078288e-15,     -37597.65952,      37597.65952
           0.337,             7121,            0.063,               45,              360,                0,    0.02306041861,     -27.98767321,      6672.376492,      1.898935108,      1.898935108,  -0.003017216751,      5.634821991,      5.634821991,  -0.008953165575,               -0,               -0, -2.483250265e-15,     -37597.65952,      37597.65952
           0.338,             7121,            0.063,               45,              360,                0,    0.02312884716,     -27.98767321,      6672.376489,       1.90456993,       1.90456993,  -0.003026169916,      5.634821989,      5.634821989,  -0.008953165574,               -0,               -0, -2.559118358e-15,     -37597.65952,      37597.65952
           0.339,             7121,            0.063,               45,              360,                0,    0.02319727572,     -27.98767321,      6672.376486,      1.910204751,      1.910204751,  -0.003035123081,      5.634821986,      5.634821986,  -0.008953165573,               -0,               -0, -1.845493703e-15,     -37597.65952,      37597.65952
            0.34,             7121,            0.063,               45,              360,              360,    0.02326570425,     -27.98767321,      6672.376483,      1.915839573,      1.915839573,  -0.003044076246,      5.634821984,      5.634821984,  -0.008953165572,               -0,               -0, -1.944369066e-15,     -37597.65952,      37597.65952
           0.341,             7121,            0.063,               45,              360,                0,     0.0233341328,     -27.98767321,      6672.376479,      1.921474395,      1.921474395,  -0.003053029411,      5.634821981,      5.634821981,  -0.008953165572,               -0,               -0,  -2.15620516e-15,     -37597.65952,      37597.65952
           0.342,             7121,            0.063,               45,              360,                0,    0.02340256133,     -27.98767321,      6672.376476,      1.927109217,      1.927109217,  -0.003061982575,      5.634821978,      5.634821978,  -0.008953165571,               -0,               -0, -1.120195722e-15,     -37597.65952,      37597.65952
           0.343,             7121,            0.063,               45,              360,                0,    0.02347098989,     -27.98767321,      6672.376473,      1.932744039,      1.932744039,   -0.00307093574,      5.634821976,      5.634821976,   -0.00895316557,               -0,               -0,  -1.61476528e-15,     -37597.65952,      37597.65952
           0.344,             7121,            0.063,               45,              360,                0,    0.02353941842,     -27.98767321,       6672.37647,      1.938378861,      1.938378861,  -0.003079888905,      5.634821973,      5.634821973,  -0.008953165569,               -0,               -0, -1.689192141e-15,     -37597.65952,      37597.65952
           0.345,             7121,            0.063,               45,              360,                0,    0.02360784696,     -27.98767321,      6672.376467,      1.944013683,      1.944013683,   -0.00308884207,      5.634821971,      5.634821971,  -0.008953165568,               -0,               -0, -1.694286277e-15,     -37597.65952,      37597.65952
           0.346,             7121,            0.063,               45,              360,                0,     0.0236762755,     -27.98767321,      6672.376464,      1.949648505,      1.949648505,  -0.003097795235,      5.634821968,      5.634821968,  -0.008953165568,               -0,               -0, -9.305074221e-16,     -37597.65952,      37597.65952
           0.347,             7121,            0.063,               45,              360,              360,    0.02374470404,     -27.98767321,      6672.376461,      1.955283327,      1.955283327,    -0.0031067484,      5.634821965,      5.634821965,  -0.008953165567,               -0,               -0, -9.998469717e-16,     -37597.65952,      37597.65952
           0.348,             7121,            0.063,               45,              360,              360,    0.02381313259,     -27.98767321,      6672.376458,      1.960918149,      1.960918149,  -0.003115701565,      5.634821963,      5.634821963,  -0.008953165566,               -0,               -0, -1.727939285e-15,     -37597.65952,      37597.65952
           0.349,             7121,            0.063,               45,              360,                0,    0.02388156114,     -27.98767321,      6672.376455,      1.966552971,      1.966552971,  -0.003124654729,       5.63482196,       5.63482196,  -0.008953165565,               -0,               -0, -1.193768614e-15,     -37597.65952,      37597.65952
            0.35,             7121,            0.063,               45,              360,                0,    0.02394998965,     -27.98767321,      6672.376452,      1.972187793,      1.972187793,  -0.003133607894,      5.634821958,      5.634821958,  -0.008953165565,               -0,               -0, -9.596093751e-16,     -37597.65952,      37597.65952
           0.351,             7121,            0.063,               45,              360,                0,    0.02401841819,     -27.98767321,      6672.376448,      1.977822615,      1.977822615,  -0.003142561059,      5.634821955,      5.634821955,  -0.008953165564,               -0,               -0, -2.627452171e-15,     -37597.65952,      37597.65952
           0.352,             7121,            0.063,               45,              360,                0,    0.02408684674,     -27.98767321,      6672.376445,      1.983457437,      1.983457437,  -0.003151514224,      5.634821952,      5.634821952,  -0.008953165563,               -0,               -0, -2.470216885e-15,     -37597.65952,      37597.65952
           0.353,             7121,            0.063,               45,              360,                0,    0.02415527529,     -27.98767321,      6672.376442,      1.989092259,      1.989092259,  -0.003160467389,       5.63482195,       5.63482195,  -0.008953165562,               -0,               -0,  -2.08989372e-15,     -37597.65952,      37597.65952
           0.354,             7121,            0.063,               45,              360,                0,    0.02422370383,     -27.98767321,      6672.376439,      1.994727081,      1.994727081,  -0.003169420553,      5.634821947,      5.634821947,  -0.008953165561,               -0,               -0, -1.312115836e-15,     -37597.65952,      37597.65952
           0.355,             7121,            0.063,               45,              360,                0,    0.02429213238,     -27.98767321,      6672.376436,      2.000361903,      2.000361903,  -0.003178373718,      5.634821944,      5.634821944,  -0.008953165561,               -0,               -0, -1.213698005e-15,     -37597.65952,      37597.65952
           0.356,             7121,            0.063,               45,              360,                0,    0.02436056091,     -27.98767321,      6672.376433,      2.005996725,      2.005996725,  -0.003187326883,      5.634821941,      5.634821941,   -0.00895316556,               -0,               -0, -8.942661976e-16,     -37597.65952,      37597.65952
           0.357,             7121,            0.063,               45,              360,                0,    0.02442898945,     -27.98767321,      6672.376429,      2.011631547,      2.011631547,  -0.003196280048,      5.634821939,      5.634821939,  -0.008953165559,               -0,               -0, -1.420303893e-15,     -37597.65952,      37597.65952
           0.358,             7121,            0.063,               45,              360,                0,    0.02449741801,     -27.98767321,      6672.376426,      2.017266369,      2.017266369,  -0.003205233213,      5.634821936,      5.634821936,  -0.008953165558,               -0,               -0,  -1.56741482e-15,     -37597.65952,      37597.65952
           0.359,             7121,            0.063,               45,              360,                0,    0.02456584656,     -27.98767321,      6672.376423,      2.022901191,      2.022901191,  -0.003214186377,      5.634821933,      5.634821933,  -0.008953165557,               -0,               -0, -2.211581178e-15,     -37597.65952,      37597.65952
            0.36,             7121,            0.063,               45,              360,                0,    0.02463427507,     -27.98767321,       6672.37642,      2.028536013,      2.028536013,  -0.003223139542,      5.634821931,      5.634821931,  -0.008953165556,               -0,               -0, -1.402078072e-15,     -37597.65952,      37597.65952
           0.361,             7121,            0.063,               45,              360,                0,    0.02470270362,     -27.98767321,      6672.376417,      2.034170835,      2.034170835,  -0.003232092707,      5.634821928,      5.634821928,  -0.008953165556,               -0,               -0, -2.517250918e-15,     -37597.65952,      37597.65952
           0.362,             7121,            0.063,               45,              360,                0,    0.02477113218,     -27.98767321,      6672.376413,      2.039805656,      2.039805656,  -0.003241045872,      5.634821925,      5.634821925,  -0.008953165555,               -0,               -0, -2.556024346e-15,     -37597.65952,      37597.65952
           0.363,             7121,            0.063,               45,              360,                0,    0.02483956072,     -27.98767321,       6672.37641,      2.045440478,      2.045440478,  -0.003249999037,      5.634821922,      5.634821922,  -0.008953165554,               -0,               -0,  -2.39437974e-15,     -37597.65952,      37597.65952
           0.364,             7121,            0.063,               45,              360,              360,    0.02490798926,     -27.98767321,      6672.376407,        2.0510753,        2.0510753,  -0.003258952201,       5.63482192,       5.63482192,  -0.008953165553,               -0,               -0,  -1.85794822e-15,     -37597.65952,      37597.65952
           0.365,             7121,            0.063,               45,              360,              360,    0.02497641777,     -27.98767321,      6672.376404,      2.056710122,      2.056710122,  -0.003267905366,      5.634821917,      5.634821917,  -0.008953165552,               -0,               -0, -1.447998762e-15,     -37597.65952,      37597.65952
           0.366,             7121,            0.063,               45,              360,                0,    0.02504484634,     -27.98767321,        6672.3764,      2.062344944,      2.062344944,  -0.003276858531,      5.634821914,      5.634821914,  -0.008953165552,               -0,               -0, -2.080871388e-15,     -37597.65952,      37597.65952
           0.367,             7121,            0.063,               45,              360,              360,    0.02511327487,     -27.98767321,      6672.376397,      2.067979766,      2.067979766,  -0.003285811696,      5.634821911,      5.634821911,  -0.008953165551,               -0,               -0, -2.531846521e-15,     -37597.65952,      37597.65952
           0.368,             7121,            0.063,               45,              360,                0,     0.0251817034,     -27.98767321,      6672.376394,      2.073614588,      2.073614588,   -0.00329476486,      5.634821909,      5.634821909,   -0.00895316555,               -0,               -0, -1.900547676e-15,     -37597.65952,      37597.65952
           0.369,             7121,            0.063,               45,              360,                0,    0.02525013196,     -27.98767321,       6672.37639,       2.07924941,       2.07924941,  -0.003303718025,      5.634821906,      5.634821906,  -0.008953165549,               -0,               -0, -1.788961766e-15,     -37597.65952,      37597.65952
            0.37,             7121,            0.063,               45,              360,                0,     0.0253185605,     -27.98767321,      6672.376387,      2.084884232,      2.084884232,   -0.00331267119,      5.634821903,      5.634821903,  -0.008953165548,               -0,               -0, -9.723685864e-16,     -37597.65952,      37597.65952
           0.371,             7121,            0.063,               45,              360,              360,    0.02538698905,     -27.98767321,      6672.376384,      2.090519054,      2.090519054,  -0.003321624354,        5.6348219,        5.6348219,  -0.008953165547,               -0,               -0,   -2.1031047e-15,     -37597.65952,      37597.65952
           0.372,             7121,            0.063,               45,              360,              360,    0.02545541758,     -27.98767321,      6672.376381,      2.096153876,      2.096153876,  -0.003330577519,      5.634821897,      5.634821897,  -0.008953165546,               -0,               -0, -2.180092636e-15,     -37597.65952,      37597.65952
           0.373,             7121,            0.063,               45,              360,              360,    0.02552384613,     -27.98767321,      6672.376377,      2.101788697,      2.101788697,  -0.003339530684,      5.634821895,      5.634821895,  -0.008953165546,               -0,               -0, -2.714911938e-15,     -37597.65952,      37597.65952
           0.374,             7121,            0.063,               45,              360,              360,    0.02559227465,     -27.98767321,      6672.376374,      2.107423519,      2.107423519,  -0.003348483849,      5.634821892,      5.634821892,  -0.008953165545,               -0,               -0, -1.111225088e-15,     -37597.65952,      37597.65952
           0.375,             7121,            0.063,               45,              360,              360,    0.02566070319,     -27.98767321,       6672.37637,      2.113058341,      2.113058341,  -0.003357437013,      5.634821889,      5.634821889,  -0.008953165544,               -0,               -0, -1.473381334e-15,     -37597.65952,      37597.65952
           0.376,             7121,            0.063,               45,                0,              360,    0.02572913174,     -27.98767321,      6672.376367,      2.118693163,      2.118693163,  -0.003366390178,      5.634821886,      5.634821886,  -0.008953165543,               -0,               -0,  6.517111761e-16,     -37597.65952,      37597.65952
           0.377,             7121,            0.063,               45,                0,              360,    0.02579756029,     -27.98767321,      6672.376364,      2.124327985,      2.124327985,  -0.003375343343,      5.634821883,      5.634821883,  -0.008953165542,               -0,               -0,  1.159703626e-15,     -37597.65952,      37597.65952
           0.378,             7121,            0.063,               45,                0,                0,    0.02586598884,     -27.98767321,       6672.37636,      2.129962807,      2.129962807,  -0.003384296507,       5.63482188,       5.63482188,  -0.008953165541,               -0,               -0,  2.249678572e-16,     -37597.65952,      37597.65952
           0.379,             7121,            0.063,               45,              360,                0,    0.02593441738,     -27.98767321,      6672.376357,      2.135597629,      2.135597629,  -0.003393249672,      5.634821878,      5.634821878,  -0.008953165541,               -0,               -0, -2.017672354e-16,     -37597.65952,      37597.65952
            0.38,             7121,            0.063,               45,                0,              360,    0.02600284592,     -27.98767321,      6672.376354,      2.141232451,      2.141232451,  -0.003402202837,      5.634821875,      5.634821875,   -0.00895316554,               -0,               -0,  9.053169898e-16,     -37597.65952,      37597.65952
           0.381,             7121,            0.063,               45,                0,              360,    0.02607127445,     -27.98767321,       6672.37635,      2.146867273,      2.146867273,  -0.003411156001,      5.634821872,      5.634821872,  -0.008953165539,               -0,               -0,  1.102799264e-15,     -37597.65952,      37597.65952
           0.382,             7121,            0.063,               45,                0,              360,    0.02613970298,     -27.98767321,      6672.376347,      2.152502094,      2.152502094,  -0.003420109166,      5.634821869,      5.634821869,  -0.008953165538,               -0,               -0,  5.650522941e-16,     -37597.65952,      37597.65952
           0.383,             7121,            0.063,               45,                0,              360,    0.02620813154,     -27.98767321,      6672.376343,      2.158136916,      2.158136916,  -0.003429062331,      5.634821866,      5.634821866,  -0.008953165537,               -0,               -0,  1.242805842e-15,     -37597.65952,      37597.65952
           0.384,             7121,            0.063,               45,              360,              360,    0.02627656008,     -27.98767321,       6672.37634,      2.163771738,      2.163771738,  -0.003438015495,      5.634821863,      5.634821863,  -0.008953165536,               -0,               -0, -2.422806301e-16,     -37597.65952,      37597.65952
           0.385,             7121,            0.063,               45,              360,              360,    0.02634498862,     -27.98767321,      6672.376336,       2.16940656,       2.16940656,   -0.00344696866,       5.63482186,       5.63482186,  -0.008953165535,               -0,               -0, -1.631200819e-16,     -37597.65952,      37597.65952
           0.386,             7121,            0.063,               45,                0,              360,    0.02641341716,     -27.98767321,      6672.376333,      2.175041382,      2.175041382,  -0.003455921825,      5.634821857,      5.634821857,  -0.008953165534,               -0,               -0,  6.043109735e-16,     -37597.65952,      37597.65952
           0.387,             7121,            0.063,               45,              360,              360,    0.02648184571,     -27.98767321,       6672.37633,      2.180676204,      2.180676204,  -0.003464874989,      5.634821854,      5.634821854,  -0.008953165534,               -0,               -0, -2.679772529e-16,     -37597.65952,      37597.65952
           0.388,             7121,            0.063,               45,                0,              360,    0.02655027423,     -27.98767321,      6672.376326,      2.186311026,      2.186311026,  -0.003473828154,      5.634821851,      5.634821851,  -0.008953165533,               -0,               -0,   1.11258037e-15,     -37597.65952,      37597.65952
           0.389,             7121,            0.063,               45,                0,              360,    0.02661870279,     -27.98767321,      6672.376323,      2.191945847,      2.191945847,  -0.003482781319,      5.634821849,      5.634821849,  -0.008953165532,               -0,               -0,  1.212176428e-15,     -37597.65952,      37597.65952
            0.39,             7121,            0.063,               45,                0,              360,    0.02668713131,     -27.98767321,      6672.376319,      2.197580669,      2.197580669,  -0.003491734483,      5.634821846,      5.634821846,  -0.008953165531,               -0,               -0,  2.051853827e-16,     -37597.65952,      37597.65952
           0.391,             7121,            0.063,               45,                0,              360,    0.02675555985,     -27.98767321,      6672.376316,      2.203215491,      2.203215491,  -0.003500687648,      5.634821843,      5.634821843,   -0.00895316553,               -0,               -0,  4.233875985e-17,     -37597.65952,      37597.65952
           0.392,             7121,            0.063,               45,                0,              360,    0.02682398842,     -27.98767321,      6672.376312,      2.208850313,      2.208850313,  -0.003509640812,       5.63482184,       5.63482184,  -0.008953165529,               -0,               -0,  8.980114674e-16,     -37597.65952,      37597.65952
           0.393,             7121,            0.063,               45,                0,              360,    0.02689241693,     -27.98767321,      6672.376309,      2.214485135,      2.214485135,  -0.003518593977,      5.634821837,      5.634821837,  -0.008953165528,               -0,               -0,  4.442150597e-16,     -37597.65952,      37597.65952
           0.394,             7121,            0.063,               45,                0,              360,    0.02696084548,     -27.98767321,      6672.376305,      2.220119957,      2.220119957,  -0.003527547142,      5.634821834,      5.634821834,  -0.008953165527,               -0,               -0,  1.357688472e-15,     -37597.65952,      37597.65952
           0.395,             7121,            0.063,               45,                0,              360,    0.02702927404,     -27.98767321,      6672.376302,      2.225754778,      2.225754778,  -0.003536500306,      5.634821831,      5.634821831,  -0.008953165526,               -0,               -0,  2.600936062e-16,     -37597.65952,      37597.65952
           0.396,             7121,            0.063,               45,                0,              360,    0.02709770259,     -27.98767321,      6672.376298,        2.2313896,        2.2313896,  -0.003545453471,      5.634821828,      5.634821828,  -0.008953165526,               -0,               -0,  1.084035195e-15,     -37597.65952,      37597.65952
           0.397,             7121,            0.063,               45,                0,              360,    0.02716613112,     -27.98767321,      6672.376294,      2.237024422,      2.237024422,  -0.003554406635,      5.634821825,      5.634821825,  -0.008953165525,               -0,               -0,  2.556697959e-16,     -37597.65952,      37597.65952
           0.398,             7121,            0.063,               45,              360,              360,    0.02723455964,     -27.98767321,      6672.376291,      2.242659244,      2.242659244,    -0.0035633598,      5.634821822,      5.634821822,  -0.008953165524,               -0,               -0,  -2.74269495e-16,     -37597.65952,      37597.65952
           0.399,             7121,            0.063,               45,                0,              360,    0.02730298817,     -27.98767321,      6672.376287,      2.248294066,      2.248294066,  -0.003572312965,      5.634821819,      5.634821819,  -0.008953165523,               -0,               -0,  7.189439159e-16,     -37597.65952,      37597.65952
             0.4,             7121,            0.063,               45,                0,              360,    0.02737141674,     -27.98767321,      6672.376284,      2.253928888,      2.253928888,  -0.003581266129,      5.634821816,      5.634821816,  -0.008953165522,               -0,               -0,  5.829797937e-16,     -37597.65952,      37597.65952
           0.401,             7121,            0.063,               45,                0,              360,    0.02743984528,     -27.98767321,       6672.37628,      2.259563709,      2.259563709,  -0.003590219294,      5.634821813,      5.634821813,  -0.008953165521,               -0,               -0,  1.268571917e-15,     -37597.65952,      37597.65952
           0.402,             7121,            0.063,               45,                0,              360,    0.02750827382,     -27.98767321,      6672.376277,      2.265198531,      2.265198531,  -0.003599172458,       5.63482181,       5.63482181,   -0.00895316552,               -0,               -0,  4.477338886e-16,     -37597.65952,      37597.65952
           0.403,             7121,            0.063,               45,                0,              360,    0.02757670236,     -27.98767321,      6672.376273,      2.270833353,      2.270833353,  -0.003608125623,      5.634821807,      5.634821807,  -0.008953165519,               -0,               -0,  1.037755013e-15,     -37597.65952,      37597.65952
           0.404,             7121,            0.063,               45,                0,              360,    0.02764513088,     -27.98767321,      6672.376269,      2.276468175,      2.276468175,  -0.003617078787,      5.634821804,      5.634821804,  -0.008953165518,               -0,               -0,  1.206117191e-15,     -37597.65952,      37597.65952
           0.405,             7121,            0.063,               45,                0,              360,    0.02771355944,     -27.98767321,      6672.376266,      2.282102997,      2.282102997,  -0.003626031952,      5.634821801,      5.634821801,  -0.008953165517,               -0,               -0,  4.011915589e-16,     -37597.65952,      37597.65952
           0.406,             7121,            0.063,               45,                0,              360,    0.02778198797,     -27.98767321,      6672.376262,      2.287737818,      2.287737818,  -0.003634985116,      5.634821797,      5.634821797,  -0.008953165516,               -0,               -0,  1.299719768e-15,     -37597.65952,      37597.65952
           0.407,             7121,            0.063,               45,              360,              360,     0.0278504165,     -27.98767321,      6672.376258,       2.29337264,       2.29337264,  -0.003643938281,      5.634821794,      5.634821794,  -0.008953165516,               -0,               -0, -2.026402609e-16,     -37597.65952,      37597.65952
           0.408,             7121,            0.063,               45,                0,                0,    0.02791884508,     -27.98767321,      6672.376255,      2.299007462,      2.299007462,  -0.003652891445,      5.634821791,      5.634821791,  -0.008953165515,               -0,               -0,  3.472104241e-16,     -37597.65952,      37597.65952
           0.409,             7121,            0.063,               45,              360,              360,    0.02798727361,     -27.98767321,      6672.376251,      2.304642284,      2.304642284,   -0.00366184461,      5.634821788,      5.634821788,  -0.008953165514,               -0,               -0, -4.290630725e-16,     -37597.65952,      37597.65952
            0.41,             7121,            0.063,               45,                0,              360,    0.02805570216,     -27.98767321,      6672.376247,      2.310277106,      2.310277106,  -0.003670797774,      5.634821785,      5.634821785,  -0.008953165513,               -0,               -0,  4.696252301e-16,     -37597.65952,      37597.65952
           0.411,             7121,            0.063,               45,              360,              360,    0.02812413067,     -27.98767321,      6672.376244,      2.315911927,      2.315911927,  -0.003679750939,      5.634821782,      5.634821782,  -0.008953165512,               -0,               -0, -5.447293621e-17,     -37597.65952,      37597.65952
           0.412,             7121,            0.063,               45,                0,              360,    0.02819255923,     -27.98767321,       6672.37624,      2.321546749,      2.321546749,  -0.003688704103,      5.634821779,      5.634821779,  -0.008953165511,               -0,               -0,  4.048087665e-16,     -37597.65952,      37597.65952
           0.413,             7121,            0.063,               45,                0,              360,    0.02826098776,     -27.98767321,      6672.376236,      2.327181571,      2.327181571,  -0.003697657268,      5.634821776,      5.634821776,   -0.00895316551,               -0,               -0,  1.295843347e-15,     -37597.65952,      37597.65952
           0.414,             7121,            0.063,               45,              360,              360,    0.02832941631,     -27.98767321,      6672.376233,      2.332816393,      2.332816393,  -0.003706610432,      5.634821773,      5.634821773,  -0.008953165509,               -0,               -0, -3.369620546e-17,     -37597.65952,      37597.65952
           0.415,             7121,            0.063,               45,                0,              360,    0.02839784485,     -27.98767321,      6672.376229,      2.338451214,      2.338451214,  -0.003715563597,       5.63482177,       5.63482177,  -0.008953165508,               -0,               -0,   1.19363411e-15,     -37597.65952,      37597.65952
           0.416,             7121,            0.063,               45,              360,                0,     0.0284662734,     -27.98767321,      6672.376225,      2.344086036,      2.344086036,  -0.003724516761,      5.634821766,      5.634821766,  -0.008953165507,               -0,               -0, -1.768557929e-16,     -37597.65952,      37597.65952
           0.417,             7121,            0.063,               45,                0,              360,    0.02853470193,     -27.98767321,      6672.376222,      2.349720858,      2.349720858,  -0.003733469926,      5.634821763,      5.634821763,  -0.008953165506,               -0,               -0,  3.079351378e-16,     -37597.65952,      37597.65952
           0.418,             7121,            0.063,               45,                0,              360,    0.02860313046,     -27.98767321,      6672.376218,       2.35535568,       2.35535568,   -0.00374242309,       5.63482176,       5.63482176,  -0.008953165505,               -0,               -0,   3.20024261e-16,     -37597.65952,      37597.65952
           0.419,             7121,            0.063,               45,                0,              360,    0.02867155903,     -27.98767321,      6672.376214,      2.360990502,      2.360990502,  -0.003751376255,      5.634821757,      5.634821757,  -0.008953165504,               -0,               -0,  3.544166944e-16,     -37597.65952,      37597.65952
            0.42,             7121,            0.063,               45,                0,              360,    0.02873998757,     -27.98767321,       6672.37621,      2.366625323,      2.366625323,  -0.003760329419,      5.634821754,      5.634821754,  -0.008953165503,               -0,               -0,  2.748793022e-16,     -37597.65952,      37597.65952
           0.421,             7121,            0.063,               45,                0,              360,    0.02880841609,     -27.98767321,      6672.376207,      2.372260145,      2.372260145,  -0.003769282584,      5.634821751,      5.634821751,  -0.008953165502,               -0,               -0,  2.557937071e-16,     -37597.65952,      37597.65952
           0.422,             7121,            0.063,               45,                0,              360,    0.02887684465,     -27.98767321,      6672.376203,      2.377894967,      2.377894967,  -0.003778235748,      5.634821747,      5.634821747,  -0.008953165501,               -0,               -0,   1.19754847e-15,     -37597.65952,      37597.65952
           0.423,             7121,            0.063,               45,                0,              360,    0.02894527319,     -27.98767321,      6672.376199,      2.383529789,      2.383529789,  -0.003787188912,      5.634821744,      5.634821744,    -0.0089531655,               -0,               -0,  7.721621528e-16,     -37597.65952,      37597.65952
           0.424,             7121,            0.063,               45,                0,              360,    0.02901370173,     -27.98767321,      6672.376195,       2.38916461,       2.38916461,  -0.003796142077,      5.634821741,      5.634821741,  -0.008953165499,               -0,               -0,  9.303739403e-16,     -37597.65952,      37597.65952
           0.425,             7121,            0.063,               45,                0,              360,    0.02908213026,     -27.98767321,      6672.376191,      2.394799432,      2.394799432,  -0.003805095241,      5.634821738,      5.634821738,  -0.008953165499,               -0,               -0,  7.020957842e-17,     -37597.65952,      37597.65952
           0.426,             7121,            0.063,               45,                0,              360,    0.02915055881,     -27.98767321,      6672.376188,      2.400434254,      2.400434254,  -0.003814048406,      5.634821735,      5.634821735,  -0.008953165498,               -0,               -0,  4.980657976e-16,     -37597.65952,      37597.65952
           0.427,             7121,            0.063,               45,                0,              360,    0.02921898735,     -27.98767321,      6672.376184,      2.406069075,      2.406069075,   -0.00382300157,      5.634821731,      5.634821731,  -0.008953165497,               -0,               -0,  2.663212208e-16,     -37597.65952,      37597.65952
           0.428,             7121,            0.063,               45,              360,              360,    0.02928741589,     -27.98767321,       6672.37618,      2.411703897,      2.411703897,  -0.003831954734,      5.634821728,      5.634821728,  -0.008953165496,               -0,               -0, -4.506408376e-16,     -37597.65952,      37597.65952
           0.429,             7121,            0.063,               45,                0,              360,    0.02935584443,     -27.98767321,      6672.376176,      2.417338719,      2.417338719,  -0.003840907899,      5.634821725,      5.634821725,  -0.008953165495,               -0,               -0,  2.979200201e-16,     -37597.65952,      37597.65952
            0.43,             7121,            0.063,               45,                0,              360,    0.02942427298,     -27.98767321,      6672.376172,      2.422973541,      2.422973541,  -0.003849861063,      5.634821722,      5.634821722,  -0.008953165494,               -0,               -0,  9.100307575e-16,     -37597.65952,      37597.65952
           0.431,             7121,            0.063,               45,              360,              360,     0.0294927015,     -27.98767321,      6672.376168,      2.428608362,      2.428608362,  -0.003858814228,      5.634821718,      5.634821718,  -0.008953165493,               -0,               -0,  -2.16281417e-16,     -37597.65952,      37597.65952
           0.432,             7121,            0.063,               45,                0,              360,    0.02956113003,     -27.98767321,      6672.376165,      2.434243184,      2.434243184,  -0.003867767392,      5.634821715,      5.634821715,  -0.008953165492,               -0,               -0,  6.460814692e-16,     -37597.65952,      37597.65952
           0.433,             7121,            0.063,               45,                0,              360,    0.02962955859,     -27.98767321,      6672.376161,      2.439878006,      2.439878006,  -0.003876720556,      5.634821712,      5.634821712,  -0.008953165491,               -0,               -0,   1.18790277e-16,     -37597.65952,      37597.65952
           0.434,             7121,            0.063,               45,                0,              360,    0.02969798713,     -27.98767321,      6672.376157,      2.445512828,      2.445512828,  -0.003885673721,      5.634821709,      5.634821709,   -0.00895316549,               -0,               -0,  5.482815118e-16,     -37597.65952,      37597.65952
           0.435,             7121,            0.063,               45,                0,              360,    0.02976641568,     -27.98767321,      6672.376153,      2.451147649,      2.451147649,  -0.003894626885,      5.634821705,      5.634821705,  -0.008953165489,               -0,               -0,  9.972481033e-16,     -37597.65952,      37597.65952
           0.436,             7121,            0.063,               45,                0,              360,     0.0298348442,     -27.98767321,      6672.376149,      2.456782471,      2.456782471,  -0.003903580049,      5.634821702,      5.634821702,  -0.008953165488,               -0,               -0,  5.897251763e-16,     -37597.65952,      37597.65952
           0.437,             7121,            0.063,               45,              360,              360,    0.02990327275,     -27.98767321,      6672.376145,      2.462417293,      2.462417293,  -0.003912533214,      5.634821699,      5.634821699,  -0.008953165487,               -0,               -0, -4.999017385e-16,     -37597.65952,      37597.65952
           0.438,             7121,            0.063,               45,              360,              360,     0.0299717013,     -27.98767321,      6672.376141,      2.468052114,      2.468052114,  -0.003921486378,      5.634821695,      5.634821695,  -0.008953165486,               -0,               -0, -3.208900222e-16,     -37597.65952,      37597.65952
           0.439,             7121,            0.063,               45,                0,              360,    0.03004012985,     -27.98767321,      6672.376137,      2.473686936,      2.473686936,  -0.003930439542,      5.634821692,      5.634821692,  -0.008953165485,               -0,               -0,  5.751396813e-16,     -37597.65952,      37597.65952
            0.44,             7121,            0.063,               45,              360,              360,    0.03010855839,     -27.98767321,      6672.376133,      2.479321758,      2.479321758,  -0.003939392707,      5.634821689,      5.634821689,  -0.008953165484,               -0,               -0, -4.641333509e-16,     -37597.65952,      37597.65952
           0.441,             7121,            0.063,               45,                0,              360,    0.03017698691,     -27.98767321,      6672.376129,      2.484956579,      2.484956579,  -0.003948345871,      5.634821685,      5.634821685,  -0.008953165483,               -0,               -0,  2.883910904e-16,     -37597.65952,      37597.65952
           0.442,             7121,            0.063,               45,                0,              360,    0.03024541546,     -27.98767321,      6672.376125,      2.490591401,      2.490591401,  -0.003957299035,      5.634821682,      5.634821682,  -0.008953165482,               -0,               -0,  9.404689739e-16,     -37597.65952,      37597.65952
           0.443,             7121,            0.063,               45,                0,              360,    0.03031384398,     -27.98767321,      6672.376121,      2.496226223,      2.496226223,    -0.0039662522,      5.634821679,      5.634821679,  -0.008953165481,               -0,               -0,  1.904139247e-16,     -37597.65952,      37597.65952
           0.444,             7121,            0.063,               45,              360,                0,    0.03038227255,     -27.98767321,      6672.376118,      2.501861044,      2.501861044,  -0.003975205364,      5.634821675,      5.634821675,   -0.00895316548,               -0,               -0, -1.102993157e-17,     -37597.65952,      37597.65952
           0.445,             7121,            0.063,               45,              360,              360,    0.03045070109,     -27.98767321,      6672.376114,      2.507495866,      2.507495866,  -0.003984158528,      5.634821672,      5.634821672,  -0.008953165479,               -0,               -0, -2.154817201e-16,     -37597.65952,      37597.65952
           0.446,             7121,            0.063,               45,                0,                0,    0.03051912964,     -27.98767321,       6672.37611,      2.513130688,      2.513130688,  -0.003993111693,      5.634821669,      5.634821669,  -0.008953165478,               -0,               -0,  4.774530197e-16,     -37597.65952,      37597.65952
           0.447,             7121,            0.063,               45,              360,              360,    0.03058755817,     -27.98767321,      6672.376106,      2.518765509,      2.518765509,  -0.004002064857,      5.634821665,      5.634821665,  -0.008953165477,               -0,               -0, -2.602011658e-16,     -37597.65952,      37597.65952
           0.448,             7121,            0.063,               45,                0,              360,    0.03065598672,     -27.98767321,      6672.376102,      2.524400331,      2.524400331,  -0.004011018021,      5.634821662,      5.634821662,  -0.008953165476,               -0,               -0,  2.483075294e-16,     -37597.65952,      37597.65952
           0.449,             7121,            0.063,               45,                0,              360,    0.03072441525,     -27.98767321,      6672.376098,      2.530035153,      2.530035153,  -0.004019971185,      5.634821658,      5.634821658,  -0.008953165475,               -0,               -0,  1.457699492e-16,     -37597.65952,      37597.65952
            0.45,             7121,            0.063,               45,              360,              360,    0.03079284377,     -27.98767321,      6672.376093,      2.535669974,      2.535669974,   -0.00402892435,      5.634821655,      5.634821655,  -0.008953165474,               -0,               -0, -1.281747618e-16,     -37597.65952,      37597.65952
           0.451,             7121,            0.063,               45,                0,              360,    0.03086127233,     -27.98767321,      6672.376089,      2.541304796,      2.541304796,  -0.004037877514,      5.634821652,      5.634821652,  -0.008953165473,               -0,               -0,  6.512126502e-16,     -37597.65952,      37597.65952
           0.452,             7121,            0.063,               45,              360,                0,    0.03092970088,     -27.98767321,      6672.376085,      2.546939618,      2.546939618,  -0.004046830678,      5.634821648,      5.634821648,  -0.008953165472,               -0,               -0, -1.683855079e-16,     -37597.65952,      37597.65952
           0.453,             7121,            0.063,               45,                0,                0,     0.0309981294,     -27.98767321,      6672.376081,      2.552574439,      2.552574439,  -0.004055783842,      5.634821645,      5.634821645,  -0.008953165471,               -0,               -0,  4.141273749e-16,     -37597.65952,      37597.65952
           0.454,             7121,            0.063,               45,                0,                0,    0.03106655796,     -27.98767321,      6672.376077,      2.558209261,      2.558209261,  -0.004064737007,      5.634821641,      5.634821641,   -0.00895316547,               -0,               -0,  7.967843065e-16,     -37597.65952,      37597.65952
           0.455,             7121,            0.063,               45,                0,              360,    0.03113498648,     -27.98767321,      6672.376073,      2.563844083,      2.563844083,  -0.004073690171,      5.634821638,      5.634821638,  -0.008953165469,               -0,               -0,  1.036252036e-16,     -37597.65952,      37597.65952
           0.456,             7121,            0.063,               45,              360,                0,    0.03120341504,     -27.98767321,      6672.376069,      2.569478904,      2.569478904,  -0.004082643335,      5.634821635,      5.634821635,  -0.008953165468,               -0,               -0, -4.406093815e-16,     -37597.65952,      37597.65952
           0.457,             7121,            0.063,               45,              360,              360,    0.03127184356,     -27.98767321,      6672.376065,      2.575113726,      2.575113726,  -0.004091596499,      5.634821631,      5.634821631,  -0.008953165466,               -0,               -0, -1.507252226e-16,     -37597.65952,      37597.65952
           0.458,             7121,            0.063,               45,                0,                0,    0.03134027212,     -27.98767321,      6672.376061,      2.580748548,      2.580748548,  -0.004100549664,      5.634821628,      5.634821628,  -0.008953165465,               -0,               -0,  6.468744201e-16,     -37597.65952,      37597.65952
           0.459,             7121,            0.063,               45,                0,                0,    0.03140870065,     -27.98767321,      6672.376057,      2.586383369,      2.586383369,  -0.004109502828,      5.634821624,      5.634821624,  -0.008953165464,               -0,               -0,  1.076230498e-15,     -37597.65952,      37597.65952
            0.46,             7121,            0.063,               45,                0,                0,    0.03147712921,     -27.98767321,      6672.376053,      2.592018191,      2.592018191,  -0.004118455992,      5.634821621,      5.634821621,  -0.008953165463,               -0,               -0,  5.857277731e-16,     -37597.65952,      37597.65952
           0.461,             7121,            0.063,               45,              360,                0,    0.03154555774,     -27.98767321,      6672.376049,      2.597653012,      2.597653012,  -0.004127409156,      5.634821617,      5.634821617,  -0.008953165462,               -0,               -0, -6.502420827e-16,     -37597.65952,      37597.65952
           0.462,             7121,            0.063,               45,              360,                0,    0.03161398628,     -27.98767321,      6672.376045,      2.603287834,      2.603287834,   -0.00413636232,      5.634821614,      5.634821614,  -0.008953165461,               -0,               -0, -6.809302963e-16,     -37597.65952,      37597.65952
           0.463,             7121,            0.063,               45,                0,                0,    0.03168241481,     -27.98767321,       6672.37604,      2.608922656,      2.608922656,  -0.004145315484,       5.63482161,       5.63482161,   -0.00895316546,               -0,               -0,  6.680553299e-16,     -37597.65952,      37597.65952
           0.464,             7121,            0.063,               45,                0,                0,    0.03175084337,     -27.98767321,      6672.376036,      2.614557477,      2.614557477,  -0.004154268649,      5.634821607,      5.634821607,  -0.008953165459,               -0,               -0,  1.839357848e-17,     -37597.65952,      37597.65952
           0.465,             7121,            0.063,               45,              360,                0,     0.0318192719,     -27.98767321,      6672.376032,      2.620192299,      2.620192299,  -0.004163221813,      5.634821603,      5.634821603,  -0.008953165458,               -0,               -0, -1.283245694e-16,     -37597.65952,      37597.65952
           0.466,             7121,            0.063,               45,              360,                0,    0.03188770045,     -27.98767321,      6672.376028,       2.62582712,       2.62582712,  -0.004172174977,        5.6348216,        5.6348216,  -0.008953165457,               -0,               -0, -1.385380846e-16,     -37597.65952,      37597.65952
           0.467,             7121,            0.063,               45,                0,                0,    0.03195612898,     -27.98767321,      6672.376024,      2.631461942,      2.631461942,  -0.004181128141,      5.634821596,      5.634821596,  -0.008953165456,               -0,               -0,  1.621462894e-16,     -37597.65952,      37597.65952
           0.468,             7121,            0.063,               45,                0,                0,    0.03202455752,     -27.98767321,       6672.37602,      2.637096764,      2.637096764,  -0.004190081305,      5.634821593,      5.634821593,  -0.008953165455,               -0,               -0,  9.481220757e-16,     -37597.65952,      37597.65952
           0.469,             7121,            0.063,               45,                0,                0,    0.03209298606,     -27.98767321,      6672.376015,      2.642731585,      2.642731585,  -0.004199034469,      5.634821589,      5.634821589,  -0.008953165454,               -0,               -0,  6.174262246e-16,     -37597.65952,      37597.65952
            0.47,             7121,            0.063,               45,              360,                0,     0.0321614146,     -27.98767321,      6672.376011,      2.648366407,      2.648366407,  -0.004207987634,      5.634821586,      5.634821586,  -0.008953165453,               -0,               -0, -6.555472068e-16,     -37597.65952,      37597.65952
           0.471,             7121,            0.063,               45,                0,                0,    0.03222984313,     -27.98767321,      6672.376007,      2.654001228,      2.654001228,  -0.004216940798,      5.634821582,      5.634821582,  -0.008953165452,               -0,               -0,  8.563097854e-16,     -37597.65952,      37597.65952
           0.472,             7121,            0.063,               45,                0,                0,    0.03229827169,     -27.98767321,      6672.376003,       2.65963605,       2.65963605,  -0.004225893962,      5.634821578,      5.634821578,  -0.008953165451,               -0,               -0,  5.841957812e-16,     -37597.65952,      37597.65952
           0.473,             7121,            0.063,               45,              360,                0,    0.03236670023,     -27.98767321,      6672.375998,      2.665270872,      2.665270872,  -0.004234847126,      5.634821575,      5.634821575,   -0.00895316545,               -0,               -0, -9.700256799e-17,     -37597.65952,      37597.65952
           0.474,             7121,            0.063,               45,                0,                0,    0.03243512876,     -27.98767321,      6672.375994,      2.670905693,      2.670905693,   -0.00424380029,      5.634821571,      5.634821571,  -0.008953165449,               -0,               -0,  7.634667096e-16,     -37597.65952,      37597.65952
           0.475,             7121,            0.063,               45,                0,                0,     0.0325035573,     -27.98767321,       6672.37599,      2.676540515,      2.676540515,  -0.004252753454,      5.634821568,      5.634821568,  -0.008953165447,               -0,               -0,  8.376355591e-16,     -37597.65952,      37597.65952
           0.476,             7121,            0.063,               45,              360,                0,    0.03257198586,     -27.98767321,      6672.375986,      2.682175336,      2.682175336,  -0.004261706618,      5.634821564,      5.634821564,  -0.008953165446,               -0,               -0, -7.504505642e-16,     -37597.65952,      37597.65952
           0.477,             7121,            0.063,               45,              360,                0,     0.0326404144,     -27.98767321,      6672.375981,      2.687810158,      2.687810158,  -0.004270659782,       5.63482156,       5.63482156,  -0.008953165445,               -0,               -0, -2.736820366e-16,     -37597.65952,      37597.65952
           0.478,             7121,            0.063,               45,                0,              360,    0.03270884292,     -27.98767321,      6672.375977,      2.693444979,      2.693444979,  -0.004279612946,      5.634821557,      5.634821557,  -0.008953165444,               -0,               -0,  6.659805193e-16,     -37597.65952,      37597.65952
           0.479,             7121,            0.063,               45,              360,                0,    0.03277727148,     -27.98767321,      6672.375973,      2.699079801,      2.699079801,   -0.00428856611,      5.634821553,      5.634821553,  -0.008953165443,               -0,               -0, -2.594298585e-16,     -37597.65952,      37597.65952
            0.48,             7121,            0.063,               45,                0,                0,    0.03284570001,     -27.98767321,      6672.375969,      2.704714623,      2.704714623,  -0.004297519274,       5.63482155,       5.63482155,  -0.008953165442,               -0,               -0,  2.527593667e-16,     -37597.65952,      37597.65952
           0.481,             7121,            0.063,               45,              360,                0,    0.03291412855,     -27.98767321,      6672.375964,      2.710349444,      2.710349444,  -0.004306472438,      5.634821546,      5.634821546,  -0.008953165441,               -0,               -0,  -1.53144744e-17,     -37597.65952,      37597.65952
           0.482,             7121,            0.063,               45,                0,                0,    0.03298255709,     -27.98767321,       6672.37596,      2.715984266,      2.715984266,  -0.004315425603,      5.634821542,      5.634821542,   -0.00895316544,               -0,               -0,  1.610961608e-16,     -37597.65952,      37597.65952
           0.483,             7121,            0.063,               45,              360,                0,    0.03305098564,     -27.98767321,      6672.375956,      2.721619087,      2.721619087,  -0.004324378767,      5.634821539,      5.634821539,  -0.008953165439,               -0,               -0, -9.396137168e-17,     -37597.65952,      37597.65952
           0.484,             7121,            0.063,               45,                0,                0,    0.03311941418,     -27.98767321,      6672.375951,      2.727253909,      2.727253909,  -0.004333331931,      5.634821535,      5.634821535,  -0.008953165438,               -0,               -0,  4.442610243e-16,     -37597.65952,      37597.65952
           0.485,             7121,            0.063,               45,                0,                0,    0.03318784273,     -27.98767321,      6672.375947,       2.73288873,       2.73288873,  -0.004342285095,      5.634821531,      5.634821531,  -0.008953165437,               -0,               -0,  8.998112527e-16,     -37597.65952,      37597.65952
           0.486,             7121,            0.063,               45,              360,                0,    0.03325627125,     -27.98767321,      6672.375943,      2.738523552,      2.738523552,  -0.004351238259,      5.634821528,      5.634821528,  -0.008953165435,               -0,               -0, -3.292691129e-16,     -37597.65952,      37597.65952
           0.487,             7121,            0.063,               45,                0,                0,     0.0333246998,     -27.98767321,      6672.375938,      2.744158373,      2.744158373,  -0.004360191423,      5.634821524,      5.634821524,  -0.008953165434,               -0,               -0,  4.190711056e-16,     -37597.65952,      37597.65952
           0.488,             7121,            0.063,               45,                0,                0,    0.03339312836,     -27.98767321,      6672.375934,      2.749793195,      2.749793195,  -0.004369144587,       5.63482152,       5.63482152,  -0.008953165433,               -0,               -0,  8.919380871e-16,     -37597.65952,      37597.65952
           0.489,             7121,            0.063,               45,                0,                0,    0.03346155689,     -27.98767321,       6672.37593,      2.755428016,      2.755428016,  -0.004378097751,      5.634821517,      5.634821517,  -0.008953165432,               -0,               -0,  2.133808387e-16,     -37597.65952,      37597.65952
            0.49,             7121,            0.063,               45,              360,                0,    0.03352998543,     -27.98767321,      6672.375925,      2.761062838,      2.761062838,  -0.004387050915,      5.634821513,      5.634821513,  -0.008953165431,               -0,               -0, -3.918508695e-16,     -37597.65952,      37597.65952
           0.491,             7121,            0.063,               45,              360,                0,    0.03359841396,     -27.98767321,      6672.375921,      2.766697659,      2.766697659,  -0.004396004079,      5.634821509,      5.634821509,   -0.00895316543,               -0,               -0, -2.335063603e-17,     -37597.65952,      37597.65952
           0.492,             7121,            0.063,               45,                0,                0,    0.03366684251,     -27.98767321,      6672.375916,      2.772332481,      2.772332481,  -0.004404957243,      5.634821505,      5.634821505,  -0.008953165429,               -0,               -0,  7.672750325e-16,     -37597.65952,      37597.65952
           0.493,             7121,            0.063,               45,                0,                0,    0.03373527105,     -27.98767321,      6672.375912,      2.777967302,      2.777967302,  -0.004413910407,      5.634821502,      5.634821502,  -0.008953165428,               -0,               -0,  3.780696664e-16,     -37597.65952,      37597.65952
           0.494,             7121,            0.063,               45,              360,                0,    0.03380369959,     -27.98767321,      6672.375908,      2.783602124,      2.783602124,  -0.004422863571,      5.634821498,      5.634821498,  -0.008953165427,               -0,               -0, -2.905594966e-16,     -37597.65952,      37597.65952
           0.495,             7121,            0.063,               45,                0,                0,    0.03387212813,     -27.98767321,      6672.375903,      2.789236945,      2.789236945,  -0.004431816735,      5.634821494,      5.634821494,  -0.008953165425,               -0,               -0,  6.871219478e-16,     -37597.65952,      37597.65952
           0.496,             7121,            0.063,               45,              360,                0,    0.03394055667,     -27.98767321,      6672.375899,      2.794871767,      2.794871767,  -0.004440769898,      5.634821491,      5.634821491,  -0.008953165424,               -0,               -0, -7.581722341e-16,     -37597.65952,      37597.65952
           0.497,             7121,            0.063,               45,                0,                0,    0.03400898522,     -27.98767321,      6672.375894,      2.800506588,      2.800506588,  -0.004449723062,      5.634821487,      5.634821487,  -0.008953165423,               -0,               -0,  8.770299735e-16,     -37597.65952,      37597.65952
           0.498,             7121,            0.063,               45,              360,                0,    0.03407741375,     -27.98767321,       6672.37589,       2.80614141,       2.80614141,  -0.004458676226,      5.634821483,      5.634821483,  -0.008953165422,               -0,               -0, -6.122904258e-16,     -37597.65952,      37597.65952
           0.499,             7121,            0.063,               45,              360,                0,    0.03414584228,     -27.98767321,      6672.375885,      2.811776231,      2.811776231,   -0.00446762939,      5.634821479,      5.634821479,  -0.008953165421,               -0,               -0, -4.486674328e-16,     -37597.65952,      37597.65952
             0.5,             7121,            0.063,               45,              360,                0,    0.03421427083,     -27.98767321,      6672.375881,      2.817411053,      2.817411053,  -0.004476582554,      5.634821475,      5.634821475,   -0.00895316542,               -0,               -0, -2.340555378e-16,     -37597.65952,      37597.65952
           0.501,             7121,            0.063,               45,                0,                0,    0.03428269939,     -27.98767321,      6672.375876,      2.823045874,      2.823045874,  -0.004485535718,      5.634821472,      5.634821472,  -0.008953165419,               -0,               -0,  2.059478936e-16,     -37597.65952,      37597.65952
           0.502,             7121,            0.063,               45,              360,                0,    0.03435112792,     -27.98767321,      6672.375872,      2.828680696,      2.828680696,  -0.004494488882,      5.634821468,      5.634821468,  -0.008953165417,               -0,               -0,  -7.30611058e-16,     -37597.65952,      37597.65952
           0.503,             7121,            0.063,               45,              360,                0,    0.03441955644,     -27.98767321,      6672.375867,      2.834315517,      2.834315517,  -0.004503442046,      5.634821464,      5.634821464,  -0.008953165416,               -0,               -0, -3.519513093e-16,     -37597.65952,      37597.65952
           0.504,             7121,            0.063,               45,              360,                0,    0.03448798499,     -27.98767321,      6672.375863,      2.839950339,      2.839950339,   -0.00451239521,       5.63482146,       5.63482146,  -0.008953165415,               -0,               -0, -9.910377906e-16,     -37597.65952,      37597.65952
           0.505,             7121,            0.063,               45,                0,                0,    0.03455641352,     -27.98767321,      6672.375858,       2.84558516,       2.84558516,  -0.004521348374,      5.634821456,      5.634821456,  -0.008953165414,               -0,               -0,  1.079246957e-15,     -37597.65952,      37597.65952
           0.506,             7121,            0.063,               45,              360,                0,    0.03462484207,     -27.98767321,      6672.375854,      2.851219982,      2.851219982,  -0.004530301538,      5.634821453,      5.634821453,  -0.008953165413,               -0,               -0, -1.072120355e-15,     -37597.65952,      37597.65952
           0.507,             7121,            0.063,               45,              360,                0,    0.03469327063,     -27.98767321,      6672.375849,      2.856854803,      2.856854803,  -0.004539254701,      5.634821449,      5.634821449,  -0.008953165412,               -0,               -0, -1.653080118e-16,     -37597.65952,      37597.65952
           0.508,             7121,            0.063,               45,                0,                0,    0.03476169915,     -27.98767321,      6672.375845,      2.862489624,      2.862489624,  -0.004548207865,      5.634821445,      5.634821445,  -0.008953165411,               -0,               -0,  4.213749528e-16,     -37597.65952,      37597.65952
           0.509,             7121,            0.063,               45,                0,                0,    0.03483012771,     -27.98767321,       6672.37584,      2.868124446,      2.868124446,  -0.004557161029,      5.634821441,      5.634821441,  -0.008953165409,               -0,               -0,   8.62333475e-16,     -37597.65952,      37597.65952
            0.51,             7121,            0.063,               45,                0,                0,    0.03489855623,     -27.98767321,      6672.375836,      2.873759267,      2.873759267,  -0.004566114193,      5.634821437,      5.634821437,  -0.008953165408,               -0,               -0,  3.316700665e-16,     -37597.65952,      37597.65952
           0.511,             7121,            0.063,               45,                0,                0,    0.03496698478,     -27.98767321,      6672.375831,      2.879394089,      2.879394089,  -0.004575067357,      5.634821433,      5.634821433,  -0.008953165407,               -0,               -0,  1.410241201e-17,     -37597.65952,      37597.65952
           0.512,             7121,            0.063,               45,                0,                0,    0.03503541331,     -27.98767321,      6672.375826,       2.88502891,       2.88502891,  -0.004584020521,       5.63482143,       5.63482143,  -0.008953165406,               -0,               -0,  8.403631948e-17,     -37597.65952,      37597.65952
           0.513,             7121,            0.063,               45,                0,                0,    0.03510384187,     -27.98767321,      6672.375822,      2.890663732,      2.890663732,  -0.004592973685,      5.634821426,      5.634821426,  -0.008953165405,               -0,               -0,   7.15877889e-16,     -37597.65952,      37597.65952
           0.514,             7121,            0.063,               45,              360,                0,    0.03517227041,     -27.98767321,      6672.375817,      2.896298553,      2.896298553,  -0.004601926848,      5.634821422,      5.634821422,  -0.008953165404,               -0,               -0, -1.468680166e-15,     -37597.65952,      37597.65952
           0.515,             7121,            0.063,               45,              360,                0,    0.03524069893,     -27.98767321,      6672.375813,      2.901933374,      2.901933374,  -0.004610880012,      5.634821418,      5.634821418,  -0.008953165402,               -0,               -0, -1.692167192e-15,     -37597.65952,      37597.65952
           0.516,             7121,            0.063,               45,              360,                0,    0.03530912749,     -27.98767321,      6672.375808,      2.907568196,      2.907568196,  -0.004619833176,      5.634821414,      5.634821414,  -0.008953165401,               -0,               -0, -8.305264955e-16,     -37597.65952,      37597.65952
           0.517,             7121,            0.063,               45,                0,                0,    0.03537755603,     -27.98767321,      6672.375803,      2.913203017,      2.913203017,   -0.00462878634,       5.63482141,       5.63482141,    -0.0089531654,               -0,               -0,  1.290649198e-15,     -37597.65952,      37597.65952
           0.518,             7121,            0.063,               45,                0,                0,    0.03544598457,     -27.98767321,      6672.375799,      2.918837839,      2.918837839,  -0.004637739504,      5.634821406,      5.634821406,  -0.008953165399,               -0,               -0,  1.383139171e-15,     -37597.65952,      37597.65952
           0.519,             7121,            0.063,               45,              360,                0,     0.0355144131,     -27.98767321,      6672.375794,       2.92447266,       2.92447266,  -0.004646692667,      5.634821402,      5.634821402,  -0.008953165398,               -0,               -0, -4.587246493e-16,     -37597.65952,      37597.65952
            0.52,             7121,            0.063,               45,              360,                0,    0.03558284166,     -27.98767321,       6672.37579,      2.930107482,      2.930107482,  -0.004655645831,      5.634821398,      5.634821398,  -0.008953165397,               -0,               -0, -5.078204236e-16,     -37597.65952,      37597.65952
           0.521,             7121,            0.063,               45,              360,                0,    0.03565127018,     -27.98767321,      6672.375785,      2.935742303,      2.935742303,  -0.004664598995,      5.634821394,      5.634821394,  -0.008953165395,               -0,               -0, -1.092103077e-15,     -37597.65952,      37597.65952
           0.522,             7121,            0.063,               45,                0,                0,    0.03571969872,     -27.98767321,       6672.37578,      2.941377124,      2.941377124,  -0.004673552159,       5.63482139,       5.63482139,  -0.008953165394,               -0,               -0,  4.651995291e-16,     -37597.65952,      37597.65952
           0.523,             7121,            0.063,               45,                0,                0,    0.03578812727,     -27.98767321,      6672.375776,      2.947011946,      2.947011946,  -0.004682505322,      5.634821387,      5.634821387,  -0.008953165393,               -0,               -0,  7.857827658e-16,     -37597.65952,      37597.65952
           0.524,             7121,            0.063,               45,                0,                0,    0.03585655579,     -27.98767321,      6672.375771,      2.952646767,      2.952646767,  -0.004691458486,      5.634821383,      5.634821383,  -0.008953165392,               -0,               -0,  1.094406286e-15,     -37597.65952,      37597.65952
           0.525,             7121,            0.063,               45,                0,                0,    0.03592498435,     -27.98767321,      6672.375766,      2.958281588,      2.958281588,   -0.00470041165,      5.634821379,      5.634821379,  -0.008953165391,               -0,               -0,  5.151294381e-16,     -37597.65952,      37597.65952
           0.526,             7121,            0.063,               45,              360,                0,     0.0359934129,     -27.98767321,      6672.375761,       2.96391641,       2.96391641,  -0.004709364814,      5.634821375,      5.634821375,  -0.008953165389,               -0,               -0, -6.475146095e-16,     -37597.65952,      37597.65952
           0.527,             7121,            0.063,               45,              360,                0,    0.03606184144,     -27.98767321,      6672.375757,      2.969551231,      2.969551231,  -0.004718317977,      5.634821371,      5.634821371,  -0.008953165388,               -0,               -0, -1.288879065e-15,     -37597.65952,      37597.65952
           0.528,             7121,            0.063,               45,              360,                0,    0.03613026997,     -27.98767321,      6672.375752,      2.975186053,      2.975186053,  -0.004727271141,      5.634821367,      5.634821367,  -0.008953165387,               -0,               -0, -2.284903685e-15,     -37597.65952,      37597.65952
           0.529,             7121,            0.063,               45,              360,                0,    0.03619869851,     -27.98767321,      6672.375747,      2.980820874,      2.980820874,  -0.004736224305,      5.634821363,      5.634821363,  -0.008953165386,               -0,               -0,  -2.41082731e-15,     -37597.65952,      37597.65952
            0.53,             7121,            0.063,               45,              360,                0,    0.03626712705,     -27.98767321,      6672.375743,      2.986455695,      2.986455695,  -0.004745177468,      5.634821359,      5.634821359,  -0.008953165385,               -0,               -0, -2.542589096e-15,     -37597.65952,      37597.65952
           0.531,             7121,            0.063,               45,              360,                0,    0.03633555559,     -27.98767321,      6672.375738,      2.992090517,      2.992090517,  -0.004754130632,      5.634821355,      5.634821355,  -0.008953165383,               -0,               -0, -1.455427275e-15,     -37597.65952,      37597.65952
           0.532,             7121,            0.063,               45,              360,                0,    0.03640398413,     -27.98767321,      6672.375733,      2.997725338,      2.997725338,  -0.004763083796,      5.634821351,      5.634821351,  -0.008953165382,               -0,               -0, -2.527643766e-15,     -37597.65952,      37597.65952
           0.533,             7121,            0.063,               45,              360,                0,    0.03647241267,     -27.98767321,      6672.375728,      3.003360159,      3.003360159,   -0.00477203696,      5.634821347,      5.634821347,  -0.008953165381,               -0,               -0, -3.967657143e-15,     -37597.65952,      37597.65952
           0.534,             7121,            0.063,               45,              360,                0,    0.03654084121,     -27.98767321,      6672.375723,      3.008994981,      3.008994981,  -0.004780990123,      5.634821343,      5.634821343,   -0.00895316538,               -0,               -0, -3.655501269e-15,     -37597.65952,      37597.65952
           0.535,             7121,            0.063,               45,              360,                0,    0.03660926976,     -27.98767321,      6672.375719,      3.014629802,      3.014629802,  -0.004789943287,      5.634821339,      5.634821339,  -0.008953165379,               -0,               -0, -1.416763472e-15,     -37597.65952,      37597.65952
           0.536,             7121,            0.063,               45,              360,                0,    0.03667769827,     -27.98767321,      6672.375714,      3.020264623,      3.020264623,  -0.004798896451,      5.634821334,      5.634821334,  -0.008953165377,               -0,               -0, -4.182458131e-15,     -37597.65952,      37597.65952
           0.537,             7121,            0.063,               45,              360,                0,    0.03674612685,     -27.98767321,      6672.375709,      3.025899445,      3.025899445,  -0.004807849614,       5.63482133,       5.63482133,  -0.008953165376,               -0,               -0, -2.170381253e-15,     -37597.65952,      37597.65952
           0.538,             7121,            0.063,               45,              360,                0,    0.03681455537,     -27.98767321,      6672.375704,      3.031534266,      3.031534266,  -0.004816802778,      5.634821326,      5.634821326,  -0.008953165375,               -0,               -0, -1.261196284e-15,     -37597.65952,      37597.65952
           0.539,             7121,            0.063,               45,              360,                0,    0.03688298391,     -27.98767321,      6672.375699,      3.037169087,      3.037169087,  -0.004825755941,      5.634821322,      5.634821322,  -0.008953165374,               -0,               -0, -1.280489325e-15,     -37597.65952,      37597.65952
            0.54,             7121,            0.063,               45,              360,                0,    0.03695141247,     -27.98767321,      6672.375695,      3.042803909,      3.042803909,  -0.004834709105,      5.634821318,      5.634821318,  -0.008953165373,               -0,               -0, -2.053846173e-15,     -37597.65952,      37597.65952
           0.541,             7121,            0.063,               45,              360,                0,      0.037019841,     -27.98767321,       6672.37569,       3.04843873,       3.04843873,  -0.004843662269,      5.634821314,      5.634821314,  -0.008953165371,               -0,               -0, -4.252008501e-15,     -37597.65952,      37597.65952
           0.542,             7121,            0.063,               45,              360,                0,    0.03708826955,     -27.98767321,      6672.375685,      3.054073551,      3.054073551,  -0.004852615432,       5.63482131,       5.63482131,   -0.00895316537,               -0,               -0, -3.292682172e-15,     -37597.65952,      37597.65952
           0.543,             7121,            0.063,               45,              360,                0,    0.03715669808,     -27.98767321,       6672.37568,      3.059708373,      3.059708373,  -0.004861568596,      5.634821306,      5.634821306,  -0.008953165369,               -0,               -0, -2.554165734e-15,     -37597.65952,      37597.65952
           0.544,             7121,            0.063,               45,              360,                0,     0.0372251266,     -27.98767321,      6672.375675,      3.065343194,      3.065343194,  -0.004870521759,      5.634821302,      5.634821302,  -0.008953165368,               -0,               -0, -1.862043749e-15,     -37597.65952,      37597.65952
           0.545,             7121,            0.063,               45,              360,                0,    0.03729355515,     -27.98767321,       6672.37567,      3.070978015,      3.070978015,  -0.004879474923,      5.634821298,      5.634821298,  -0.008953165366,               -0,               -0, -1.041900466e-15,     -37597.65952,      37597.65952
           0.546,             7121,            0.063,               45,              360,                0,    0.03736198371,     -27.98767321,      6672.375665,      3.076612837,      3.076612837,  -0.004888428087,      5.634821294,      5.634821294,  -0.008953165365,               -0,               -0, -3.472033504e-15,     -37597.65952,      37597.65952
           0.547,             7121,            0.063,               45,              360,                0,    0.03743041222,     -27.98767321,      6672.375661,      3.082247658,      3.082247658,   -0.00489738125,      5.634821289,      5.634821289,  -0.008953165364,               -0,               -0, -1.872599134e-15,     -37597.65952,      37597.65952
           0.548,             7121,            0.063,               45,              360,                0,    0.03749884078,     -27.98767321,      6672.375656,      3.087882479,      3.087882479,  -0.004906334414,      5.634821285,      5.634821285,  -0.008953165363,               -0,               -0, -3.984731128e-15,     -37597.65952,      37597.65952
           0.549,             7121,            0.063,               45,              360,                0,    0.03756726932,     -27.98767321,      6672.375651,        3.0935173,        3.0935173,  -0.004915287577,      5.634821281,      5.634821281,  -0.008953165361,               -0,               -0, -1.708452581e-15,     -37597.65952,      37597.65952
            0.55,             7121,            0.063,               45,              360,                0,    0.03763569787,     -27.98767321,      6672.375646,      3.099152122,      3.099152122,  -0.004924240741,      5.634821277,      5.634821277,   -0.00895316536,               -0,               -0,  -1.97477354e-15,     -37597.65952,      37597.65952
           0.551,             7121,            0.063,               45,              360,                0,     0.0377041264,     -27.98767321,      6672.375641,      3.104786943,      3.104786943,  -0.004933193904,      5.634821273,      5.634821273,  -0.008953165359,               -0,               -0, -1.056562705e-15,     -37597.65952,      37597.65952
           0.552,             7121,            0.063,               45,              360,                0,    0.03777255494,     -27.98767321,      6672.375636,      3.110421764,      3.110421764,  -0.004942147068,      5.634821269,      5.634821269,  -0.008953165358,               -0,               -0, -2.332115817e-15,     -37597.65952,      37597.65952
           0.553,             7121,            0.063,               45,              360,                0,    0.03784098348,     -27.98767321,      6672.375631,      3.116056585,      3.116056585,  -0.004951100231,      5.634821265,      5.634821265,  -0.008953165356,               -0,               -0,  -1.02395059e-15,     -37597.65952,      37597.65952
           0.554,             7121,            0.063,               45,              360,                0,    0.03790941203,     -27.98767321,      6672.375626,      3.121691407,      3.121691407,  -0.004960053395,       5.63482126,       5.63482126,  -0.008953165355,               -0,               -0, -1.560712486e-15,     -37597.65952,      37597.65952
           0.555,             7121,            0.063,               45,              360,                0,    0.03797784057,     -27.98767321,      6672.375621,      3.127326228,      3.127326228,  -0.004969006559,      5.634821256,      5.634821256,  -0.008953165354,               -0,               -0, -3.767982623e-15,     -37597.65952,      37597.65952
           0.556,             7121,            0.063,               45,              360,                0,    0.03804626911,     -27.98767321,      6672.375616,      3.132961049,      3.132961049,  -0.004977959722,      5.634821252,      5.634821252,  -0.008953165353,               -0,               -0, -1.135999728e-15,     -37597.65952,      37597.65952
           0.557,             7121,            0.063,               45,              360,                0,    0.03811469765,     -27.98767321,      6672.375611,      3.138595871,      3.138595871,  -0.004986912885,      5.634821248,      5.634821248,  -0.008953165351,               -0,               -0, -2.318040219e-15,     -37597.65952,      37597.65952
           0.558,             7121,            0.063,               45,              360,                0,    0.03818312619,     -27.98767321,      6672.375606,      3.144230692,      3.144230692,  -0.004995866049,      5.634821244,      5.634821244,   -0.00895316535,               -0,               -0, -1.084607264e-15,     -37597.65952,      37597.65952
           0.559,             7121,            0.063,               45,              360,                0,    0.03825155472,     -27.98767321,      6672.375601,      3.149865513,      3.149865513,  -0.005004819212,      5.634821239,      5.634821239,  -0.008953165349,               -0,               -0, -4.366708067e-15,     -37597.65952,      37597.65952
            0.56,             7121,            0.063,               45,              360,                0,    0.03831998327,     -27.98767321,      6672.375596,      3.155500334,      3.155500334,  -0.005013772376,      5.634821235,      5.634821235,  -0.008953165348,               -0,               -0,  -3.83414443e-15,     -37597.65952,      37597.65952
           0.561,             7121,            0.063,               45,              360,                0,     0.0383884118,     -27.98767321,      6672.375591,      3.161135155,      3.161135155,  -0.005022725539,      5.634821231,      5.634821231,  -0.008953165346,               -0,               -0, -3.915559607e-15,     -37597.65952,      37597.65952
           0.562,             7121,            0.063,               45,              360,                0,    0.03845684035,     -27.98767321,      6672.375586,      3.166769977,      3.166769977,  -0.005031678703,      5.634821227,      5.634821227,  -0.008953165345,               -0,               -0, -3.386182113e-15,     -37597.65952,      37597.65952
           0.563,             7121,            0.063,               45,              360,                0,    0.03852526889,     -27.98767321,      6672.375581,      3.172404798,      3.172404798,  -0.005040631866,      5.634821222,      5.634821222,  -0.008953165344,               -0,               -0, -3.121940887e-15,     -37597.65952,      37597.65952
           0.564,             7121,            0.063,               45,              360,                0,    0.03859369743,     -27.98767321,      6672.375576,      3.178039619,      3.178039619,   -0.00504958503,      5.634821218,      5.634821218,  -0.008953165342,               -0,               -0, -2.628111271e-15,     -37597.65952,      37597.65952
           0.565,             7121,            0.063,               45,              360,                0,    0.03866212596,     -27.98767321,      6672.375571,       3.18367444,       3.18367444,  -0.005058538193,      5.634821214,      5.634821214,  -0.008953165341,               -0,               -0, -2.040564638e-15,     -37597.65952,      37597.65952
           0.566,             7121,            0.063,               45,              360,                0,     0.0387305545,     -27.98767321,      6672.375566,      3.189309262,      3.189309262,  -0.005067491357,       5.63482121,       5.63482121,   -0.00895316534,               -0,               -0, -3.687241891e-15,     -37597.65952,      37597.65952
           0.567,             7121,            0.063,               45,              360,                0,    0.03879898307,     -27.98767321,      6672.375561,      3.194944083,      3.194944083,   -0.00507644452,      5.634821205,      5.634821205,  -0.008953165339,               -0,               -0,  -1.33864333e-15,     -37597.65952,      37597.65952
           0.568,             7121,            0.063,               45,              360,                0,    0.03886741158,     -27.98767321,      6672.375556,      3.200578904,      3.200578904,  -0.005085397683,      5.634821201,      5.634821201,  -0.008953165337,               -0,               -0, -4.428136563e-15,     -37597.65952,      37597.65952
           0.569,             7121,            0.063,               45,              360,                0,    0.03893584013,     -27.98767321,      6672.375551,      3.206213725,      3.206213725,  -0.005094350847,      5.634821197,      5.634821197,  -0.008953165336,               -0,               -0, -3.173507569e-15,     -37597.65952,      37597.65952
            0.57,             7121,            0.063,               45,              360,                0,    0.03900426868,     -27.98767321,      6672.375546,      3.211848546,      3.211848546,   -0.00510330401,      5.634821192,      5.634821192,  -0.008953165335,               -0,               -0, -3.455409626e-15,     -37597.65952,      37597.65952
           0.571,             7121,            0.063,               45,              360,                0,    0.03907269721,     -27.98767321,       6672.37554,      3.217483368,      3.217483368,  -0.005112257174,      5.634821188,      5.634821188,  -0.008953165333,               -0,               -0,  -2.24171942e-15,     -37597.65952,      37597.65952
           0.572,             7121,            0.063,               45,              360,                0,    0.03914112575,     -27.98767321,      6672.375535,      3.223118189,      3.223118189,  -0.005121210337,      5.634821184,      5.634821184,  -0.008953165332,               -0,               -0, -3.256052834e-15,     -37597.65952,      37597.65952
           0.573,             7121,            0.063,               45,              360,                0,    0.03920955429,     -27.98767321,       6672.37553,       3.22875301,       3.22875301,    -0.0051301635,      5.634821179,      5.634821179,  -0.008953165331,               -0,               -0, -1.720921128e-15,     -37597.65952,      37597.65952
           0.574,             7121,            0.063,               45,              360,                0,    0.03927798282,     -27.98767321,      6672.375525,      3.234387831,      3.234387831,  -0.005139116664,      5.634821175,      5.634821175,   -0.00895316533,               -0,               -0, -4.567326659e-15,     -37597.65952,      37597.65952
           0.575,             7121,            0.063,               45,              360,                0,    0.03934641136,     -27.98767321,       6672.37552,      3.240022652,      3.240022652,  -0.005148069827,      5.634821171,      5.634821171,  -0.008953165328,               -0,               -0, -4.515416741e-15,     -37597.65952,      37597.65952
           0.576,             7121,            0.063,               45,              360,                0,     0.0394148399,     -27.98767321,      6672.375515,      3.245657473,      3.245657473,   -0.00515702299,      5.634821166,      5.634821166,  -0.008953165327,               -0,               -0, -2.441116119e-15,     -37597.65952,      37597.65952
           0.577,             7121,            0.063,               45,              360,                0,    0.03948326845,     -27.98767321,       6672.37551,      3.251292295,      3.251292295,  -0.005165976154,      5.634821162,      5.634821162,  -0.008953165326,               -0,               -0, -4.225075769e-15,     -37597.65952,      37597.65952
           0.578,             7121,            0.063,               45,              360,                0,    0.03955169699,     -27.98767321,      6672.375504,      3.256927116,      3.256927116,  -0.005174929317,      5.634821158,      5.634821158,  -0.008953165324,               -0,               -0, -2.587442021e-15,     -37597.65952,      37597.65952
           0.579,             7121,            0.063,               45,              360,                0,    0.03962012553,     -27.98767321,      6672.375499,      3.262561937,      3.262561937,   -0.00518388248,      5.634821153,      5.634821153,  -0.008953165323,               -0,               -0, -1.561478484e-15,     -37597.65952,      37597.65952
            0.58,             7121,            0.063,               45,              360,                0,    0.03968855407,     -27.98767321,      6672.375494,      3.268196758,      3.268196758,  -0.005192835644,      5.634821149,      5.634821149,  -0.008953165322,               -0,               -0, -3.860485836e-15,     -37597.65952,      37597.65952
           0.581,             7121,            0.063,               45,              360,                0,     0.0397569826,     -27.98767321,      6672.375489,      3.273831579,      3.273831579,  -0.005201788807,      5.634821144,      5.634821144,   -0.00895316532,               -0,               -0, -2.204609416e-15,     -37597.65952,      37597.65952
           0.582,             7121,            0.063,               45,              360,                0,    0.03982541116,     -27.98767321,      6672.375484,        3.2794664,        3.2794664,   -0.00521074197,       5.63482114,       5.63482114,  -0.008953165319,               -0,               -0, -3.524848946e-15,     -37597.65952,      37597.65952
           0.583,             7121,            0.063,               45,              360,                0,    0.03989383967,     -27.98767321,      6672.375478,      3.285101222,      3.285101222,  -0.005219695133,      5.634821136,      5.634821136,  -0.008953165318,               -0,               -0, -4.094062779e-15,     -37597.65952,      37597.65952
           0.584,             7121,            0.063,               45,              360,                0,    0.03996226822,     -27.98767321,      6672.375473,      3.290736043,      3.290736043,  -0.005228648297,      5.634821131,      5.634821131,  -0.008953165316,               -0,               -0, -3.737822616e-15,     -37597.65952,      37597.65952
           0.585,             7121,            0.063,               45,              360,                0,    0.04003069675,     -27.98767321,      6672.375468,      3.296370864,      3.296370864,   -0.00523760146,      5.634821127,      5.634821127,  -0.008953165315,               -0,               -0, -2.281699824e-15,     -37597.65952,      37597.65952
           0.586,             7121,            0.063,               45,              360,                0,    0.04009912532,     -27.98767321,      6672.375463,      3.302005685,      3.302005685,  -0.005246554623,      5.634821122,      5.634821122,  -0.008953165314,               -0,               -0, -3.723922602e-15,     -37597.65952,      37597.65952
           0.587,             7121,            0.063,               45,              360,                0,    0.04016755385,     -27.98767321,      6672.375458,      3.307640506,      3.307640506,  -0.005255507786,      5.634821118,      5.634821118,  -0.008953165312,               -0,               -0, -3.707395029e-15,     -37597.65952,      37597.65952
           0.588,             7121,            0.063,               45,              360,                0,    0.04023598239,     -27.98767321,      6672.375452,      3.313275327,      3.313275327,   -0.00526446095,      5.634821114,      5.634821114,  -0.008953165311,               -0,               -0,  -2.05768747e-15,     -37597.65952,      37597.65952
           0.589,             7121,            0.063,               45,              360,                0,    0.04030441092,     -27.98767321,      6672.375447,      3.318910148,      3.318910148,  -0.005273414113,      5.634821109,      5.634821109,   -0.00895316531,               -0,               -0, -2.153083632e-15,     -37597.65952,      37597.65952
            0.59,             7121,            0.063,               45,              360,                0,    0.04037283946,     -27.98767321,      6672.375442,      3.324544969,      3.324544969,  -0.005282367276,      5.634821105,      5.634821105,  -0.008953165308,               -0,               -0, -3.819153209e-15,     -37597.65952,      37597.65952
           0.591,             7121,            0.063,               45,              360,                0,    0.04044126801,     -27.98767321,      6672.375436,       3.33017979,       3.33017979,  -0.005291320439,        5.6348211,        5.6348211,  -0.008953165307,               -0,               -0, -2.278401448e-15,     -37597.65952,      37597.65952
           0.592,             7121,            0.063,               45,              360,                0,    0.04050969654,     -27.98767321,      6672.375431,      3.335814612,      3.335814612,  -0.005300273603,      5.634821096,      5.634821096,  -0.008953165306,               -0,               -0, -1.959461474e-15,     -37597.65952,      37597.65952
           0.593,             7121,            0.063,               45,              360,                0,    0.04057812509,     -27.98767321,      6672.375426,      3.341449433,      3.341449433,  -0.005309226766,      5.634821091,      5.634821091,  -0.008953165304,               -0,               -0, -2.687901967e-15,     -37597.65952,      37597.65952
           0.594,             7121,            0.063,               45,              360,                0,    0.04064655364,     -27.98767321,      6672.375421,      3.347084254,      3.347084254,  -0.005318179929,      5.634821087,      5.634821087,  -0.008953165303,               -0,               -0, -1.316483269e-15,     -37597.65952,      37597.65952
           0.595,             7121,            0.063,               45,              360,                0,    0.04071498216,     -27.98767321,      6672.375415,      3.352719075,      3.352719075,  -0.005327133092,      5.634821082,      5.634821082,  -0.008953165302,               -0,               -0, -3.135935174e-15,     -37597.65952,      37597.65952
           0.596,             7121,            0.063,               45,              360,                0,    0.04078341069,     -27.98767321,       6672.37541,      3.358353896,      3.358353896,  -0.005336086255,      5.634821078,      5.634821078,    -0.0089531653,               -0,               -0, -1.916748425e-15,     -37597.65952,      37597.65952
           0.597,             7121,            0.063,               45,              360,                0,    0.04085183925,     -27.98767321,      6672.375405,      3.363988717,      3.363988717,  -0.005345039418,      5.634821073,      5.634821073,  -0.008953165299,               -0,               -0, -4.589917704e-15,     -37597.65952,      37597.65952
           0.598,             7121,            0.063,               45,              360,                0,    0.04092026778,     -27.98767321,      6672.375399,      3.369623538,      3.369623538,  -0.005353992582,      5.634821069,      5.634821069,  -0.008953165298,               -0,               -0, -2.825232195e-15,     -37597.65952,      37597.65952
           0.599,             7121,            0.063,               45,              360,                0,    0.04098869633,     -27.98767321,      6672.375394,      3.375258359,      3.375258359,  -0.005362945745,      5.634821064,      5.634821064,  -0.008953165296,               -0,               -0, -4.604036338e-15,     -37597.65952,      37597.65952
             0.6,             7121,            0.063,               45,              360,                0,    0.04105712488,     -27.98767321,      6672.375388,       3.38089318,       3.38089318,  -0.005371898908,       5.63482106,       5.63482106,  -0.008953165295,               -0,               -0, -2.646469078e-15,     -37597.65952,      37597.65952
           0.601,             7121,            0.063,               45,              360,                0,    0.04112555342,     -27.98767321,      6672.375383,      3.386528001,      3.386528001,  -0.005380852071,      5.634821055,      5.634821055,  -0.008953165294,               -0,               -0, -2.833173283e-15,     -37597.65952,      37597.65952
           0.602,             7121,            0.063,               45,              360,                0,    0.04119398194,     -27.98767321,      6672.375378,      3.392162822,      3.392162822,  -0.005389805234,      5.634821051,      5.634821051,  -0.008953165292,               -0,               -0,   -3.0272192e-15,     -37597.65952,      37597.65952
           0.603,             7121,            0.063,               45,              360,                0,    0.04126241051,     -27.98767321,      6672.375372,      3.397797643,      3.397797643,  -0.005398758397,      5.634821046,      5.634821046,  -0.008953165291,               -0,               -0, -1.453944334e-15,     -37597.65952,      37597.65952
           0.604,             7121,            0.063,               45,              360,                0,    0.04133083902,     -27.98767321,      6672.375367,      3.403432464,      3.403432464,   -0.00540771156,      5.634821041,      5.634821041,  -0.008953165289,               -0,               -0, -2.541977741e-15,     -37597.65952,      37597.65952
           0.605,             7121,            0.063,               45,              360,                0,    0.04139926758,     -27.98767321,      6672.375361,      3.409067285,      3.409067285,  -0.005416664723,      5.634821037,      5.634821037,  -0.008953165288,               -0,               -0, -1.513819871e-15,     -37597.65952,      37597.65952
           0.606,             7121,            0.063,               45,              360,                0,    0.04146769613,     -27.98767321,      6672.375356,      3.414702106,      3.414702106,  -0.005425617887,      5.634821032,      5.634821032,  -0.008953165287,               -0,               -0, -2.798099096e-15,     -37597.65952,      37597.65952
           0.607,             7121,            0.063,               45,              360,                0,    0.04153612465,     -27.98767321,      6672.375351,      3.420336927,      3.420336927,   -0.00543457105,      5.634821028,      5.634821028,  -0.008953165285,               -0,               -0,  -1.61731517e-15,     -37597.65952,      37597.65952
           0.608,             7121,            0.063,               45,              360,                0,     0.0416045532,     -27.98767321,      6672.375345,      3.425971749,      3.425971749,  -0.005443524213,      5.634821023,      5.634821023,  -0.008953165284,               -0,               -0, -1.349745315e-15,     -37597.65952,      37597.65952
           0.609,             7121,            0.063,               45,              360,                0,    0.04167298173,     -27.98767321,       6672.37534,       3.43160657,       3.43160657,  -0.005452477376,      5.634821019,      5.634821019,  -0.008953165283,               -0,               -0, -3.376137969e-15,     -37597.65952,      37597.65952
            0.61,             7121,            0.063,               45,              360,                0,    0.04174141028,     -27.98767321,      6672.375334,      3.437241391,      3.437241391,  -0.005461430539,      5.634821014,      5.634821014,  -0.008953165281,               -0,               -0, -2.404147608e-15,     -37597.65952,      37597.65952
           0.611,             7121,            0.063,               45,              360,                0,    0.04180983882,     -27.98767321,      6672.375329,      3.442876212,      3.442876212,  -0.005470383702,      5.634821009,      5.634821009,   -0.00895316528,               -0,               -0, -1.812050413e-15,     -37597.65952,      37597.65952
           0.612,             7121,            0.063,               45,              360,                0,    0.04187826735,     -27.98767321,      6672.375323,      3.448511033,      3.448511033,  -0.005479336865,      5.634821005,      5.634821005,  -0.008953165278,               -0,               -0, -2.475759005e-15,     -37597.65952,      37597.65952
           0.613,             7121,            0.063,               45,              360,                0,     0.0419466959,     -27.98767321,      6672.375318,      3.454145854,      3.454145854,  -0.005488290028,         5.634821,         5.634821,  -0.008953165277,               -0,               -0,  -3.17048472e-15,     -37597.65952,      37597.65952
           0.614,             7121,            0.063,               45,              360,                0,    0.04201512442,     -27.98767321,      6672.375312,      3.459780675,      3.459780675,  -0.005497243191,      5.634820995,      5.634820995,  -0.008953165276,               -0,               -0,  -3.72178901e-15,     -37597.65952,      37597.65952
           0.615,             7121,            0.063,               45,              360,                0,    0.04208355298,     -27.98767321,      6672.375307,      3.465415496,      3.465415496,  -0.005506196354,      5.634820991,      5.634820991,  -0.008953165274,               -0,               -0, -3.955232978e-15,     -37597.65952,      37597.65952
           0.616,             7121,            0.063,               45,              360,                0,    0.04215198151,     -27.98767321,      6672.375301,      3.471050317,      3.471050317,  -0.005515149517,      5.634820986,      5.634820986,  -0.008953165273,               -0,               -0, -3.696377376e-15,     -37597.65952,      37597.65952
           0.617,             7121,            0.063,               45,              360,                0,    0.04222041005,     -27.98767321,      6672.375296,      3.476685138,      3.476685138,   -0.00552410268,      5.634820981,      5.634820981,  -0.008953165271,               -0,               -0, -4.285930053e-15,     -37597.65952,      37597.65952
           0.618,             7121,            0.063,               45,              360,                0,    0.04228883859,     -27.98767321,       6672.37529,      3.482319959,      3.482319959,  -0.005533055843,      5.634820977,      5.634820977,   -0.00895316527,               -0,               -0, -4.024294159e-15,     -37597.65952,      37597.65952
           0.619,             7121,            0.063,               45,              360,                0,    0.04235726712,     -27.98767321,      6672.375285,      3.487954779,      3.487954779,  -0.005542009006,      5.634820972,      5.634820972,  -0.008953165269,               -0,               -0, -2.737029391e-15,     -37597.65952,      37597.65952
            0.62,             7121,            0.063,               45,              360,                0,    0.04242569567,     -27.98767321,      6672.375279,        3.4935896,        3.4935896,  -0.005550962169,      5.634820967,      5.634820967,  -0.008953165267,               -0,               -0,  -3.80240877e-15,     -37597.65952,      37597.65952
           0.621,             7121,            0.063,               45,              360,                0,     0.0424941242,     -27.98767321,      6672.375274,      3.499224421,      3.499224421,  -0.005559915332,      5.634820963,      5.634820963,  -0.008953165266,               -0,               -0, -3.493277606e-15,     -37597.65952,      37597.65952
           0.622,             7121,            0.063,               45,              360,                0,    0.04256255274,     -27.98767321,      6672.375268,      3.504859242,      3.504859242,  -0.005568868495,      5.634820958,      5.634820958,  -0.008953165264,               -0,               -0, -1.635194535e-15,     -37597.65952,      37597.65952
           0.623,             7121,            0.063,               45,              360,                0,    0.04263098129,     -27.98767321,      6672.375263,      3.510494063,      3.510494063,  -0.005577821658,      5.634820953,      5.634820953,  -0.008953165263,               -0,               -0, -1.606431514e-15,     -37597.65952,      37597.65952
           0.624,             7121,            0.063,               45,              360,                0,    0.04269940984,     -27.98767321,      6672.375257,      3.516128884,      3.516128884,  -0.005586774821,      5.634820949,      5.634820949,  -0.008953165262,               -0,               -0, -3.662310353e-15,     -37597.65952,      37597.65952
           0.625,             7121,            0.063,               45,              360,                0,    0.04276783836,     -27.98767321,      6672.375251,      3.521763705,      3.521763705,  -0.005595727984,      5.634820944,      5.634820944,   -0.00895316526,               -0,               -0, -3.635901604e-15,     -37597.65952,      37597.65952
           0.626,             7121,            0.063,               45,              360,                0,    0.04283626692,     -27.98767321,      6672.375246,      3.527398526,      3.527398526,  -0.005604681146,      5.634820939,      5.634820939,  -0.008953165259,               -0,               -0,  -4.90547616e-15,     -37597.65952,      37597.65952
           0.627,             7121,            0.063,               45,              360,                0,    0.04290469545,     -27.98767321,       6672.37524,      3.533033347,      3.533033347,  -0.005613634309,      5.634820934,      5.634820934,  -0.008953165257,               -0,               -0, -3.743877196e-15,     -37597.65952,      37597.65952
           0.628,             7121,            0.063,               45,              360,                0,    0.04297312399,     -27.98767321,      6672.375235,      3.538668168,      3.538668168,  -0.005622587472,       5.63482093,       5.63482093,  -0.008953165256,               -0,               -0, -2.479024384e-15,     -37597.65952,      37597.65952
           0.629,             7121,            0.063,               45,              360,                0,    0.04304155251,     -27.98767321,      6672.375229,      3.544302989,      3.544302989,  -0.005631540635,      5.634820925,      5.634820925,  -0.008953165254,               -0,               -0, -1.986824364e-15,     -37597.65952,      37597.65952
            0.63,             7121,            0.063,               45,              360,                0,    0.04310998107,     -27.98767321,      6672.375223,       3.54993781,       3.54993781,  -0.005640493798,       5.63482092,       5.63482092,  -0.008953165253,               -0,               -0, -2.092832917e-15,     -37597.65952,      37597.65952
           0.631,             7121,            0.063,               45,              360,                0,    0.04317840962,     -27.98767321,      6672.375218,      3.555572631,      3.555572631,  -0.005649446961,      5.634820915,      5.634820915,  -0.008953165252,               -0,               -0, -2.622605463e-15,     -37597.65952,      37597.65952
           0.632,             7121,            0.063,               45,              360,                0,    0.04324683815,     -27.98767321,      6672.375212,      3.561207452,      3.561207452,  -0.005658400124,      5.634820911,      5.634820911,   -0.00895316525,               -0,               -0, -3.791423136e-15,     -37597.65952,      37597.65952
           0.633,             7121,            0.063,               45,              360,                0,    0.04331526669,     -27.98767321,      6672.375206,      3.566842273,      3.566842273,  -0.005667353287,      5.634820906,      5.634820906,  -0.008953165249,               -0,               -0, -3.974754597e-15,     -37597.65952,      37597.65952
           0.634,             7121,            0.063,               45,              360,                0,    0.04338369524,     -27.98767321,      6672.375201,      3.572477094,      3.572477094,  -0.005676306449,      5.634820901,      5.634820901,  -0.008953165247,               -0,               -0, -4.048504695e-15,     -37597.65952,      37597.65952
           0.635,             7121,            0.063,               45,              360,                0,    0.04345212378,     -27.98767321,      6672.375195,      3.578111914,      3.578111914,  -0.005685259612,      5.634820896,      5.634820896,  -0.008953165246,               -0,               -0,  -3.83822741e-15,     -37597.65952,      37597.65952
           0.636,             7121,            0.063,               45,              360,                0,     0.0435205523,     -27.98767321,      6672.375189,      3.583746735,      3.583746735,  -0.005694212775,      5.634820891,      5.634820891,  -0.008953165244,               -0,               -0, -2.119125835e-15,     -37597.65952,      37597.65952
           0.637,             7121,            0.063,               45,              360,                0,    0.04358898086,     -27.98767321,      6672.375184,      3.589381556,      3.589381556,  -0.005703165938,      5.634820887,      5.634820887,  -0.008953165243,               -0,               -0, -3.319817419e-15,     -37597.65952,      37597.65952
           0.638,             7121,            0.063,               45,              360,                0,    0.04365740938,     -27.98767321,      6672.375178,      3.595016377,      3.595016377,  -0.005712119101,      5.634820882,      5.634820882,  -0.008953165241,               -0,               -0, -3.713141372e-15,     -37597.65952,      37597.65952
           0.639,             7121,            0.063,               45,              360,                0,    0.04372583792,     -27.98767321,      6672.375172,      3.600651198,      3.600651198,  -0.005721072263,      5.634820877,      5.634820877,   -0.00895316524,               -0,               -0, -2.428992682e-15,     -37597.65952,      37597.65952
            0.64,             7121,            0.063,               45,              360,                0,    0.04379426647,     -27.98767321,      6672.375166,      3.606286019,      3.606286019,  -0.005730025426,      5.634820872,      5.634820872,  -0.008953165239,               -0,               -0,  -3.53128527e-15,     -37597.65952,      37597.65952
           0.641,             7121,            0.063,               45,              360,                0,    0.04386269501,     -27.98767321,      6672.375161,       3.61192084,       3.61192084,  -0.005738978589,      5.634820867,      5.634820867,  -0.008953165237,               -0,               -0, -2.242506721e-15,     -37597.65952,      37597.65952
           0.642,             7121,            0.063,               45,              360,                0,    0.04393112354,     -27.98767321,      6672.375155,      3.617555661,      3.617555661,  -0.005747931752,      5.634820862,      5.634820862,  -0.008953165236,               -0,               -0, -2.991272673e-15,     -37597.65952,      37597.65952
           0.643,             7121,            0.063,               45,              360,                0,    0.04399955208,     -27.98767321,      6672.375149,      3.623190481,      3.623190481,  -0.005756884915,      5.634820858,      5.634820858,  -0.008953165234,               -0,               -0, -4.552783653e-15,     -37597.65952,      37597.65952
           0.644,             7121,            0.063,               45,              360,                0,    0.04406798063,     -27.98767321,      6672.375143,      3.628825302,      3.628825302,  -0.005765838077,      5.634820853,      5.634820853,  -0.008953165233,               -0,               -0, -4.250227213e-15,     -37597.65952,      37597.65952
           0.645,             7121,            0.063,               45,              360,                0,    0.04413640916,     -27.98767321,      6672.375138,      3.634460123,      3.634460123,   -0.00577479124,      5.634820848,      5.634820848,  -0.008953165231,               -0,               -0, -4.411516819e-15,     -37597.65952,      37597.65952
           0.646,             7121,            0.063,               45,              360,                0,    0.04420483771,     -27.98767321,      6672.375132,      3.640094944,      3.640094944,  -0.005783744403,      5.634820843,      5.634820843,   -0.00895316523,               -0,               -0, -2.359839293e-15,     -37597.65952,      37597.65952
           0.647,             7121,            0.063,               45,              360,                0,    0.04427326626,     -27.98767321,      6672.375126,      3.645729765,      3.645729765,  -0.005792697565,      5.634820838,      5.634820838,  -0.008953165228,               -0,               -0, -4.290476216e-15,     -37597.65952,      37597.65952
           0.648,             7121,            0.063,               45,              360,                0,    0.04434169479,     -27.98767321,       6672.37512,      3.651364586,      3.651364586,  -0.005801650728,      5.634820833,      5.634820833,  -0.008953165227,               -0,               -0,  -2.59888482e-15,     -37597.65952,      37597.65952
           0.649,             7121,            0.063,               45,              360,                0,    0.04441012332,     -27.98767321,      6672.375114,      3.656999407,      3.656999407,  -0.005810603891,      5.634820828,      5.634820828,  -0.008953165225,               -0,               -0, -1.713678182e-15,     -37597.65952,      37597.65952
            0.65,             7121,            0.063,               45,              360,                0,    0.04447855187,     -27.98767321,      6672.375109,      3.662634227,      3.662634227,  -0.005819557054,      5.634820823,      5.634820823,  -0.008953165224,               -0,               -0, -3.962767912e-15,     -37597.65952,      37597.65952
           0.651,             7121,            0.063,               45,              360,                0,    0.04454698041,     -27.98767321,      6672.375103,      3.668269048,      3.668269048,  -0.005828510216,      5.634820818,      5.634820818,  -0.008953165222,               -0,               -0, -2.066274761e-15,     -37597.65952,      37597.65952
           0.652,             7121,            0.063,               45,              360,                0,    0.04461540894,     -27.98767321,      6672.375097,      3.673903869,      3.673903869,  -0.005837463379,      5.634820814,      5.634820814,  -0.008953165221,               -0,               -0, -2.955173823e-15,     -37597.65952,      37597.65952
           0.653,             7121,            0.063,               45,              360,                0,    0.04468383748,     -27.98767321,      6672.375091,       3.67953869,       3.67953869,  -0.005846416542,      5.634820809,      5.634820809,  -0.008953165219,               -0,               -0, -3.952649339e-15,     -37597.65952,      37597.65952
           0.654,             7121,            0.063,               45,              360,                0,    0.04475226603,     -27.98767321,      6672.375085,      3.685173511,      3.685173511,  -0.005855369704,      5.634820804,      5.634820804,  -0.008953165218,               -0,               -0, -3.833897749e-15,     -37597.65952,      37597.65952
           0.655,             7121,            0.063,               45,              360,                0,    0.04482069457,     -27.98767321,      6672.375079,      3.690808331,      3.690808331,  -0.005864322867,      5.634820799,      5.634820799,  -0.008953165217,               -0,               -0, -2.699083039e-15,     -37597.65952,      37597.65952
           0.656,             7121,            0.063,               45,              360,                0,    0.04488912309,     -27.98767321,      6672.375074,      3.696443152,      3.696443152,  -0.005873276029,      5.634820794,      5.634820794,  -0.008953165215,               -0,               -0,  -3.64183831e-15,     -37597.65952,      37597.65952
           0.657,             7121,            0.063,               45,              360,                0,    0.04495755165,     -27.98767321,      6672.375068,      3.702077973,      3.702077973,  -0.005882229192,      5.634820789,      5.634820789,  -0.008953165214,               -0,               -0, -2.934995756e-15,     -37597.65952,      37597.65952
           0.658,             7121,            0.063,               45,              360,                0,    0.04502598021,     -27.98767321,      6672.375062,      3.707712794,      3.707712794,  -0.005891182355,      5.634820784,      5.634820784,  -0.008953165212,               -0,               -0, -3.956814551e-15,     -37597.65952,      37597.65952
           0.659,             7121,            0.063,               45,              360,                0,    0.04509440872,     -27.98767321,      6672.375056,      3.713347615,      3.713347615,  -0.005900135517,      5.634820779,      5.634820779,  -0.008953165211,               -0,               -0, -2.980126136e-15,     -37597.65952,      37597.65952
            0.66,             7121,            0.063,               45,              360,                0,    0.04516283725,     -27.98767321,       6672.37505,      3.718982435,      3.718982435,   -0.00590908868,      5.634820774,      5.634820774,  -0.008953165209,               -0,               -0, -3.383188935e-15,     -37597.65952,      37597.65952
           0.661,             7121,            0.063,               45,              360,                0,     0.0452312658,     -27.98767321,      6672.375044,      3.724617256,      3.724617256,  -0.005918041843,      5.634820769,      5.634820769,  -0.008953165208,               -0,               -0, -4.991547314e-15,     -37597.65952,      37597.65952
           0.662,             7121,            0.063,               45,              360,                0,    0.04529969435,     -27.98767321,      6672.375038,      3.730252077,      3.730252077,  -0.005926995005,      5.634820764,      5.634820764,  -0.008953165206,               -0,               -0, -4.317615872e-15,     -37597.65952,      37597.65952
           0.663,             7121,            0.063,               45,              360,                0,    0.04536812288,     -27.98767321,      6672.375032,      3.735886898,      3.735886898,  -0.005935948168,      5.634820759,      5.634820759,  -0.008953165205,               -0,               -0, -4.490058162e-15,     -37597.65952,      37597.65952
           0.664,             7121,            0.063,               45,              360,                0,    0.04543655141,     -27.98767321,      6672.375026,      3.741521718,      3.741521718,   -0.00594490133,      5.634820754,      5.634820754,  -0.008953165203,               -0,               -0, -1.781703741e-15,     -37597.65952,      37597.65952
           0.665,             7121,            0.063,               45,              360,                0,    0.04550497997,     -27.98767321,       6672.37502,      3.747156539,      3.747156539,  -0.005953854493,      5.634820749,      5.634820749,  -0.008953165202,               -0,               -0, -3.123522823e-15,     -37597.65952,      37597.65952
           0.666,             7121,            0.063,               45,              360,                0,     0.0455734085,     -27.98767321,      6672.375014,       3.75279136,       3.75279136,  -0.005962807655,      5.634820744,      5.634820744,    -0.0089531652,               -0,               -0, -4.788344205e-15,     -37597.65952,      37597.65952
           0.667,             7121,            0.063,               45,              360,                0,    0.04564183704,     -27.98767321,      6672.375008,      3.758426181,      3.758426181,  -0.005971760818,      5.634820739,      5.634820739,  -0.008953165199,               -0,               -0, -3.048996306e-15,     -37597.65952,      37597.65952
           0.668,             7121,            0.063,               45,              360,                0,    0.04571026558,     -27.98767321,      6672.375002,      3.764061001,      3.764061001,   -0.00598071398,      5.634820734,      5.634820734,  -0.008953165197,               -0,               -0,   -4.8364482e-15,     -37597.65952,      37597.65952
           0.669,             7121,            0.063,               45,              360,                0,    0.04577869411,     -27.98767321,      6672.374996,      3.769695822,      3.769695822,  -0.005989667143,      5.634820729,      5.634820729,  -0.008953165195,               -0,               -0, -2.870813863e-15,     -37597.65952,      37597.65952
            0.67,             7121,            0.063,               45,              360,                0,    0.04584712266,     -27.98767321,       6672.37499,      3.775330643,      3.775330643,  -0.005998620305,      5.634820724,      5.634820724,  -0.008953165194,               -0,               -0, -3.232257487e-15,     -37597.65952,      37597.65952
           0.671,             7121,            0.063,               45,              360,                0,    0.04591555119,     -27.98767321,      6672.374984,      3.780965464,      3.780965464,  -0.006007573468,      5.634820718,      5.634820718,  -0.008953165192,               -0,               -0, -3.034400628e-15,     -37597.65952,      37597.65952
           0.672,             7121,            0.063,               45,              360,                0,    0.04598397975,     -27.98767321,      6672.374978,      3.786600284,      3.786600284,   -0.00601652663,      5.634820713,      5.634820713,  -0.008953165191,               -0,               -0, -2.102783474e-15,     -37597.65952,      37597.65952
           0.673,             7121,            0.063,               45,              360,                0,    0.04605240828,     -27.98767321,      6672.374972,      3.792235105,      3.792235105,  -0.006025479793,      5.634820708,      5.634820708,  -0.008953165189,               -0,               -0,  -3.81565951e-15,     -37597.65952,      37597.65952
           0.674,             7121,            0.063,               45,              360,                0,    0.04612083682,     -27.98767321,      6672.374966,      3.797869926,      3.797869926,  -0.006034432955,      5.634820703,      5.634820703,  -0.008953165188,               -0,               -0, -3.395503873e-15,     -37597.65952,      37597.65952
           0.675,             7121,            0.063,               45,              360,                0,    0.04618926535,     -27.98767321,       6672.37496,      3.803504746,      3.803504746,  -0.006043386118,      5.634820698,      5.634820698,  -0.008953165186,               -0,               -0, -1.718206201e-15,     -37597.65952,      37597.65952
           0.676,             7121,            0.063,               45,              360,                0,    0.04625769389,     -27.98767321,      6672.374954,      3.809139567,      3.809139567,   -0.00605233928,      5.634820693,      5.634820693,  -0.008953165185,               -0,               -0, -4.664381892e-15,     -37597.65952,      37597.65952
           0.677,             7121,            0.063,               45,              360,                0,    0.04632612244,     -27.98767321,      6672.374948,      3.814774388,      3.814774388,  -0.006061292443,      5.634820688,      5.634820688,  -0.008953165183,               -0,               -0, -2.616292174e-15,     -37597.65952,      37597.65952
           0.678,             7121,            0.063,               45,              360,                0,    0.04639455097,     -27.98767321,      6672.374942,      3.820409208,      3.820409208,  -0.006070245605,      5.634820683,      5.634820683,  -0.008953165182,               -0,               -0,  -2.33037944e-15,     -37597.65952,      37597.65952
           0.679,             7121,            0.063,               45,              360,                0,    0.04646297951,     -27.98767321,      6672.374936,      3.826044029,      3.826044029,  -0.006079198767,      5.634820678,      5.634820678,   -0.00895316518,               -0,               -0, -2.581830566e-15,     -37597.65952,      37597.65952
            0.68,             7121,            0.063,               45,              360,                0,    0.04653140805,     -27.98767321,       6672.37493,       3.83167885,       3.83167885,   -0.00608815193,      5.634820673,      5.634820673,  -0.008953165179,               -0,               -0,  -4.24653327e-15,     -37597.65952,      37597.65952
           0.681,             7121,            0.063,               45,              360,                0,    0.04659983659,     -27.98767321,      6672.374924,       3.83731367,       3.83731367,  -0.006097105092,      5.634820667,      5.634820667,  -0.008953165177,               -0,               -0,  -2.54695997e-15,     -37597.65952,      37597.65952
           0.682,             7121,            0.063,               45,              360,                0,    0.04666826513,     -27.98767321,      6672.374918,      3.842948491,      3.842948491,  -0.006106058255,      5.634820662,      5.634820662,  -0.008953165176,               -0,               -0,  -1.91171129e-15,     -37597.65952,      37597.65952
           0.683,             7121,            0.063,               45,              360,                0,    0.04673669368,     -27.98767321,      6672.374912,      3.848583312,      3.848583312,  -0.006115011417,      5.634820657,      5.634820657,  -0.008953165174,               -0,               -0, -4.668686225e-15,     -37597.65952,      37597.65952
           0.684,             7121,            0.063,               45,              360,                0,    0.04680512221,     -27.98767321,      6672.374906,      3.854218132,      3.854218132,  -0.006123964579,      5.634820652,      5.634820652,  -0.008953165172,               -0,               -0, -4.588343586e-15,     -37597.65952,      37597.65952
           0.685,             7121,            0.063,               45,              360,                0,    0.04687355075,     -27.98767321,      6672.374899,      3.859852953,      3.859852953,  -0.006132917742,      5.634820647,      5.634820647,  -0.008953165171,               -0,               -0, -4.123057168e-15,     -37597.65952,      37597.65952
           0.686,             7121,            0.063,               45,              360,                0,     0.0469419793,     -27.98767321,      6672.374893,      3.865487774,      3.865487774,  -0.006141870904,      5.634820642,      5.634820642,  -0.008953165169,               -0,               -0, -2.963876696e-15,     -37597.65952,      37597.65952
           0.687,             7121,            0.063,               45,              360,                0,    0.04701040782,     -27.98767321,      6672.374887,      3.871122594,      3.871122594,  -0.006150824066,      5.634820636,      5.634820636,  -0.008953165168,               -0,               -0, -1.986687177e-15,     -37597.65952,      37597.65952
           0.688,             7121,            0.063,               45,              360,                0,    0.04707883637,     -27.98767321,      6672.374881,      3.876757415,      3.876757415,  -0.006159777229,      5.634820631,      5.634820631,  -0.008953165166,               -0,               -0, -3.519385639e-15,     -37597.65952,      37597.65952
           0.689,             7121,            0.063,               45,              360,                0,    0.04714726491,     -27.98767321,      6672.374875,      3.882392236,      3.882392236,  -0.006168730391,      5.634820626,      5.634820626,  -0.008953165165,               -0,               -0,  -3.83479199e-15,     -37597.65952,      37597.65952
            0.69,             7121,            0.063,               45,              360,                0,    0.04721569345,     -27.98767321,      6672.374869,      3.888027056,      3.888027056,  -0.006177683553,      5.634820621,      5.634820621,  -0.008953165163,               -0,               -0, -3.808790065e-15,     -37597.65952,      37597.65952
           0.691,             7121,            0.063,               45,              360,                0,    0.04728412198,     -27.98767321,      6672.374863,      3.893661877,      3.893661877,  -0.006186636716,      5.634820616,      5.634820616,  -0.008953165162,               -0,               -0, -2.216562028e-15,     -37597.65952,      37597.65952
           0.692,             7121,            0.063,               45,              360,                0,    0.04735255052,     -27.98767321,      6672.374856,      3.899296697,      3.899296697,  -0.006195589878,       5.63482061,       5.63482061,   -0.00895316516,               -0,               -0, -2.525796463e-15,     -37597.65952,      37597.65952
           0.693,             7121,            0.063,               45,              360,                0,    0.04742097907,     -27.98767321,       6672.37485,      3.904931518,      3.904931518,   -0.00620454304,      5.634820605,      5.634820605,  -0.008953165158,               -0,               -0, -4.462573429e-15,     -37597.65952,      37597.65952
           0.694,             7121,            0.063,               45,              360,                0,     0.0474894076,     -27.98767321,      6672.374844,      3.910566339,      3.910566339,  -0.006213496203,        5.6348206,        5.6348206,  -0.008953165157,               -0,               -0, -4.299710862e-15,     -37597.65952,      37597.65952
           0.695,             7121,            0.063,               45,              360,                0,    0.04755783615,     -27.98767321,      6672.374838,      3.916201159,      3.916201159,  -0.006222449365,      5.634820595,      5.634820595,  -0.008953165155,               -0,               -0, -1.862739983e-15,     -37597.65952,      37597.65952
           0.696,             7121,            0.063,               45,              360,                0,    0.04762626469,     -27.98767321,      6672.374831,       3.92183598,       3.92183598,  -0.006231402527,      5.634820589,      5.634820589,  -0.008953165154,               -0,               -0, -5.132969627e-15,     -37597.65952,      37597.65952
           0.697,             7121,            0.063,               45,              360,                0,    0.04769469321,     -27.98767321,      6672.374825,        3.9274708,        3.9274708,  -0.006240355689,      5.634820584,      5.634820584,  -0.008953165152,               -0,               -0, -2.227438535e-15,     -37597.65952,      37597.65952
           0.698,             7121,            0.063,               45,              360,                0,    0.04776312176,     -27.98767321,      6672.374819,      3.933105621,      3.933105621,  -0.006249308852,      5.634820579,      5.634820579,   -0.00895316515,               -0,               -0, -3.629817769e-15,     -37597.65952,      37597.65952
           0.699,             7121,            0.063,               45,              360,                0,     0.0478315503,     -27.98767321,      6672.374813,      3.938740442,      3.938740442,  -0.006258262014,      5.634820573,      5.634820573,  -0.008953165149,               -0,               -0, -2.060209605e-15,     -37597.65952,      37597.65952
             0.7,             7121,            0.063,               45,              360,                0,    0.04789997885,     -27.98767321,      6672.374806,      3.944375262,      3.944375262,  -0.006267215176,      5.634820568,      5.634820568,  -0.008953165147,               -0,               -0, -4.498975321e-15,     -37597.65952,      37597.65952
           0.701,             7121,            0.063,               45,              360,                0,    0.04796840737,     -27.98767321,        6672.3748,      3.950010083,      3.950010083,  -0.006276168338,      5.634820563,      5.634820563,  -0.008953165146,               -0,               -0, -3.606802248e-15,     -37597.65952,      37597.65952
           0.702,             7121,            0.063,               45,              360,                0,    0.04803683592,     -27.98767321,      6672.374794,      3.955644903,      3.955644903,    -0.0062851215,      5.634820558,      5.634820558,  -0.008953165144,               -0,               -0, -2.761932499e-15,     -37597.65952,      37597.65952
           0.703,             7121,            0.063,               45,              360,                0,    0.04810526446,     -27.98767321,      6672.374788,      3.961279724,      3.961279724,  -0.006294074663,      5.634820552,      5.634820552,  -0.008953165143,               -0,               -0, -1.789894104e-15,     -37597.65952,      37597.65952
           0.704,             7121,            0.063,               45,              360,                0,      0.048173693,     -27.98767321,      6672.374781,      3.966914544,      3.966914544,  -0.006303027825,      5.634820547,      5.634820547,  -0.008953165141,               -0,               -0, -4.068928373e-15,     -37597.65952,      37597.65952
           0.705,             7121,            0.063,               45,              360,                0,    0.04824212154,     -27.98767321,      6672.374775,      3.972549365,      3.972549365,  -0.006311980987,      5.634820542,      5.634820542,  -0.008953165139,               -0,               -0, -4.821498179e-15,     -37597.65952,      37597.65952
           0.706,             7121,            0.063,               45,              360,                0,    0.04831055008,     -27.98767321,      6672.374769,      3.978184186,      3.978184186,  -0.006320934149,      5.634820536,      5.634820536,  -0.008953165138,               -0,               -0,  -4.92348102e-15,     -37597.65952,      37597.65952
           0.707,             7121,            0.063,               45,              360,                0,    0.04837897862,     -27.98767321,      6672.374762,      3.983819006,      3.983819006,  -0.006329887311,      5.634820531,      5.634820531,  -0.008953165136,               -0,               -0, -4.214774932e-15,     -37597.65952,      37597.65952
           0.708,             7121,            0.063,               45,              360,                0,    0.04844740715,     -27.98767321,      6672.374756,      3.989453827,      3.989453827,  -0.006338840473,      5.634820526,      5.634820526,  -0.008953165135,               -0,               -0, -2.496524871e-15,     -37597.65952,      37597.65952
           0.709,             7121,            0.063,               45,              360,                0,    0.04851583569,     -27.98767321,       6672.37475,      3.995088647,      3.995088647,  -0.006347793635,       5.63482052,       5.63482052,  -0.008953165133,               -0,               -0, -3.146970135e-15,     -37597.65952,      37597.65952
            0.71,             7121,            0.063,               45,              360,                0,    0.04858426423,     -27.98767321,      6672.374743,      4.000723468,      4.000723468,  -0.006356746797,      5.634820515,      5.634820515,  -0.008953165131,               -0,               -0, -2.438922256e-15,     -37597.65952,      37597.65952
           0.711,             7121,            0.063,               45,              360,                0,    0.04865269276,     -27.98767321,      6672.374737,      4.006358288,      4.006358288,   -0.00636569996,       5.63482051,       5.63482051,   -0.00895316513,               -0,               -0,  -3.75061972e-15,     -37597.65952,      37597.65952
           0.712,             7121,            0.063,               45,              360,                0,     0.0487211213,     -27.98767321,      6672.374731,      4.011993109,      4.011993109,  -0.006374653122,      5.634820504,      5.634820504,  -0.008953165128,               -0,               -0, -2.304522556e-15,     -37597.65952,      37597.65952
           0.713,             7121,            0.063,               45,              360,                0,    0.04878954985,     -27.98767321,      6672.374724,      4.017627929,      4.017627929,  -0.006383606284,      5.634820499,      5.634820499,  -0.008953165126,               -0,               -0, -2.529219127e-15,     -37597.65952,      37597.65952
           0.714,             7121,            0.063,               45,              360,                0,    0.04885797838,     -27.98767321,      6672.374718,       4.02326275,       4.02326275,  -0.006392559446,      5.634820493,      5.634820493,  -0.008953165125,               -0,               -0, -3.199882323e-15,     -37597.65952,      37597.65952
           0.715,             7121,            0.063,               45,              360,                0,    0.04892640693,     -27.98767321,      6672.374711,       4.02889757,       4.02889757,  -0.006401512608,      5.634820488,      5.634820488,  -0.008953165123,               -0,               -0,  -5.16671982e-15,     -37597.65952,      37597.65952
           0.716,             7121,            0.063,               45,              360,                0,    0.04899483547,     -27.98767321,      6672.374705,      4.034532391,      4.034532391,   -0.00641046577,      5.634820483,      5.634820483,  -0.008953165122,               -0,               -0, -3.667846757e-15,     -37597.65952,      37597.65952
           0.717,             7121,            0.063,               45,              360,                0,      0.049063264,     -27.98767321,      6672.374699,      4.040167211,      4.040167211,  -0.006419418932,      5.634820477,      5.634820477,   -0.00895316512,               -0,               -0, -3.131849874e-15,     -37597.65952,      37597.65952
           0.718,             7121,            0.063,               45,              360,                0,    0.04913169253,     -27.98767321,      6672.374692,      4.045802032,      4.045802032,  -0.006428372094,      5.634820472,      5.634820472,  -0.008953165118,               -0,               -0, -2.333900419e-15,     -37597.65952,      37597.65952
           0.719,             7121,            0.063,               45,              360,                0,    0.04920012108,     -27.98767321,      6672.374686,      4.051436852,      4.051436852,  -0.006437325256,      5.634820466,      5.634820466,  -0.008953165117,               -0,               -0, -2.149870641e-15,     -37597.65952,      37597.65952
            0.72,             7121,            0.063,               45,              360,                0,    0.04926854962,     -27.98767321,      6672.374679,      4.057071672,      4.057071672,  -0.006446278418,      5.634820461,      5.634820461,  -0.008953165115,               -0,               -0, -4.907644643e-15,     -37597.65952,      37597.65952
           0.721,             7121,            0.063,               45,              360,                0,    0.04933697815,     -27.98767321,      6672.374673,      4.062706493,      4.062706493,   -0.00645523158,      5.634820455,      5.634820455,  -0.008953165113,               -0,               -0, -4.377666499e-15,     -37597.65952,      37597.65952
           0.722,             7121,            0.063,               45,              360,                0,     0.0494054067,     -27.98767321,      6672.374666,      4.068341313,      4.068341313,  -0.006464184742,       5.63482045,       5.63482045,  -0.008953165112,               -0,               -0, -2.827120204e-15,     -37597.65952,      37597.65952
           0.723,             7121,            0.063,               45,              360,                0,    0.04947383524,     -27.98767321,       6672.37466,      4.073976134,      4.073976134,  -0.006473137904,      5.634820444,      5.634820444,   -0.00895316511,               -0,               -0, -4.735279879e-15,     -37597.65952,      37597.65952
           0.724,             7121,            0.063,               45,              360,                0,    0.04954226378,     -27.98767321,      6672.374653,      4.079610954,      4.079610954,  -0.006482091066,      5.634820439,      5.634820439,  -0.008953165109,               -0,               -0, -5.324600613e-15,     -37597.65952,      37597.65952
           0.725,             7121,            0.063,               45,              360,                0,    0.04961069233,     -27.98767321,      6672.374647,      4.085245775,      4.085245775,  -0.006491044228,      5.634820434,      5.634820434,  -0.008953165107,               -0,               -0, -1.918238519e-15,     -37597.65952,      37597.65952
           0.726,             7121,            0.063,               45,              360,                0,    0.04967912085,     -27.98767321,      6672.374641,      4.090880595,      4.090880595,   -0.00649999739,      5.634820428,      5.634820428,  -0.008953165105,               -0,               -0,  -3.94950257e-15,     -37597.65952,      37597.65952
           0.727,             7121,            0.063,               45,              360,                0,     0.0497475494,     -27.98767321,      6672.374634,      4.096515416,      4.096515416,  -0.006508950552,      5.634820423,      5.634820423,  -0.008953165104,               -0,               -0, -5.188834378e-15,     -37597.65952,      37597.65952
           0.728,             7121,            0.063,               45,              360,                0,    0.04981597795,     -27.98767321,      6672.374627,      4.102150236,      4.102150236,  -0.006517903714,      5.634820417,      5.634820417,  -0.008953165102,               -0,               -0, -4.411401046e-15,     -37597.65952,      37597.65952
           0.729,             7121,            0.063,               45,              360,                0,    0.04988440647,     -27.98767321,      6672.374621,      4.107785056,      4.107785056,  -0.006526856876,      5.634820412,      5.634820412,    -0.0089531651,               -0,               -0, -3.945082927e-15,     -37597.65952,      37597.65952
            0.73,             7121,            0.063,               45,              360,                0,      0.049952835,     -27.98767321,      6672.374614,      4.113419877,      4.113419877,  -0.006535810037,      5.634820406,      5.634820406,  -0.008953165099,               -0,               -0, -3.112998454e-15,     -37597.65952,      37597.65952
           0.731,             7121,            0.063,               45,              360,                0,    0.05002126357,     -27.98767321,      6672.374608,      4.119054697,      4.119054697,  -0.006544763199,        5.6348204,        5.6348204,  -0.008953165097,               -0,               -0, -2.233053317e-15,     -37597.65952,      37597.65952
           0.732,             7121,            0.063,               45,              360,                0,    0.05008969209,     -27.98767321,      6672.374601,      4.124689518,      4.124689518,  -0.006553716361,      5.634820395,      5.634820395,  -0.008953165095,               -0,               -0,  -2.18111441e-15,     -37597.65952,      37597.65952
           0.733,             7121,            0.063,               45,              360,                0,    0.05015812063,     -27.98767321,      6672.374595,      4.130324338,      4.130324338,  -0.006562669523,      5.634820389,      5.634820389,  -0.008953165094,               -0,               -0, -3.833048222e-15,     -37597.65952,      37597.65952
           0.734,             7121,            0.063,               45,              360,                0,    0.05022654917,     -27.98767321,      6672.374588,      4.135959158,      4.135959158,  -0.006571622685,      5.634820384,      5.634820384,  -0.008953165092,               -0,               -0, -2.411305661e-15,     -37597.65952,      37597.65952
           0.735,             7121,            0.063,               45,              360,                0,    0.05029497771,     -27.98767321,      6672.374582,      4.141593979,      4.141593979,  -0.006580575847,      5.634820378,      5.634820378,   -0.00895316509,               -0,               -0, -3.796478239e-15,     -37597.65952,      37597.65952
           0.736,             7121,            0.063,               45,              360,                0,    0.05036340625,     -27.98767321,      6672.374575,      4.147228799,      4.147228799,  -0.006589529009,      5.634820373,      5.634820373,  -0.008953165089,               -0,               -0, -5.311717512e-15,     -37597.65952,      37597.65952
           0.737,             7121,            0.063,               45,              360,                0,    0.05043183479,     -27.98767321,      6672.374568,       4.15286362,       4.15286362,  -0.006598482171,      5.634820367,      5.634820367,  -0.008953165087,               -0,               -0, -4.144404452e-15,     -37597.65952,      37597.65952
           0.738,             7121,            0.063,               45,              360,                0,    0.05050026333,     -27.98767321,      6672.374562,       4.15849844,       4.15849844,  -0.006607435332,      5.634820362,      5.634820362,  -0.008953165085,               -0,               -0, -2.748176353e-15,     -37597.65952,      37597.65952
           0.739,             7121,            0.063,               45,              360,                0,    0.05056869187,     -27.98767321,      6672.374555,       4.16413326,       4.16413326,  -0.006616388494,      5.634820356,      5.634820356,  -0.008953165084,               -0,               -0,   -1.9988972e-15,     -37597.65952,      37597.65952
            0.74,             7121,            0.063,               45,              360,                0,    0.05063712041,     -27.98767321,      6672.374549,      4.169768081,      4.169768081,  -0.006625341656,       5.63482035,       5.63482035,  -0.008953165082,               -0,               -0, -4.224442721e-15,     -37597.65952,      37597.65952
           0.741,             7121,            0.063,               45,              360,                0,    0.05070554895,     -27.98767321,      6672.374542,      4.175402901,      4.175402901,  -0.006634294818,      5.634820345,      5.634820345,   -0.00895316508,               -0,               -0, -4.647260855e-15,     -37597.65952,      37597.65952
           0.742,             7121,            0.063,               45,              360,                0,    0.05077397748,     -27.98767321,      6672.374535,      4.181037721,      4.181037721,   -0.00664324798,      5.634820339,      5.634820339,  -0.008953165079,               -0,               -0, -4.143214321e-15,     -37597.65952,      37597.65952
           0.743,             7121,            0.063,               45,              360,                0,    0.05084240602,     -27.98767321,      6672.374529,      4.186672542,      4.186672542,  -0.006652201141,      5.634820334,      5.634820334,  -0.008953165077,               -0,               -0, -5.040177562e-15,     -37597.65952,      37597.65952
           0.744,             7121,            0.063,               45,              360,                0,    0.05091083455,     -27.98767321,      6672.374522,      4.192307362,      4.192307362,  -0.006661154303,      5.634820328,      5.634820328,  -0.008953165075,               -0,               -0, -4.661298778e-15,     -37597.65952,      37597.65952
           0.745,             7121,            0.063,               45,              360,                0,     0.0509792631,     -27.98767321,      6672.374515,      4.197942182,      4.197942182,  -0.006670107465,      5.634820322,      5.634820322,  -0.008953165073,               -0,               -0, -3.706631454e-15,     -37597.65952,      37597.65952
           0.746,             7121,            0.063,               45,              360,                0,    0.05104769164,     -27.98767321,      6672.374509,      4.203577003,      4.203577003,  -0.006679060627,      5.634820317,      5.634820317,  -0.008953165072,               -0,               -0, -4.669847286e-15,     -37597.65952,      37597.65952
           0.747,             7121,            0.063,               45,              360,                0,    0.05111612018,     -27.98767321,      6672.374502,      4.209211823,      4.209211823,  -0.006688013788,      5.634820311,      5.634820311,   -0.00895316507,               -0,               -0, -2.773391651e-15,     -37597.65952,      37597.65952
           0.748,             7121,            0.063,               45,              360,                0,    0.05118454871,     -27.98767321,      6672.374495,      4.214846643,      4.214846643,   -0.00669696695,      5.634820305,      5.634820305,  -0.008953165068,               -0,               -0, -2.445838413e-15,     -37597.65952,      37597.65952
           0.749,             7121,            0.063,               45,              360,                0,    0.05125297724,     -27.98767321,      6672.374489,      4.220481464,      4.220481464,  -0.006705920112,        5.6348203,        5.6348203,  -0.008953165067,               -0,               -0, -2.462345772e-15,     -37597.65952,      37597.65952
            0.75,             7121,            0.063,               45,              360,                0,     0.0513214058,     -27.98767321,      6672.374482,      4.226116284,      4.226116284,  -0.006714873273,      5.634820294,      5.634820294,  -0.008953165065,               -0,               -0, -3.698773062e-15,     -37597.65952,      37597.65952
           0.751,             7121,            0.063,               45,              360,                0,    0.05138983434,     -27.98767321,      6672.374475,      4.231751104,      4.231751104,  -0.006723826435,      5.634820288,      5.634820288,  -0.008953165063,               -0,               -0, -3.478265523e-15,     -37597.65952,      37597.65952
           0.752,             7121,            0.063,               45,              360,                0,    0.05145826287,     -27.98767321,      6672.374468,      4.237385924,      4.237385924,  -0.006732779597,      5.634820283,      5.634820283,  -0.008953165062,               -0,               -0, -5.369864789e-15,     -37597.65952,      37597.65952
           0.753,             7121,            0.063,               45,              360,                0,    0.05152669142,     -27.98767321,      6672.374462,      4.243020745,      4.243020745,  -0.006741732758,      5.634820277,      5.634820277,   -0.00895316506,               -0,               -0, -5.445534744e-15,     -37597.65952,      37597.65952
           0.754,             7121,            0.063,               45,              360,                0,    0.05159511996,     -27.98767321,      6672.374455,      4.248655565,      4.248655565,   -0.00675068592,      5.634820271,      5.634820271,  -0.008953165058,               -0,               -0,  -2.48043144e-15,     -37597.65952,      37597.65952
           0.755,             7121,            0.063,               45,              360,                0,     0.0516635485,     -27.98767321,      6672.374448,      4.254290385,      4.254290385,  -0.006759639082,      5.634820266,      5.634820266,  -0.008953165056,               -0,               -0, -2.355137846e-15,     -37597.65952,      37597.65952
           0.756,             7121,            0.063,               45,              360,                0,    0.05173197702,     -27.98767321,      6672.374441,      4.259925205,      4.259925205,  -0.006768592243,       5.63482026,       5.63482026,  -0.008953165055,               -0,               -0, -2.392797058e-15,     -37597.65952,      37597.65952
           0.757,             7121,            0.063,               45,              360,                0,    0.05180040557,     -27.98767321,      6672.374435,      4.265560026,      4.265560026,  -0.006777545405,      5.634820254,      5.634820254,  -0.008953165053,               -0,               -0, -4.921277499e-15,     -37597.65952,      37597.65952
           0.758,             7121,            0.063,               45,              360,                0,    0.05186883412,     -27.98767321,      6672.374428,      4.271194846,      4.271194846,  -0.006786498566,      5.634820248,      5.634820248,  -0.008953165051,               -0,               -0, -3.711007727e-15,     -37597.65952,      37597.65952
           0.759,             7121,            0.063,               45,              360,                0,    0.05193726264,     -27.98767321,      6672.374421,      4.276829666,      4.276829666,  -0.006795451728,      5.634820243,      5.634820243,   -0.00895316505,               -0,               -0, -4.642568974e-15,     -37597.65952,      37597.65952
            0.76,             7121,            0.063,               45,              360,                0,    0.05200569118,     -27.98767321,      6672.374414,      4.282464486,      4.282464486,   -0.00680440489,      5.634820237,      5.634820237,  -0.008953165048,               -0,               -0, -4.788223757e-15,     -37597.65952,      37597.65952
           0.761,             7121,            0.063,               45,              360,                0,    0.05207411972,     -27.98767321,      6672.374408,      4.288099307,      4.288099307,  -0.006813358051,      5.634820231,      5.634820231,  -0.008953165046,               -0,               -0, -3.163994487e-15,     -37597.65952,      37597.65952
           0.762,             7121,            0.063,               45,              360,                0,    0.05214254826,     -27.98767321,      6672.374401,      4.293734127,      4.293734127,  -0.006822311213,      5.634820226,      5.634820226,  -0.008953165044,               -0,               -0, -4.198449037e-15,     -37597.65952,      37597.65952
           0.763,             7121,            0.063,               45,              360,                0,     0.0522109768,     -27.98767321,      6672.374394,      4.299368947,      4.299368947,  -0.006831264374,       5.63482022,       5.63482022,  -0.008953165043,               -0,               -0, -3.114025857e-15,     -37597.65952,      37597.65952
           0.764,             7121,            0.063,               45,              360,                0,    0.05227940534,     -27.98767321,      6672.374387,      4.305003767,      4.305003767,  -0.006840217536,      5.634820214,      5.634820214,  -0.008953165041,               -0,               -0, -2.238590308e-15,     -37597.65952,      37597.65952
           0.765,             7121,            0.063,               45,              360,                0,    0.05234783387,     -27.98767321,       6672.37438,      4.310638588,      4.310638588,  -0.006849170697,      5.634820208,      5.634820208,  -0.008953165039,               -0,               -0, -4.548696927e-15,     -37597.65952,      37597.65952
           0.766,             7121,            0.063,               45,              360,              360,    0.05241626241,     -27.98767321,      6672.374373,      4.316273408,      4.316273408,  -0.006858123859,      5.634820202,      5.634820202,  -0.008953165037,               -0,               -0, -3.166081201e-15,     -37597.65952,      37597.65952
           0.767,             7121,            0.063,               45,              360,                0,    0.05248469096,     -27.98767321,      6672.374366,      4.321908228,      4.321908228,   -0.00686707702,      5.634820197,      5.634820197,  -0.008953165036,               -0,               -0, -2.233396887e-15,     -37597.65952,      37597.65952
           0.768,             7121,            0.063,               45,              360,                0,     0.0525531195,     -27.98767321,       6672.37436,      4.327543048,      4.327543048,  -0.006876030182,      5.634820191,      5.634820191,  -0.008953165034,               -0,               -0, -2.902398065e-15,     -37597.65952,      37597.65952
           0.769,             7121,            0.063,               45,              360,                0,    0.05262154802,     -27.98767321,      6672.374353,      4.333177868,      4.333177868,  -0.006884983343,      5.634820185,      5.634820185,  -0.008953165032,               -0,               -0, -3.948234228e-15,     -37597.65952,      37597.65952
            0.77,             7121,            0.063,               45,              360,                0,    0.05268997657,     -27.98767321,      6672.374346,      4.338812689,      4.338812689,  -0.006893936505,      5.634820179,      5.634820179,   -0.00895316503,               -0,               -0, -2.694042416e-15,     -37597.65952,      37597.65952
           0.771,             7121,            0.063,               45,              360,                0,    0.05275840511,     -27.98767321,      6672.374339,      4.344447509,      4.344447509,  -0.006902889666,      5.634820173,      5.634820173,  -0.008953165029,               -0,               -0, -5.020398596e-15,     -37597.65952,      37597.65952
           0.772,             7121,            0.063,               45,              360,                0,    0.05282683364,     -27.98767321,      6672.374332,      4.350082329,      4.350082329,  -0.006911842828,      5.634820168,      5.634820168,  -0.008953165027,               -0,               -0, -2.597023569e-15,     -37597.65952,      37597.65952
           0.773,             7121,            0.063,               45,              360,                0,    0.05289526218,     -27.98767321,      6672.374325,      4.355717149,      4.355717149,  -0.006920795989,      5.634820162,      5.634820162,  -0.008953165025,               -0,               -0, -3.405194094e-15,     -37597.65952,      37597.65952
           0.774,             7121,            0.063,               45,              360,                0,    0.05296369072,     -27.98767321,      6672.374318,      4.361351969,      4.361351969,  -0.006929749151,      5.634820156,      5.634820156,  -0.008953165023,               -0,               -0, -4.447100437e-15,     -37597.65952,      37597.65952
           0.775,             7121,            0.063,               45,              360,                0,    0.05303211927,     -27.98767321,      6672.374311,      4.366986789,      4.366986789,  -0.006938702312,       5.63482015,       5.63482015,  -0.008953165022,               -0,               -0, -4.808825006e-15,     -37597.65952,      37597.65952
           0.776,             7121,            0.063,               45,              360,                0,    0.05310054781,     -27.98767321,      6672.374304,       4.37262161,       4.37262161,  -0.006947655474,      5.634820144,      5.634820144,   -0.00895316502,               -0,               -0,  -5.36621589e-15,     -37597.65952,      37597.65952
           0.777,             7121,            0.063,               45,              360,                0,    0.05316897634,     -27.98767321,      6672.374297,       4.37825643,       4.37825643,  -0.006956608635,      5.634820138,      5.634820138,  -0.008953165018,               -0,               -0, -4.894419034e-15,     -37597.65952,      37597.65952
           0.778,             7121,            0.063,               45,              360,                0,    0.05323740488,     -27.98767321,       6672.37429,       4.38389125,       4.38389125,  -0.006965561796,      5.634820132,      5.634820132,  -0.008953165016,               -0,               -0, -2.168579931e-15,     -37597.65952,      37597.65952
           0.779,             7121,            0.063,               45,              360,                0,    0.05330583342,     -27.98767321,      6672.374283,       4.38952607,       4.38952607,  -0.006974514958,      5.634820126,      5.634820126,  -0.008953165015,               -0,               -0, -5.169972698e-15,     -37597.65952,      37597.65952
            0.78,             7121,            0.063,               45,              360,                0,    0.05337426196,     -27.98767321,      6672.374276,       4.39516089,       4.39516089,  -0.006983468119,      5.634820121,      5.634820121,  -0.008953165013,               -0,               -0, -4.116302625e-15,     -37597.65952,      37597.65952
           0.781,             7121,            0.063,               45,              360,                0,     0.0534426905,     -27.98767321,      6672.374269,       4.40079571,       4.40079571,   -0.00699242128,      5.634820115,      5.634820115,  -0.008953165011,               -0,               -0, -2.787439495e-15,     -37597.65952,      37597.65952
           0.782,             7121,            0.063,               45,              360,                0,    0.05351111903,     -27.98767321,      6672.374262,       4.40643053,       4.40643053,  -0.007001374442,      5.634820109,      5.634820109,  -0.008953165009,               -0,               -0, -3.798947644e-15,     -37597.65952,      37597.65952
           0.783,             7121,            0.063,               45,              360,                0,    0.05357954757,     -27.98767321,      6672.374255,       4.41206535,       4.41206535,  -0.007010327603,      5.634820103,      5.634820103,  -0.008953165008,               -0,               -0,  -2.72423003e-15,     -37597.65952,      37597.65952
           0.784,             7121,            0.063,               45,              360,                0,    0.05364797612,     -27.98767321,      6672.374248,      4.417700171,      4.417700171,  -0.007019280764,      5.634820097,      5.634820097,  -0.008953165006,               -0,               -0, -5.443856814e-15,     -37597.65952,      37597.65952
           0.785,             7121,            0.063,               45,              360,                0,    0.05371640464,     -27.98767321,      6672.374241,      4.423334991,      4.423334991,  -0.007028233926,      5.634820091,      5.634820091,  -0.008953165004,               -0,               -0, -2.175531061e-15,     -37597.65952,      37597.65952
           0.786,             7121,            0.063,               45,              360,                0,    0.05378483318,     -27.98767321,      6672.374234,      4.428969811,      4.428969811,  -0.007037187087,      5.634820085,      5.634820085,  -0.008953165002,               -0,               -0, -4.453237468e-15,     -37597.65952,      37597.65952
           0.787,             7121,            0.063,               45,              360,                0,    0.05385326173,     -27.98767321,      6672.374227,      4.434604631,      4.434604631,  -0.007046140248,      5.634820079,      5.634820079,     -0.008953165,               -0,               -0, -5.398702055e-15,     -37597.65952,      37597.65952
           0.788,             7121,            0.063,               45,              360,                0,    0.05392169027,     -27.98767321,       6672.37422,      4.440239451,      4.440239451,   -0.00705509341,      5.634820073,      5.634820073,  -0.008953164999,               -0,               -0, -4.435755664e-15,     -37597.65952,      37597.65952
           0.789,             7121,            0.063,               45,              360,                0,    0.05399011881,     -27.98767321,      6672.374213,      4.445874271,      4.445874271,  -0.007064046571,      5.634820067,      5.634820067,  -0.008953164997,               -0,               -0, -3.496236628e-15,     -37597.65952,      37597.65952
            0.79,             7121,            0.063,               45,              360,                0,    0.05405854735,     -27.98767321,      6672.374206,      4.451509091,      4.451509091,  -0.007072999732,      5.634820061,      5.634820061,  -0.008953164995,               -0,               -0, -5.294005173e-15,     -37597.65952,      37597.65952
           0.791,             7121,            0.063,               45,              360,                0,    0.05412697588,     -27.98767321,      6672.374199,      4.457143911,      4.457143911,  -0.007081952893,      5.634820055,      5.634820055,  -0.008953164993,               -0,               -0, -3.599475363e-15,     -37597.65952,      37597.65952
           0.792,             7121,            0.063,               45,              360,                0,    0.05419540443,     -27.98767321,      6672.374192,      4.462778731,      4.462778731,  -0.007090906055,      5.634820049,      5.634820049,  -0.008953164991,               -0,               -0, -4.293213742e-15,     -37597.65952,      37597.65952
           0.793,             7121,            0.063,               45,              360,                0,    0.05426383296,     -27.98767321,      6672.374185,      4.468413551,      4.468413551,  -0.007099859216,      5.634820043,      5.634820043,   -0.00895316499,               -0,               -0, -4.698347154e-15,     -37597.65952,      37597.65952
           0.794,             7121,            0.063,               45,              360,                0,     0.0543322615,     -27.98767321,      6672.374178,      4.474048371,      4.474048371,  -0.007108812377,      5.634820037,      5.634820037,  -0.008953164988,               -0,               -0, -3.590013877e-15,     -37597.65952,      37597.65952
           0.795,             7121,            0.063,               45,              360,                0,    0.05440069003,     -27.98767321,      6672.374171,      4.479683191,      4.479683191,  -0.007117765538,      5.634820031,      5.634820031,  -0.008953164986,               -0,               -0, -5.396767211e-15,     -37597.65952,      37597.65952
           0.796,             7121,            0.063,               45,              360,                0,    0.05446911858,     -27.98767321,      6672.374164,      4.485318011,      4.485318011,  -0.007126718699,      5.634820025,      5.634820025,  -0.008953164984,               -0,               -0, -5.341030844e-15,     -37597.65952,      37597.65952
           0.797,             7121,            0.063,               45,              360,                0,    0.05453754711,     -27.98767321,      6672.374156,      4.490952831,      4.490952831,  -0.007135671861,      5.634820019,      5.634820019,  -0.008953164982,               -0,               -0, -3.862589786e-15,     -37597.65952,      37597.65952
           0.798,             7121,            0.063,               45,              360,                0,    0.05460597565,     -27.98767321,      6672.374149,      4.496587651,      4.496587651,  -0.007144625022,      5.634820013,      5.634820013,  -0.008953164981,               -0,               -0, -3.715338424e-15,     -37597.65952,      37597.65952
           0.799,             7121,            0.063,               45,              360,                0,    0.05467440418,     -27.98767321,      6672.374142,      4.502222471,      4.502222471,  -0.007153578183,      5.634820007,      5.634820007,  -0.008953164979,               -0,               -0, -5.775114575e-15,     -37597.65952,      37597.65952
             0.8,             7121,            0.063,               45,              360,                0,    0.05474283272,     -27.98767321,      6672.374135,      4.507857291,      4.507857291,  -0.007162531344,      5.634820001,      5.634820001,  -0.008953164977,               -0,               -0, -5.264340093e-15,     -37597.65952,      37597.65952
           0.801,             7121,            0.063,               45,              360,                0,    0.05481126127,     -27.98767321,      6672.374128,      4.513492111,      4.513492111,  -0.007171484505,      5.634819995,      5.634819995,  -0.008953164975,               -0,               -0, -3.058851887e-15,     -37597.65952,      37597.65952
           0.802,             7121,            0.063,               45,              360,                0,    0.05487968979,     -27.98767321,      6672.374121,      4.519126931,      4.519126931,  -0.007180437666,      5.634819989,      5.634819989,  -0.008953164973,               -0,               -0, -5.039211931e-15,     -37597.65952,      37597.65952
           0.803,             7121,            0.063,               45,              360,                0,    0.05494811835,     -27.98767321,      6672.374113,      4.524761751,      4.524761751,  -0.007189390827,      5.634819983,      5.634819983,  -0.008953164972,               -0,               -0, -4.975828864e-15,     -37597.65952,      37597.65952
           0.804,             7121,            0.063,               45,              360,                0,    0.05501654688,     -27.98767321,      6672.374106,      4.530396571,      4.530396571,  -0.007198343988,      5.634819977,      5.634819977,   -0.00895316497,               -0,               -0, -4.725463272e-15,     -37597.65952,      37597.65952
           0.805,             7121,            0.063,               45,              360,                0,    0.05508497543,     -27.98767321,      6672.374099,      4.536031391,      4.536031391,  -0.007207297149,      5.634819971,      5.634819971,  -0.008953164968,               -0,               -0, -5.625027578e-15,     -37597.65952,      37597.65952
           0.806,             7121,            0.063,               45,              360,                0,    0.05515340396,     -27.98767321,      6672.374092,      4.541666211,      4.541666211,  -0.007216250311,      5.634819965,      5.634819965,  -0.008953164966,               -0,               -0, -2.896940876e-15,     -37597.65952,      37597.65952
           0.807,             7121,            0.063,               45,              360,                0,    0.05522183249,     -27.98767321,      6672.374085,      4.547301031,      4.547301031,  -0.007225203472,      5.634819959,      5.634819959,  -0.008953164964,               -0,               -0, -2.421762824e-15,     -37597.65952,      37597.65952
           0.808,             7121,            0.063,               45,              360,                0,    0.05529026103,     -27.98767321,      6672.374077,      4.552935851,      4.552935851,  -0.007234156633,      5.634819952,      5.634819952,  -0.008953164962,               -0,               -0, -3.623315327e-15,     -37597.65952,      37597.65952
           0.809,             7121,            0.063,               45,              360,                0,    0.05535868958,     -27.98767321,       6672.37407,      4.558570671,      4.558570671,  -0.007243109794,      5.634819946,      5.634819946,  -0.008953164961,               -0,               -0, -3.176027892e-15,     -37597.65952,      37597.65952
            0.81,             7121,            0.063,               45,              360,                0,    0.05542711811,     -27.98767321,      6672.374063,      4.564205491,      4.564205491,  -0.007252062955,       5.63481994,       5.63481994,  -0.008953164959,               -0,               -0, -5.508446987e-15,     -37597.65952,      37597.65952
           0.811,             7121,            0.063,               45,              360,                0,    0.05549554665,     -27.98767321,      6672.374056,      4.569840311,      4.569840311,  -0.007261016116,      5.634819934,      5.634819934,  -0.008953164957,               -0,               -0, -4.390977593e-15,     -37597.65952,      37597.65952
           0.812,             7121,            0.063,               45,              360,                0,    0.05556397518,     -27.98767321,      6672.374048,      4.575475131,      4.575475131,  -0.007269969277,      5.634819928,      5.634819928,  -0.008953164955,               -0,               -0, -5.193052461e-15,     -37597.65952,      37597.65952
           0.813,             7121,            0.063,               45,              360,                0,    0.05563240373,     -27.98767321,      6672.374041,      4.581109951,      4.581109951,  -0.007278922438,      5.634819922,      5.634819922,  -0.008953164953,               -0,               -0, -3.638202568e-15,     -37597.65952,      37597.65952
           0.814,             7121,            0.063,               45,              360,                0,    0.05570083226,     -27.98767321,      6672.374034,      4.586744771,      4.586744771,  -0.007287875599,      5.634819916,      5.634819916,  -0.008953164951,               -0,               -0, -2.702960771e-15,     -37597.65952,      37597.65952
           0.815,             7121,            0.063,               45,              360,                0,     0.0557692608,     -27.98767321,      6672.374027,      4.592379591,      4.592379591,   -0.00729682876,       5.63481991,       5.63481991,   -0.00895316495,               -0,               -0, -2.614467429e-15,     -37597.65952,      37597.65952
           0.816,             7121,            0.063,               45,              360,                0,    0.05583768935,     -27.98767321,      6672.374019,      4.598014411,      4.598014411,  -0.007305781921,      5.634819903,      5.634819903,  -0.008953164948,               -0,               -0, -4.248552566e-15,     -37597.65952,      37597.65952
           0.817,             7121,            0.063,               45,              360,                0,    0.05590611788,     -27.98767321,      6672.374012,       4.60364923,       4.60364923,  -0.007314735082,      5.634819897,      5.634819897,  -0.008953164946,               -0,               -0, -4.928332072e-15,     -37597.65952,      37597.65952
           0.818,             7121,            0.063,               45,              360,                0,    0.05597454642,     -27.98767321,      6672.374005,       4.60928405,       4.60928405,  -0.007323688242,      5.634819891,      5.634819891,  -0.008953164944,               -0,               -0, -3.428933128e-15,     -37597.65952,      37597.65952
           0.819,             7121,            0.063,               45,              360,                0,    0.05604297495,     -27.98767321,      6672.373997,       4.61491887,       4.61491887,  -0.007332641403,      5.634819885,      5.634819885,  -0.008953164942,               -0,               -0, -5.084752127e-15,     -37597.65952,      37597.65952
            0.82,             7121,            0.063,               45,              360,                0,     0.0561114035,     -27.98767321,       6672.37399,       4.62055369,       4.62055369,  -0.007341594564,      5.634819879,      5.634819879,   -0.00895316494,               -0,               -0,   -4.2023381e-15,     -37597.65952,      37597.65952
           0.821,             7121,            0.063,               45,              360,                0,    0.05617983203,     -27.98767321,      6672.373983,       4.62618851,       4.62618851,  -0.007350547725,      5.634819872,      5.634819872,  -0.008953164938,               -0,               -0, -3.109530488e-15,     -37597.65952,      37597.65952
           0.822,             7121,            0.063,               45,              360,                0,    0.05624826057,     -27.98767321,      6672.373975,       4.63182333,       4.63182333,  -0.007359500886,      5.634819866,      5.634819866,  -0.008953164937,               -0,               -0, -2.682156529e-15,     -37597.65952,      37597.65952
           0.823,             7121,            0.063,               45,              360,                0,    0.05631668912,     -27.98767321,      6672.373968,       4.63745815,       4.63745815,  -0.007368454047,       5.63481986,       5.63481986,  -0.008953164935,               -0,               -0, -3.796043003e-15,     -37597.65952,      37597.65952
           0.824,             7121,            0.063,               45,              360,                0,    0.05638511766,     -27.98767321,      6672.373961,       4.64309297,       4.64309297,  -0.007377407208,      5.634819854,      5.634819854,  -0.008953164933,               -0,               -0, -5.226314266e-15,     -37597.65952,      37597.65952
           0.825,             7121,            0.063,               45,              360,                0,    0.05645354619,     -27.98767321,      6672.373953,      4.648727789,      4.648727789,  -0.007386360369,      5.634819848,      5.634819848,  -0.008953164931,               -0,               -0, -5.748094194e-15,     -37597.65952,      37597.65952
           0.826,             7121,            0.063,               45,              360,                0,    0.05652197473,     -27.98767321,      6672.373946,      4.654362609,      4.654362609,   -0.00739531353,      5.634819841,      5.634819841,  -0.008953164929,               -0,               -0, -2.684494477e-15,     -37597.65952,      37597.65952
           0.827,             7121,            0.063,               45,              360,                0,    0.05659040326,     -27.98767321,      6672.373938,      4.659997429,      4.659997429,   -0.00740426669,      5.634819835,      5.634819835,  -0.008953164927,               -0,               -0, -4.882583604e-15,     -37597.65952,      37597.65952
           0.828,             7121,            0.063,               45,              360,                0,     0.0566588318,     -27.98767321,      6672.373931,      4.665632249,      4.665632249,  -0.007413219851,      5.634819829,      5.634819829,  -0.008953164925,               -0,               -0, -3.136230995e-15,     -37597.65952,      37597.65952
           0.829,             7121,            0.063,               45,              360,                0,    0.05672726033,     -27.98767321,      6672.373924,      4.671267069,      4.671267069,  -0.007422173012,      5.634819823,      5.634819823,  -0.008953164923,               -0,               -0, -5.426687975e-15,     -37597.65952,      37597.65952
            0.83,             7121,            0.063,               45,              360,                0,    0.05679568888,     -27.98767321,      6672.373916,      4.676901889,      4.676901889,  -0.007431126173,      5.634819816,      5.634819816,  -0.008953164921,               -0,               -0, -4.875660379e-15,     -37597.65952,      37597.65952
           0.831,             7121,            0.063,               45,              360,                0,    0.05686411741,     -27.98767321,      6672.373909,      4.682536708,      4.682536708,  -0.007440079334,       5.63481981,       5.63481981,   -0.00895316492,               -0,               -0, -4.459673222e-15,     -37597.65952,      37597.65952
           0.832,             7121,            0.063,               45,              360,                0,    0.05693254596,     -27.98767321,      6672.373901,      4.688171528,      4.688171528,  -0.007449032494,      5.634819804,      5.634819804,  -0.008953164918,               -0,               -0,  -4.40585873e-15,     -37597.65952,      37597.65952
           0.833,             7121,            0.063,               45,              360,                0,    0.05700097448,     -27.98767321,      6672.373894,      4.693806348,      4.693806348,  -0.007457985655,      5.634819797,      5.634819797,  -0.008953164916,               -0,               -0, -4.138027309e-15,     -37597.65952,      37597.65952
           0.834,             7121,            0.063,               45,              360,                0,    0.05706940303,     -27.98767321,      6672.373886,      4.699441168,      4.699441168,  -0.007466938816,      5.634819791,      5.634819791,  -0.008953164914,               -0,               -0, -5.362783685e-15,     -37597.65952,      37597.65952
           0.835,             7121,            0.063,               45,              360,                0,    0.05713783157,     -27.98767321,      6672.373879,      4.705075988,      4.705075988,  -0.007475891977,      5.634819785,      5.634819785,  -0.008953164912,               -0,               -0, -3.913752396e-15,     -37597.65952,      37597.65952
           0.836,             7121,            0.063,               45,              360,                0,     0.0572062601,     -27.98767321,      6672.373871,      4.710710807,      4.710710807,  -0.007484845137,      5.634819778,      5.634819778,   -0.00895316491,               -0,               -0, -4.219467777e-15,     -37597.65952,      37597.65952
           0.837,             7121,            0.063,               45,              360,                0,    0.05727468864,     -27.98767321,      6672.373864,      4.716345627,      4.716345627,  -0.007493798298,      5.634819772,      5.634819772,  -0.008953164908,               -0,               -0, -5.055047982e-15,     -37597.65952,      37597.65952
           0.838,             7121,            0.063,               45,              360,                0,    0.05734311718,     -27.98767321,      6672.373856,      4.721980447,      4.721980447,  -0.007502751459,      5.634819766,      5.634819766,  -0.008953164906,               -0,               -0, -3.743599043e-15,     -37597.65952,      37597.65952
           0.839,             7121,            0.063,               45,              360,                0,    0.05741154571,     -27.98767321,      6672.373849,      4.727615267,      4.727615267,  -0.007511704619,      5.634819759,      5.634819759,  -0.008953164904,               -0,               -0,  -2.61295183e-15,     -37597.65952,      37597.65952
            0.84,             7121,            0.063,               45,              360,                0,    0.05747997425,     -27.98767321,      6672.373841,      4.733250086,      4.733250086,   -0.00752065778,      5.634819753,      5.634819753,  -0.008953164903,               -0,               -0, -3.990936726e-15,     -37597.65952,      37597.65952
           0.841,             7121,            0.063,               45,              360,                0,    0.05754840279,     -27.98767321,      6672.373834,      4.738884906,      4.738884906,  -0.007529610941,      5.634819747,      5.634819747,  -0.008953164901,               -0,               -0, -3.092385077e-15,     -37597.65952,      37597.65952
           0.842,             7121,            0.063,               45,              360,                0,    0.05761683134,     -27.98767321,      6672.373826,      4.744519726,      4.744519726,  -0.007538564101,       5.63481974,       5.63481974,  -0.008953164899,               -0,               -0, -4.343390107e-15,     -37597.65952,      37597.65952
           0.843,             7121,            0.063,               45,              360,                0,    0.05768525986,     -27.98767321,      6672.373819,      4.750154546,      4.750154546,  -0.007547517262,      5.634819734,      5.634819734,  -0.008953164897,               -0,               -0, -6.233016894e-17,     -37597.65952,      37597.65952
           0.844,             7121,            0.063,               45,                0,                0,     0.0577536884,     -27.98767321,      6672.373811,      4.755789365,      4.755789365,  -0.007556470423,      5.634819728,      5.634819728,  -0.008953164895,               -0,               -0,   2.41824099e-15,     -37597.65952,      37597.65952
           0.845,             7121,            0.063,               45,                0,                0,    0.05782211695,     -27.98767321,      6672.373804,      4.761424185,      4.761424185,  -0.007565423583,      5.634819721,      5.634819721,  -0.008953164893,               -0,               -0,  2.222507009e-15,     -37597.65952,      37597.65952
           0.846,             7121,            0.063,               45,                0,                0,    0.05789054549,     -27.98767321,      6672.373796,      4.767059005,      4.767059005,  -0.007574376744,      5.634819715,      5.634819715,  -0.008953164891,               -0,               -0,  2.027365677e-15,     -37597.65952,      37597.65952
           0.847,             7121,            0.063,               45,              360,                0,    0.05795897402,     -27.98767321,      6672.373788,      4.772693825,      4.772693825,  -0.007583329904,      5.634819708,      5.634819708,  -0.008953164889,               -0,               -0, -4.950100078e-16,     -37597.65952,      37597.65952
           0.848,             7121,            0.063,               45,                0,                0,    0.05802740257,     -27.98767321,      6672.373781,      4.778328644,      4.778328644,  -0.007592283065,      5.634819702,      5.634819702,  -0.008953164887,               -0,               -0,  8.849923823e-16,     -37597.65952,      37597.65952
           0.849,             7121,            0.063,               45,                0,                0,     0.0580958311,     -27.98767321,      6672.373773,      4.783963464,      4.783963464,  -0.007601236225,      5.634819696,      5.634819696,  -0.008953164885,               -0,               -0,  9.831325689e-16,     -37597.65952,      37597.65952
            0.85,             7121,            0.063,               45,                0,                0,    0.05816425963,     -27.98767321,      6672.373766,      4.789598284,      4.789598284,  -0.007610189386,      5.634819689,      5.634819689,  -0.008953164883,               -0,               -0,  3.380087165e-16,     -37597.65952,      37597.65952
           0.851,             7121,            0.063,               45,                0,                0,    0.05823268818,     -27.98767321,      6672.373758,      4.795233103,      4.795233103,  -0.007619142547,      5.634819683,      5.634819683,  -0.008953164881,               -0,               -0,  1.626521028e-15,     -37597.65952,      37597.65952
           0.852,             7121,            0.063,               45,                0,                0,    0.05830111671,     -27.98767321,       6672.37375,      4.800867923,      4.800867923,  -0.007628095707,      5.634819676,      5.634819676,  -0.008953164879,               -0,               -0,  4.201428247e-16,     -37597.65952,      37597.65952
           0.853,             7121,            0.063,               45,                0,                0,    0.05836954526,     -27.98767321,      6672.373743,      4.806502743,      4.806502743,  -0.007637048868,       5.63481967,       5.63481967,  -0.008953164878,               -0,               -0,  1.496477385e-15,     -37597.65952,      37597.65952
           0.854,             7121,            0.063,               45,              360,                0,     0.0584379738,     -27.98767321,      6672.373735,      4.812137562,      4.812137562,  -0.007646002028,      5.634819663,      5.634819663,  -0.008953164876,               -0,               -0, -1.025012548e-15,     -37597.65952,      37597.65952
           0.855,             7121,            0.063,               45,              360,                0,    0.05850640233,     -27.98767321,      6672.373728,      4.817772382,      4.817772382,  -0.007654955189,      5.634819657,      5.634819657,  -0.008953164874,               -0,               -0, -9.147111577e-16,     -37597.65952,      37597.65952
           0.856,             7121,            0.063,               45,                0,                0,    0.05857483086,     -27.98767321,       6672.37372,      4.823407202,      4.823407202,  -0.007663908349,      5.634819651,      5.634819651,  -0.008953164872,               -0,               -0,  1.682902998e-15,     -37597.65952,      37597.65952
           0.857,             7121,            0.063,               45,                0,                0,     0.0586432594,     -27.98767321,      6672.373712,      4.829042021,      4.829042021,   -0.00767286151,      5.634819644,      5.634819644,   -0.00895316487,               -0,               -0,  1.659710686e-16,     -37597.65952,      37597.65952
           0.858,             7121,            0.063,               45,              360,                0,    0.05871168794,     -27.98767321,      6672.373705,      4.834676841,      4.834676841,   -0.00768181467,      5.634819638,      5.634819638,  -0.008953164868,               -0,               -0, -6.879012034e-16,     -37597.65952,      37597.65952
           0.859,             7121,            0.063,               45,                0,                0,    0.05878011647,     -27.98767321,      6672.373697,      4.840311661,      4.840311661,   -0.00769076783,      5.634819631,      5.634819631,  -0.008953164866,               -0,               -0,  1.798190264e-15,     -37597.65952,      37597.65952
            0.86,             7121,            0.063,               45,              360,                0,    0.05884854502,     -27.98767321,      6672.373689,       4.84594648,       4.84594648,  -0.007699720991,      5.634819625,      5.634819625,  -0.008953164864,               -0,               -0, -3.569910067e-16,     -37597.65952,      37597.65952
           0.861,             7121,            0.063,               45,                0,                0,    0.05891697356,     -27.98767321,      6672.373681,        4.8515813,        4.8515813,  -0.007708674151,      5.634819618,      5.634819618,  -0.008953164862,               -0,               -0,  1.176875878e-15,     -37597.65952,      37597.65952
           0.862,             7121,            0.063,               45,                0,                0,    0.05898540209,     -27.98767321,      6672.373674,      4.857216119,      4.857216119,  -0.007717627312,      5.634819612,      5.634819612,   -0.00895316486,               -0,               -0,  5.192575973e-16,     -37597.65952,      37597.65952
           0.863,             7121,            0.063,               45,                0,                0,    0.05905383063,     -27.98767321,      6672.373666,      4.862850939,      4.862850939,  -0.007726580472,      5.634819605,      5.634819605,  -0.008953164858,               -0,               -0,  3.470601856e-16,     -37597.65952,      37597.65952
           0.864,             7121,            0.063,               45,              360,                0,    0.05912225916,     -27.98767321,      6672.373658,      4.868485759,      4.868485759,  -0.007735533632,      5.634819599,      5.634819599,  -0.008953164856,               -0,               -0, -8.961646997e-16,     -37597.65952,      37597.65952
           0.865,             7121,            0.063,               45,                0,                0,    0.05919068771,     -27.98767321,      6672.373651,      4.874120578,      4.874120578,  -0.007744486793,      5.634819592,      5.634819592,  -0.008953164854,               -0,               -0,  2.257842776e-15,     -37597.65952,      37597.65952
           0.866,             7121,            0.063,               45,                0,                0,    0.05925911624,     -27.98767321,      6672.373643,      4.879755398,      4.879755398,  -0.007753439953,      5.634819585,      5.634819585,  -0.008953164852,               -0,               -0,  1.827849072e-15,     -37597.65952,      37597.65952
           0.867,             7121,            0.063,               45,              360,                0,    0.05932754479,     -27.98767321,      6672.373635,      4.885390217,      4.885390217,  -0.007762393113,      5.634819579,      5.634819579,   -0.00895316485,               -0,               -0, -9.612493025e-16,     -37597.65952,      37597.65952
           0.868,             7121,            0.063,               45,                0,                0,    0.05939597332,     -27.98767321,      6672.373627,      4.891025037,      4.891025037,  -0.007771346274,      5.634819572,      5.634819572,  -0.008953164848,               -0,               -0,  2.220872024e-15,     -37597.65952,      37597.65952
           0.869,             7121,            0.063,               45,              360,                0,    0.05946440185,     -27.98767321,      6672.373619,      4.896659857,      4.896659857,  -0.007780299434,      5.634819566,      5.634819566,  -0.008953164846,               -0,               -0,  -1.59732682e-16,     -37597.65952,      37597.65952
            0.87,             7121,            0.063,               45,                0,                0,     0.0595328304,     -27.98767321,      6672.373612,      4.902294676,      4.902294676,  -0.007789252594,      5.634819559,      5.634819559,  -0.008953164844,               -0,               -0,  2.272619479e-16,     -37597.65952,      37597.65952
           0.871,             7121,            0.063,               45,              360,                0,    0.05960125893,     -27.98767321,      6672.373604,      4.907929496,      4.907929496,  -0.007798205755,      5.634819553,      5.634819553,  -0.008953164842,               -0,               -0, -2.402580917e-16,     -37597.65952,      37597.65952
           0.872,             7121,            0.063,               45,              360,                0,    0.05966968746,     -27.98767321,      6672.373596,      4.913564315,      4.913564315,  -0.007807158915,      5.634819546,      5.634819546,   -0.00895316484,               -0,               -0, -1.133787724e-15,     -37597.65952,      37597.65952
           0.873,             7121,            0.063,               45,                0,                0,      0.059738116,     -27.98767321,      6672.373588,      4.919199135,      4.919199135,  -0.007816112075,      5.634819539,      5.634819539,  -0.008953164838,               -0,               -0,  2.235840069e-16,     -37597.65952,      37597.65952
           0.874,             7121,            0.063,               45,                0,                0,    0.05980654456,     -27.98767321,       6672.37358,      4.924833954,      4.924833954,  -0.007825065236,      5.634819533,      5.634819533,  -0.008953164836,               -0,               -0,  1.504043435e-15,     -37597.65952,      37597.65952
           0.875,             7121,            0.063,               45,                0,                0,    0.05987497309,     -27.98767321,      6672.373573,      4.930468774,      4.930468774,  -0.007834018396,      5.634819526,      5.634819526,  -0.008953164834,               -0,               -0,  1.831788829e-15,     -37597.65952,      37597.65952
           0.876,             7121,            0.063,               45,              360,                0,    0.05994340162,     -27.98767321,      6672.373565,      4.936103593,      4.936103593,  -0.007842971556,       5.63481952,       5.63481952,  -0.008953164832,               -0,               -0, -1.120992473e-15,     -37597.65952,      37597.65952
           0.877,             7121,            0.063,               45,              360,                0,    0.06001183017,     -27.98767321,      6672.373557,      4.941738413,      4.941738413,  -0.007851924716,      5.634819513,      5.634819513,   -0.00895316483,               -0,               -0, -1.124673852e-15,     -37597.65952,      37597.65952
           0.878,             7121,            0.063,               45,                0,                0,     0.0600802587,     -27.98767321,      6672.373549,      4.947373232,      4.947373232,  -0.007860877876,      5.634819506,      5.634819506,  -0.008953164828,               -0,               -0,  3.343694963e-16,     -37597.65952,      37597.65952
           0.879,             7121,            0.063,               45,                0,                0,    0.06014868723,     -27.98767321,      6672.373541,      4.953008052,      4.953008052,  -0.007869831037,        5.6348195,        5.6348195,  -0.008953164826,               -0,               -0,   1.54891082e-15,     -37597.65952,      37597.65952
            0.88,             7121,            0.063,               45,                0,                0,    0.06021711577,     -27.98767321,      6672.373533,      4.958642871,      4.958642871,  -0.007878784197,      5.634819493,      5.634819493,  -0.008953164824,               -0,               -0,  1.911394715e-16,     -37597.65952,      37597.65952
           0.881,             7121,            0.063,               45,              360,                0,    0.06028554431,     -27.98767321,      6672.373525,      4.964277691,      4.964277691,  -0.007887737357,      5.634819486,      5.634819486,  -0.008953164822,               -0,               -0, -1.062029615e-15,     -37597.65952,      37597.65952
           0.882,             7121,            0.063,               45,              360,                0,    0.06035397285,     -27.98767321,      6672.373518,       4.96991251,       4.96991251,  -0.007896690517,       5.63481948,       5.63481948,   -0.00895316482,               -0,               -0, -9.856923964e-16,     -37597.65952,      37597.65952
           0.883,             7121,            0.063,               45,              360,                0,    0.06042240139,     -27.98767321,       6672.37351,       4.97554733,       4.97554733,  -0.007905643677,      5.634819473,      5.634819473,  -0.008953164818,               -0,               -0, -4.556466179e-16,     -37597.65952,      37597.65952
           0.884,             7121,            0.063,               45,                0,                0,    0.06049082991,     -27.98767321,      6672.373502,      4.981182149,      4.981182149,  -0.007914596837,      5.634819466,      5.634819466,  -0.008953164816,               -0,               -0,  1.753012777e-15,     -37597.65952,      37597.65952
           0.885,             7121,            0.063,               45,              360,                0,    0.06055925846,     -27.98767321,      6672.373494,      4.986816969,      4.986816969,  -0.007923549997,       5.63481946,       5.63481946,  -0.008953164814,               -0,               -0, -2.402359975e-16,     -37597.65952,      37597.65952
           0.886,             7121,            0.063,               45,                0,                0,      0.060627687,     -27.98767321,      6672.373486,      4.992451788,      4.992451788,  -0.007932503158,      5.634819453,      5.634819453,  -0.008953164812,               -0,               -0,  6.757124463e-16,     -37597.65952,      37597.65952
           0.887,             7121,            0.063,               45,              360,                0,    0.06069611554,     -27.98767321,      6672.373478,      4.998086608,      4.998086608,  -0.007941456318,      5.634819446,      5.634819446,   -0.00895316481,               -0,               -0, -7.991161186e-16,     -37597.65952,      37597.65952
           0.888,             7121,            0.063,               45,                0,                0,    0.06076454408,     -27.98767321,       6672.37347,      5.003721427,      5.003721427,  -0.007950409478,       5.63481944,       5.63481944,  -0.008953164808,               -0,               -0,  1.128990756e-16,     -37597.65952,      37597.65952
           0.889,             7121,            0.063,               45,              360,                0,    0.06083297261,     -27.98767321,      6672.373462,      5.009356247,      5.009356247,  -0.007959362638,      5.634819433,      5.634819433,  -0.008953164806,               -0,               -0,  -1.01675038e-15,     -37597.65952,      37597.65952
            0.89,             7121,            0.063,               45,                0,                0,    0.06090140114,     -27.98767321,      6672.373454,      5.014991066,      5.014991066,  -0.007968315798,      5.634819426,      5.634819426,  -0.008953164804,               -0,               -0,  5.895573023e-16,     -37597.65952,      37597.65952
           0.891,             7121,            0.063,               45,              360,                0,    0.06096982969,     -27.98767321,      6672.373446,      5.020625885,      5.020625885,  -0.007977268958,      5.634819419,      5.634819419,  -0.008953164802,               -0,               -0, -9.486966056e-16,     -37597.65952,      37597.65952
           0.892,             7121,            0.063,               45,                0,                0,    0.06103825823,     -27.98767321,      6672.373438,      5.026260705,      5.026260705,  -0.007986222118,      5.634819413,      5.634819413,    -0.0089531648,               -0,               -0,  5.981220473e-16,     -37597.65952,      37597.65952
           0.893,             7121,            0.063,               45,                0,                0,    0.06110668677,     -27.98767321,       6672.37343,      5.031895524,      5.031895524,  -0.007995175278,      5.634819406,      5.634819406,  -0.008953164798,               -0,               -0,  1.718014208e-15,     -37597.65952,      37597.65952
           0.894,             7121,            0.063,               45,              360,                0,     0.0611751153,     -27.98767321,      6672.373422,      5.037530344,      5.037530344,  -0.008004128438,      5.634819399,      5.634819399,  -0.008953164796,               -0,               -0, -8.233215304e-16,     -37597.65952,      37597.65952
           0.895,             7121,            0.063,               45,                0,                0,    0.06124354383,     -27.98767321,      6672.373414,      5.043165163,      5.043165163,  -0.008013081598,      5.634819392,      5.634819392,  -0.008953164794,               -0,               -0,  1.304452867e-15,     -37597.65952,      37597.65952
           0.896,             7121,            0.063,               45,                0,                0,    0.06131197238,     -27.98767321,      6672.373406,      5.048799982,      5.048799982,  -0.008022034758,      5.634819386,      5.634819386,  -0.008953164792,               -0,               -0,  1.201188635e-16,     -37597.65952,      37597.65952
           0.897,             7121,            0.063,               45,                0,                0,    0.06138040092,     -27.98767321,      6672.373398,      5.054434802,      5.054434802,  -0.008030987918,      5.634819379,      5.634819379,   -0.00895316479,               -0,               -0,  1.853313138e-15,     -37597.65952,      37597.65952
           0.898,             7121,            0.063,               45,                0,                0,    0.06144882946,     -27.98767321,       6672.37339,      5.060069621,      5.060069621,  -0.008039941078,      5.634819372,      5.634819372,  -0.008953164788,               -0,               -0,  6.235205443e-16,     -37597.65952,      37597.65952
           0.899,             7121,            0.063,               45,                0,                0,    0.06151725799,     -27.98767321,      6672.373382,      5.065704441,      5.065704441,  -0.008048894238,      5.634819365,      5.634819365,  -0.008953164786,               -0,               -0,  1.208367499e-15,     -37597.65952,      37597.65952
             0.9,             7121,            0.063,               45,                0,                0,    0.06158568653,     -27.98767321,      6672.373374,       5.07133926,       5.07133926,  -0.008057847398,      5.634819358,      5.634819358,  -0.008953164784,               -0,               -0,  1.308915929e-16,     -37597.65952,      37597.65952
           0.901,             7121,            0.063,               45,              360,                0,    0.06165411506,     -27.98767321,      6672.373366,      5.076974079,      5.076974079,  -0.008066800558,      5.634819352,      5.634819352,  -0.008953164782,               -0,               -0, -8.735130981e-16,     -37597.65952,      37597.65952
           0.902,             7121,            0.063,               45,                0,                0,     0.0617225436,     -27.98767321,      6672.373358,      5.082608899,      5.082608899,  -0.008075753718,      5.634819345,      5.634819345,   -0.00895316478,               -0,               -0,  1.520770121e-15,     -37597.65952,      37597.65952
           0.903,             7121,            0.063,               45,                0,                0,    0.06179097214,     -27.98767321,       6672.37335,      5.088243718,      5.088243718,  -0.008084706877,      5.634819338,      5.634819338,  -0.008953164778,               -0,               -0,  7.845375494e-16,     -37597.65952,      37597.65952
           0.904,             7121,            0.063,               45,                0,                0,    0.06185940067,     -27.98767321,      6672.373342,      5.093878537,      5.093878537,  -0.008093660037,      5.634819331,      5.634819331,  -0.008953164776,               -0,               -0,   1.69541818e-15,     -37597.65952,      37597.65952
           0.905,             7121,            0.063,               45,                0,                0,    0.06192782921,     -27.98767321,      6672.373334,      5.099513357,      5.099513357,  -0.008102613197,      5.634819324,      5.634819324,  -0.008953164774,               -0,               -0,  1.925614176e-15,     -37597.65952,      37597.65952
           0.906,             7121,            0.063,               45,                0,                0,    0.06199625776,     -27.98767321,      6672.373325,      5.105148176,      5.105148176,  -0.008111566357,      5.634819317,      5.634819317,  -0.008953164772,               -0,               -0,  5.993394681e-16,     -37597.65952,      37597.65952
           0.907,             7121,            0.063,               45,              360,                0,    0.06206468629,     -27.98767321,      6672.373317,      5.110782995,      5.110782995,  -0.008120519517,      5.634819311,      5.634819311,   -0.00895316477,               -0,               -0, -1.058489062e-15,     -37597.65952,      37597.65952
           0.908,             7121,            0.063,               45,                0,                0,    0.06213311483,     -27.98767321,      6672.373309,      5.116417815,      5.116417815,  -0.008129472677,      5.634819304,      5.634819304,  -0.008953164768,               -0,               -0,  6.206354322e-16,     -37597.65952,      37597.65952
           0.909,             7121,            0.063,               45,              360,                0,    0.06220154336,     -27.98767321,      6672.373301,      5.122052634,      5.122052634,  -0.008138425836,      5.634819297,      5.634819297,  -0.008953164766,               -0,               -0, -1.225365242e-15,     -37597.65952,      37597.65952
            0.91,             7121,            0.063,               45,              360,                0,     0.0622699719,     -27.98767321,      6672.373293,      5.127687453,      5.127687453,  -0.008147378996,       5.63481929,       5.63481929,  -0.008953164763,               -0,               -0, -3.668477382e-16,     -37597.65952,      37597.65952
           0.911,             7121,            0.063,               45,                0,                0,    0.06233840044,     -27.98767321,      6672.373285,      5.133322272,      5.133322272,  -0.008156332156,      5.634819283,      5.634819283,  -0.008953164761,               -0,               -0,  8.683932331e-16,     -37597.65952,      37597.65952
           0.912,             7121,            0.063,               45,                0,                0,    0.06240682898,     -27.98767321,      6672.373277,      5.138957092,      5.138957092,  -0.008165285316,      5.634819276,      5.634819276,  -0.008953164759,               -0,               -0,  1.604574694e-15,     -37597.65952,      37597.65952
           0.913,             7121,            0.063,               45,                0,                0,    0.06247525751,     -27.98767321,      6672.373268,      5.144591911,      5.144591911,  -0.008174238476,      5.634819269,      5.634819269,  -0.008953164757,               -0,               -0,  9.659141766e-16,     -37597.65952,      37597.65952
           0.914,             7121,            0.063,               45,              360,                0,    0.06254368604,     -27.98767321,       6672.37326,       5.15022673,       5.15022673,  -0.008183191635,      5.634819262,      5.634819262,  -0.008953164755,               -0,               -0,  -1.27467898e-15,     -37597.65952,      37597.65952
           0.915,             7121,            0.063,               45,                0,                0,    0.06261211458,     -27.98767321,      6672.373252,       5.15586155,       5.15586155,  -0.008192144795,      5.634819256,      5.634819256,  -0.008953164753,               -0,               -0,  3.834995738e-17,     -37597.65952,      37597.65952
           0.916,             7121,            0.063,               45,                0,                0,    0.06268054313,     -27.98767321,      6672.373244,      5.161496369,      5.161496369,  -0.008201097955,      5.634819249,      5.634819249,  -0.008953164751,               -0,               -0,  1.085958771e-16,     -37597.65952,      37597.65952
           0.917,             7121,            0.063,               45,                0,                0,    0.06274897166,     -27.98767321,      6672.373236,      5.167131188,      5.167131188,  -0.008210051114,      5.634819242,      5.634819242,  -0.008953164749,               -0,               -0,  1.612992083e-15,     -37597.65952,      37597.65952
           0.918,             7121,            0.063,               45,                0,                0,     0.0628174002,     -27.98767321,      6672.373227,      5.172766007,      5.172766007,  -0.008219004274,      5.634819235,      5.634819235,  -0.008953164747,               -0,               -0,  1.230450316e-16,     -37597.65952,      37597.65952
           0.919,             7121,            0.063,               45,                0,                0,    0.06288582873,     -27.98767321,      6672.373219,      5.178400826,      5.178400826,  -0.008227957434,      5.634819228,      5.634819228,  -0.008953164745,               -0,               -0,  4.163915702e-16,     -37597.65952,      37597.65952
            0.92,             7121,            0.063,               45,                0,                0,    0.06295425728,     -27.98767321,      6672.373211,      5.184035646,      5.184035646,  -0.008236910593,      5.634819221,      5.634819221,  -0.008953164743,               -0,               -0,  1.617252876e-15,     -37597.65952,      37597.65952
           0.921,             7121,            0.063,               45,                0,                0,    0.06302268581,     -27.98767321,      6672.373203,      5.189670465,      5.189670465,  -0.008245863753,      5.634819214,      5.634819214,  -0.008953164741,               -0,               -0,  1.397839495e-15,     -37597.65952,      37597.65952
           0.922,             7121,            0.063,               45,              360,                0,    0.06309111435,     -27.98767321,      6672.373195,      5.195305284,      5.195305284,  -0.008254816913,      5.634819207,      5.634819207,  -0.008953164739,               -0,               -0, -5.598199256e-17,     -37597.65952,      37597.65952
           0.923,             7121,            0.063,               45,                0,                0,    0.06315954288,     -27.98767321,      6672.373186,      5.200940103,      5.200940103,  -0.008263770072,        5.6348192,        5.6348192,  -0.008953164736,               -0,               -0,  9.817924647e-16,     -37597.65952,      37597.65952
           0.924,             7121,            0.063,               45,                0,                0,    0.06322797142,     -27.98767321,      6672.373178,      5.206574923,      5.206574923,  -0.008272723232,      5.634819193,      5.634819193,  -0.008953164734,               -0,               -0,  8.267245755e-17,     -37597.65952,      37597.65952
           0.925,             7121,            0.063,               45,                0,                0,    0.06329639996,     -27.98767321,       6672.37317,      5.212209742,      5.212209742,  -0.008281676392,      5.634819186,      5.634819186,  -0.008953164732,               -0,               -0,  2.024298007e-15,     -37597.65952,      37597.65952
           0.926,             7121,            0.063,               45,                0,                0,     0.0633648285,     -27.98767321,      6672.373161,      5.217844561,      5.217844561,  -0.008290629551,      5.634819179,      5.634819179,   -0.00895316473,               -0,               -0,  9.261686367e-16,     -37597.65952,      37597.65952
           0.927,             7121,            0.063,               45,              360,                0,    0.06343325703,     -27.98767321,      6672.373153,       5.22347938,       5.22347938,  -0.008299582711,      5.634819172,      5.634819172,  -0.008953164728,               -0,               -0, -5.347771205e-16,     -37597.65952,      37597.65952
           0.928,             7121,            0.063,               45,                0,                0,    0.06350168557,     -27.98767321,      6672.373145,      5.229114199,      5.229114199,   -0.00830853587,      5.634819165,      5.634819165,  -0.008953164726,               -0,               -0,  3.183997835e-16,     -37597.65952,      37597.65952
           0.929,             7121,            0.063,               45,                0,                0,    0.06357011411,     -27.98767321,      6672.373137,      5.234749018,      5.234749018,   -0.00831748903,      5.634819158,      5.634819158,  -0.008953164724,               -0,               -0,  1.157914139e-15,     -37597.65952,      37597.65952
            0.93,             7121,            0.063,               45,              360,                0,    0.06363854265,     -27.98767321,      6672.373128,      5.240383838,      5.240383838,  -0.008326442189,      5.634819151,      5.634819151,  -0.008953164722,               -0,               -0, -1.343039152e-15,     -37597.65952,      37597.65952
           0.931,             7121,            0.063,               45,                0,                0,    0.06370697119,     -27.98767321,       6672.37312,      5.246018657,      5.246018657,  -0.008335395349,      5.634819144,      5.634819144,   -0.00895316472,               -0,               -0,  5.422409674e-17,     -37597.65952,      37597.65952
           0.932,             7121,            0.063,               45,              360,                0,    0.06377539972,     -27.98767321,      6672.373112,      5.251653476,      5.251653476,  -0.008344348508,      5.634819137,      5.634819137,  -0.008953164717,               -0,               -0, -5.307933916e-16,     -37597.65952,      37597.65952
           0.933,             7121,            0.063,               45,              360,                0,    0.06384382825,     -27.98767321,      6672.373103,      5.257288295,      5.257288295,  -0.008353301668,       5.63481913,       5.63481913,  -0.008953164715,               -0,               -0, -4.211499211e-16,     -37597.65952,      37597.65952
           0.934,             7121,            0.063,               45,              360,                0,     0.0639122568,     -27.98767321,      6672.373095,      5.262923114,      5.262923114,  -0.008362254827,      5.634819123,      5.634819123,  -0.008953164713,               -0,               -0, -4.926169544e-16,     -37597.65952,      37597.65952
           0.935,             7121,            0.063,               45,                0,                0,    0.06398068533,     -27.98767321,      6672.373086,      5.268557933,      5.268557933,  -0.008371207987,      5.634819116,      5.634819116,  -0.008953164711,               -0,               -0,  4.797371864e-16,     -37597.65952,      37597.65952
           0.936,             7121,            0.063,               45,                0,                0,    0.06404911386,     -27.98767321,      6672.373078,      5.274192752,      5.274192752,  -0.008380161146,      5.634819109,      5.634819109,  -0.008953164709,               -0,               -0,  1.681310465e-16,     -37597.65952,      37597.65952
           0.937,             7121,            0.063,               45,              360,                0,    0.06411754241,     -27.98767321,       6672.37307,      5.279827571,      5.279827571,  -0.008389114306,      5.634819101,      5.634819101,  -0.008953164707,               -0,               -0, -1.166490006e-15,     -37597.65952,      37597.65952
           0.938,             7121,            0.063,               45,                0,                0,    0.06418597094,     -27.98767321,      6672.373061,      5.285462391,      5.285462391,  -0.008398067465,      5.634819094,      5.634819094,  -0.008953164705,               -0,               -0,  1.268152266e-16,     -37597.65952,      37597.65952
           0.939,             7121,            0.063,               45,              360,                0,    0.06425439947,     -27.98767321,      6672.373053,       5.29109721,       5.29109721,  -0.008407020625,      5.634819087,      5.634819087,  -0.008953164703,               -0,               -0, -3.804357326e-16,     -37597.65952,      37597.65952
            0.94,             7121,            0.063,               45,              360,                0,    0.06432282801,     -27.98767321,      6672.373044,      5.296732029,      5.296732029,  -0.008415973784,       5.63481908,       5.63481908,    -0.0089531647,               -0,               -0,  -1.12974795e-17,     -37597.65952,      37597.65952
           0.941,             7121,            0.063,               45,              360,                0,    0.06439125655,     -27.98767321,      6672.373036,      5.302366848,      5.302366848,  -0.008424926943,      5.634819073,      5.634819073,  -0.008953164698,               -0,               -0, -1.093548786e-15,     -37597.65952,      37597.65952
           0.942,             7121,            0.063,               45,                0,                0,    0.06445968509,     -27.98767321,      6672.373028,      5.308001667,      5.308001667,  -0.008433880103,      5.634819066,      5.634819066,  -0.008953164696,               -0,               -0,  1.150459484e-15,     -37597.65952,      37597.65952
           0.943,             7121,            0.063,               45,              360,                0,    0.06452811362,     -27.98767321,      6672.373019,      5.313636486,      5.313636486,  -0.008442833262,      5.634819059,      5.634819059,  -0.008953164694,               -0,               -0, -1.260466691e-15,     -37597.65952,      37597.65952
           0.944,             7121,            0.063,               45,                0,                0,    0.06459654216,     -27.98767321,      6672.373011,      5.319271305,      5.319271305,  -0.008451786421,      5.634819052,      5.634819052,  -0.008953164692,               -0,               -0,  1.175784888e-15,     -37597.65952,      37597.65952
           0.945,             7121,            0.063,               45,              360,                0,     0.0646649707,     -27.98767321,      6672.373002,      5.324906124,      5.324906124,  -0.008460739581,      5.634819045,      5.634819045,   -0.00895316469,               -0,               -0, -6.837175832e-16,     -37597.65952,      37597.65952
           0.946,             7121,            0.063,               45,              360,                0,    0.06473339924,     -27.98767321,      6672.372994,      5.330540943,      5.330540943,   -0.00846969274,      5.634819037,      5.634819037,  -0.008953164688,               -0,               -0, -6.093118124e-16,     -37597.65952,      37597.65952
           0.947,             7121,            0.063,               45,                0,                0,    0.06480182777,     -27.98767321,      6672.372985,      5.336175762,      5.336175762,  -0.008478645899,       5.63481903,       5.63481903,  -0.008953164685,               -0,               -0,  1.171929374e-15,     -37597.65952,      37597.65952
           0.948,             7121,            0.063,               45,                0,                0,    0.06487025631,     -27.98767321,      6672.372977,      5.341810581,      5.341810581,  -0.008487599059,      5.634819023,      5.634819023,  -0.008953164683,               -0,               -0,  1.683539301e-15,     -37597.65952,      37597.65952
           0.949,             7121,            0.063,               45,                0,                0,    0.06493868485,     -27.98767321,      6672.372968,        5.3474454,        5.3474454,  -0.008496552218,      5.634819016,      5.634819016,  -0.008953164681,               -0,               -0,  6.984462426e-16,     -37597.65952,      37597.65952
            0.95,             7121,            0.063,               45,              360,                0,    0.06500711338,     -27.98767321,       6672.37296,      5.353080219,      5.353080219,  -0.008505505377,      5.634819009,      5.634819009,  -0.008953164679,               -0,               -0, -1.207101734e-15,     -37597.65952,      37597.65952
           0.951,             7121,            0.063,               45,                0,                0,    0.06507554192,     -27.98767321,      6672.372951,      5.358715038,      5.358715038,  -0.008514458537,      5.634819002,      5.634819002,  -0.008953164677,               -0,               -0,  7.445493851e-16,     -37597.65952,      37597.65952
           0.952,             7121,            0.063,               45,                0,                0,    0.06514397045,     -27.98767321,      6672.372943,      5.364349857,      5.364349857,  -0.008523411696,      5.634818994,      5.634818994,  -0.008953164675,               -0,               -0,  1.884699233e-15,     -37597.65952,      37597.65952
           0.953,             7121,            0.063,               45,                0,                0,    0.06521239899,     -27.98767321,      6672.372934,      5.369984676,      5.369984676,  -0.008532364855,      5.634818987,      5.634818987,  -0.008953164673,               -0,               -0,  1.358098702e-16,     -37597.65952,      37597.65952
           0.954,             7121,            0.063,               45,                0,                0,    0.06528082753,     -27.98767321,      6672.372926,      5.375619495,      5.375619495,  -0.008541318014,       5.63481898,       5.63481898,   -0.00895316467,               -0,               -0,  2.755369608e-16,     -37597.65952,      37597.65952
           0.955,             7121,            0.063,               45,              360,                0,    0.06534925607,     -27.98767321,      6672.372917,      5.381254314,      5.381254314,  -0.008550271173,      5.634818973,      5.634818973,  -0.008953164668,               -0,               -0, -2.389063295e-17,     -37597.65952,      37597.65952
           0.956,             7121,            0.063,               45,              360,                0,     0.0654176846,     -27.98767321,      6672.372909,      5.386889133,      5.386889133,  -0.008559224333,      5.634818966,      5.634818966,  -0.008953164666,               -0,               -0,   -1.8622164e-16,     -37597.65952,      37597.65952
           0.957,             7121,            0.063,               45,              360,                0,    0.06548611315,     -27.98767321,        6672.3729,      5.392523952,      5.392523952,  -0.008568177492,      5.634818958,      5.634818958,  -0.008953164664,               -0,               -0, -4.385233598e-16,     -37597.65952,      37597.65952
           0.958,             7121,            0.063,               45,              360,                0,    0.06555454168,     -27.98767321,      6672.372892,      5.398158771,      5.398158771,  -0.008577130651,      5.634818951,      5.634818951,  -0.008953164662,               -0,               -0, -2.045434488e-16,     -37597.65952,      37597.65952
           0.959,             7121,            0.063,               45,                0,                0,    0.06562297022,     -27.98767321,      6672.372883,       5.40379359,       5.40379359,   -0.00858608381,      5.634818944,      5.634818944,  -0.008953164659,               -0,               -0,  1.535471078e-15,     -37597.65952,      37597.65952
            0.96,             7121,            0.063,               45,              360,                0,    0.06569139876,     -27.98767321,      6672.372874,      5.409428409,      5.409428409,  -0.008595036969,      5.634818937,      5.634818937,  -0.008953164657,               -0,               -0, -8.837606622e-16,     -37597.65952,      37597.65952
           0.961,             7121,            0.063,               45,              360,                0,    0.06575982729,     -27.98767321,      6672.372866,      5.415063228,      5.415063228,  -0.008603990128,      5.634818929,      5.634818929,  -0.008953164655,               -0,               -0, -1.232568258e-15,     -37597.65952,      37597.65952
           0.962,             7121,            0.063,               45,                0,                0,    0.06582825583,     -27.98767321,      6672.372857,      5.420698047,      5.420698047,  -0.008612943287,      5.634818922,      5.634818922,  -0.008953164653,               -0,               -0,  1.713994672e-15,     -37597.65952,      37597.65952
           0.963,             7121,            0.063,               45,              360,                0,    0.06589668437,     -27.98767321,      6672.372849,      5.426332866,      5.426332866,  -0.008621896446,      5.634818915,      5.634818915,  -0.008953164651,               -0,               -0, -2.525508437e-17,     -37597.65952,      37597.65952
           0.964,             7121,            0.063,               45,                0,                0,    0.06596511289,     -27.98767321,       6672.37284,      5.431967685,      5.431967685,  -0.008630849606,      5.634818907,      5.634818907,  -0.008953164649,               -0,               -0,  1.880057317e-15,     -37597.65952,      37597.65952
           0.965,             7121,            0.063,               45,              360,                0,    0.06603354144,     -27.98767321,      6672.372831,      5.437602503,      5.437602503,  -0.008639802765,        5.6348189,        5.6348189,  -0.008953164646,               -0,               -0, -5.512502424e-16,     -37597.65952,      37597.65952
           0.966,             7121,            0.063,               45,              360,                0,    0.06610196998,     -27.98767321,      6672.372823,      5.443237322,      5.443237322,  -0.008648755924,      5.634818893,      5.634818893,  -0.008953164644,               -0,               -0, -1.259663246e-15,     -37597.65952,      37597.65952
           0.967,             7121,            0.063,               45,              360,                0,    0.06617039851,     -27.98767321,      6672.372814,      5.448872141,      5.448872141,  -0.008657709083,      5.634818886,      5.634818886,  -0.008953164642,               -0,               -0, -2.920753301e-16,     -37597.65952,      37597.65952
           0.968,             7121,            0.063,               45,                0,                0,    0.06623882704,     -27.98767321,      6672.372805,       5.45450696,       5.45450696,  -0.008666662242,      5.634818878,      5.634818878,   -0.00895316464,               -0,               -0,  1.475760398e-15,     -37597.65952,      37597.65952
           0.969,             7121,            0.063,               45,              360,                0,    0.06630725558,     -27.98767321,      6672.372797,      5.460141779,      5.460141779,  -0.008675615401,      5.634818871,      5.634818871,  -0.008953164638,               -0,               -0, -3.846223097e-16,     -37597.65952,      37597.65952
            0.97,             7121,            0.063,               45,              360,              360,    0.06637568412,     -27.98767321,      6672.372788,      5.465776598,      5.465776598,   -0.00868456856,      5.634818864,      5.634818864,  -0.008953164635,               -0,               -0, -1.095558957e-15,     -37597.65952,      37597.65952
           0.971,             7121,            0.063,               45,                0,                0,    0.06644411265,     -27.98767321,      6672.372779,      5.471411417,      5.471411417,  -0.008693521719,      5.634818856,      5.634818856,  -0.008953164633,               -0,               -0,  5.679018376e-16,     -37597.65952,      37597.65952
           0.972,             7121,            0.063,               45,                0,                0,     0.0665125412,     -27.98767321,      6672.372771,      5.477046236,      5.477046236,  -0.008702474878,      5.634818849,      5.634818849,  -0.008953164631,               -0,               -0,  1.772954889e-16,     -37597.65952,      37597.65952
           0.973,             7121,            0.063,               45,                0,                0,    0.06658096973,     -27.98767321,      6672.372762,      5.482681054,      5.482681054,  -0.008711428037,      5.634818842,      5.634818842,  -0.008953164629,               -0,               -0,  4.095853099e-16,     -37597.65952,      37597.65952
           0.974,             7121,            0.063,               45,                0,                0,    0.06664939827,     -27.98767321,      6672.372753,      5.488315873,      5.488315873,  -0.008720381196,      5.634818834,      5.634818834,  -0.008953164627,               -0,               -0,  2.589007092e-16,     -37597.65952,      37597.65952
           0.975,             7121,            0.063,               45,              360,                0,     0.0667178268,     -27.98767321,      6672.372744,      5.493950692,      5.493950692,  -0.008729334354,      5.634818827,      5.634818827,  -0.008953164624,               -0,               -0, -3.616852888e-16,     -37597.65952,      37597.65952
           0.976,             7121,            0.063,               45,                0,                0,    0.06678625534,     -27.98767321,      6672.372736,      5.499585511,      5.499585511,  -0.008738287513,      5.634818819,      5.634818819,  -0.008953164622,               -0,               -0,  1.224792297e-15,     -37597.65952,      37597.65952
           0.977,             7121,            0.063,               45,                0,              360,    0.06685468387,     -27.98767321,      6672.372727,       5.50522033,       5.50522033,  -0.008747240672,      5.634818812,      5.634818812,   -0.00895316462,               -0,               -0,  5.898716342e-16,     -37597.65952,      37597.65952
           0.978,             7121,            0.063,               45,              360,                0,    0.06692311242,     -27.98767321,      6672.372718,      5.510855149,      5.510855149,  -0.008756193831,      5.634818805,      5.634818805,  -0.008953164618,               -0,               -0,  -1.04149199e-15,     -37597.65952,      37597.65952
           0.979,             7121,            0.063,               45,                0,                0,    0.06699154096,     -27.98767321,      6672.372709,      5.516489967,      5.516489967,   -0.00876514699,      5.634818797,      5.634818797,  -0.008953164615,               -0,               -0,  1.108370961e-15,     -37597.65952,      37597.65952
            0.98,             7121,            0.063,               45,              360,              360,    0.06705996948,     -27.98767321,      6672.372701,      5.522124786,      5.522124786,  -0.008774100149,       5.63481879,       5.63481879,  -0.008953164613,               -0,               -0, -9.417133498e-16,     -37597.65952,      37597.65952
           0.981,             7121,            0.063,               45,              360,              360,    0.06712839802,     -27.98767321,      6672.372692,      5.527759605,      5.527759605,  -0.008783053308,      5.634818782,      5.634818782,  -0.008953164611,               -0,               -0, -1.057151148e-15,     -37597.65952,      37597.65952
           0.982,             7121,            0.063,               45,              360,                0,    0.06719682656,     -27.98767321,      6672.372683,      5.533394424,      5.533394424,  -0.008792006466,      5.634818775,      5.634818775,  -0.008953164609,               -0,               -0, -1.460601463e-15,     -37597.65952,      37597.65952
           0.983,             7121,            0.063,               45,                0,                0,     0.0672652551,     -27.98767321,      6672.372674,      5.539029242,      5.539029242,  -0.008800959625,      5.634818768,      5.634818768,  -0.008953164607,               -0,               -0,  5.249045639e-16,     -37597.65952,      37597.65952
           0.984,             7121,            0.063,               45,                0,                0,    0.06733368363,     -27.98767321,      6672.372666,      5.544664061,      5.544664061,  -0.008809912784,       5.63481876,       5.63481876,  -0.008953164604,               -0,               -0,  1.119601176e-15,     -37597.65952,      37597.65952
           0.985,             7121,            0.063,               45,                0,                0,    0.06740211216,     -27.98767321,      6672.372657,       5.55029888,       5.55029888,  -0.008818865943,      5.634818753,      5.634818753,  -0.008953164602,               -0,               -0,   8.99755427e-16,     -37597.65952,      37597.65952
           0.986,             7121,            0.063,               45,                0,              360,     0.0674705407,     -27.98767321,      6672.372648,      5.555933699,      5.555933699,  -0.008827819102,      5.634818745,      5.634818745,    -0.0089531646,               -0,               -0,  1.090327111e-15,     -37597.65952,      37597.65952
           0.987,             7121,            0.063,               45,              360,              360,    0.06753896925,     -27.98767321,      6672.372639,      5.561568517,      5.561568517,   -0.00883677226,      5.634818738,      5.634818738,  -0.008953164598,               -0,               -0, -6.364370801e-16,     -37597.65952,      37597.65952
           0.988,             7121,            0.063,               45,              360,              360,    0.06760739778,     -27.98767321,       6672.37263,      5.567203336,      5.567203336,  -0.008845725419,       5.63481873,       5.63481873,  -0.008953164595,               -0,               -0, -2.116092994e-16,     -37597.65952,      37597.65952
           0.989,             7121,            0.063,               45,              360,                0,    0.06767582632,     -27.98767321,      6672.372621,      5.572838155,      5.572838155,  -0.008854678578,      5.634818723,      5.634818723,  -0.008953164593,               -0,               -0, -1.344888455e-15,     -37597.65952,      37597.65952
            0.99,             7121,            0.063,               45,              360,                0,    0.06774425485,     -27.98767321,      6672.372613,      5.578472974,      5.578472974,  -0.008863631737,      5.634818715,      5.634818715,  -0.008953164591,               -0,               -0, -1.359301761e-15,     -37597.65952,      37597.65952
           0.991,             7121,            0.063,               45,                0,              360,    0.06781268339,     -27.98767321,      6672.372604,      5.584107792,      5.584107792,  -0.008872584895,      5.634818708,      5.634818708,  -0.008953164589,               -0,               -0,   9.70113424e-16,     -37597.65952,      37597.65952
           0.992,             7121,            0.063,               45,                0,                0,    0.06788111192,     -27.98767321,      6672.372595,      5.589742611,      5.589742611,  -0.008881538054,        5.6348187,        5.6348187,  -0.008953164586,               -0,               -0,  1.214903651e-15,     -37597.65952,      37597.65952
           0.993,             7121,            0.063,               45,                0,                0,    0.06794954046,     -27.98767321,      6672.372586,       5.59537743,       5.59537743,  -0.008890491213,      5.634818693,      5.634818693,  -0.008953164584,               -0,               -0,  6.000327006e-16,     -37597.65952,      37597.65952
           0.994,             7121,            0.063,               45,                0,                0,      0.068017969,     -27.98767321,      6672.372577,      5.601012248,      5.601012248,  -0.008899444371,      5.634818685,      5.634818685,  -0.008953164582,               -0,               -0,  1.802475608e-15,     -37597.65952,      37597.65952
           0.995,             7121,            0.063,               45,                0,                0,    0.06808639754,     -27.98767321,      6672.372568,      5.606647067,      5.606647067,   -0.00890839753,      5.634818678,      5.634818678,   -0.00895316458,               -0,               -0,  3.687591889e-16,     -37597.65952,      37597.65952
           0.996,             7121,            0.063,               45,                0,              360,    0.06815482607,     -27.98767321,      6672.372559,      5.612281886,      5.612281886,  -0.008917350689,       5.63481867,       5.63481867,  -0.008953164577,               -0,               -0,  1.111593483e-15,     -37597.65952,      37597.65952
           0.997,             7121,            0.063,               45,                0,              360,    0.06822325461,     -27.98767321,       6672.37255,      5.617916704,      5.617916704,  -0.008926303847,      5.634818663,      5.634818663,  -0.008953164575,               -0,               -0,  1.703230873e-15,     -37597.65952,      37597.65952
           0.998,             7121,            0.063,               45,              360,              360,    0.06829168314,     -27.98767321,      6672.372541,      5.623551523,      5.623551523,  -0.008935257006,      5.634818655,      5.634818655,  -0.008953164573,               -0,               -0, -1.840756718e-16,     -37597.65952,      37597.65952
           0.999,             7121,            0.063,               45,              360,              360,    0.06836011169,     -27.98767321,      6672.372532,      5.629186342,      5.629186342,  -0.008944210164,      5.634818648,      5.634818648,  -0.008953164571,               -0,               -0, -4.213376383e-16,     -37597.65952,      37597.65952
               1,             7121,            0.063,               45,                0,              360,    0.06842854022,     -27.98767321,      6672.372523,       5.63482116,       5.63482116,  -0.008953163323,       5.63481864,       5.63481864,  -0.008953164568,               -0,               -0,  7.644021098e-16,     -37597.65952,      37597.65952
           1.001,             7121,            0.063,               45,              360,              360,    0.06849696875,     -27.98767321,      6672.372514,      5.640455979,      5.640455979,  -0.008962116481,      5.634818633,      5.634818633,  -0.008953164566,               -0,               -0, -1.055304779e-15,     -37597.65952,      37597.65952
           1.002,             7121,            0.063,               45,                0,              360,    0.06856539729,     -27.98767321,      6672.372505,      5.646090798,      5.646090798,   -0.00897106964,      5.634818625,      5.634818625,  -0.008953164564,               -0,               -0,  3.492349374e-16,     -37597.65952,      37597.65952
           1.003,             7121,            0.063,               45,                0,                0,    0.06863382583,     -27.98767321,      6672.372497,      5.651725616,      5.651725616,  -0.008980022799,      5.634818617,      5.634818617,  -0.008953164561,               -0,               -0,  5.645904559e-16,     -37597.65952,      37597.65952
           1.004,             7121,            0.063,               45,                0,                0,    0.06870225436,     -27.98767321,      6672.372488,      5.657360435,      5.657360435,  -0.008988975957,       5.63481861,       5.63481861,  -0.008953164559,               -0,               -0,  8.107248789e-16,     -37597.65952,      37597.65952
           1.005,             7121,            0.063,               45,              360,              360,     0.0687706829,     -27.98767321,      6672.372479,      5.662995254,      5.662995254,  -0.008997929116,      5.634818602,      5.634818602,  -0.008953164557,               -0,               -0, -1.240104814e-15,     -37597.65952,      37597.65952
           1.006,             7121,            0.063,               45,              360,                0,    0.06883911144,     -27.98767321,       6672.37247,      5.668630072,      5.668630072,  -0.009006882274,      5.634818595,      5.634818595,  -0.008953164555,               -0,               -0, -8.102136984e-16,     -37597.65952,      37597.65952
           1.007,             7121,            0.063,               45,                0,              360,    0.06890753997,     -27.98767321,      6672.372461,      5.674264891,      5.674264891,  -0.009015835432,      5.634818587,      5.634818587,  -0.008953164552,               -0,               -0,  1.224666969e-15,     -37597.65952,      37597.65952
           1.008,             7121,            0.063,               45,              360,              360,    0.06897596851,     -27.98767321,      6672.372452,      5.679899709,      5.679899709,  -0.009024788591,      5.634818579,      5.634818579,   -0.00895316455,               -0,               -0, -3.116620863e-15,     -37597.65952,      37597.65952
           1.009,             7121,            0.063,               45,              360,              360,    0.06904439705,     -27.98767321,      6672.372442,      5.685534528,      5.685534528,  -0.009033741749,      5.634818572,      5.634818572,  -0.008953164548,               -0,               -0, -1.950963191e-15,     -37597.65952,      37597.65952
            1.01,             7121,            0.063,               45,                0,              360,    0.06911282558,     -27.98767321,      6672.372433,      5.691169346,      5.691169346,  -0.009042694908,      5.634818564,      5.634818564,  -0.008953164545,               -0,               -0,  3.432463072e-16,     -37597.65952,      37597.65952
           1.011,             7121,            0.063,               45,                0,                0,    0.06918125412,     -27.98767321,      6672.372424,      5.696804165,      5.696804165,  -0.009051648066,      5.634818557,      5.634818557,  -0.008953164543,               -0,               -0,  1.398227994e-15,     -37597.65952,      37597.65952
           1.012,             7121,            0.063,               45,              360,                0,    0.06924968265,     -27.98767321,      6672.372415,      5.702438984,      5.702438984,  -0.009060601225,      5.634818549,      5.634818549,  -0.008953164541,               -0,               -0, -3.214460214e-15,     -37597.65952,      37597.65952
           1.013,             7121,            0.063,               45,              360,                0,    0.06931811119,     -27.98767321,      6672.372406,      5.708073802,      5.708073802,  -0.009069554383,      5.634818541,      5.634818541,  -0.008953164539,               -0,               -0, -1.611701989e-15,     -37597.65952,      37597.65952
           1.014,             7121,            0.063,               45,              360,                0,    0.06938653972,     -27.98767321,      6672.372397,      5.713708621,      5.713708621,  -0.009078507541,      5.634818534,      5.634818534,  -0.008953164536,               -0,               -0, -3.226662485e-15,     -37597.65952,      37597.65952
           1.015,             7121,            0.063,               45,                0,                0,    0.06945496826,     -27.98767321,      6672.372388,      5.719343439,      5.719343439,    -0.0090874607,      5.634818526,      5.634818526,  -0.008953164534,               -0,               -0,  1.723072664e-15,     -37597.65952,      37597.65952
           1.016,             7121,            0.063,               45,                0,                0,     0.0695233968,     -27.98767321,      6672.372379,      5.724978258,      5.724978258,  -0.009096413858,      5.634818518,      5.634818518,  -0.008953164532,               -0,               -0,  1.703636319e-15,     -37597.65952,      37597.65952
           1.017,             7121,            0.063,               45,              360,              360,    0.06959182533,     -27.98767321,       6672.37237,      5.730613076,      5.730613076,  -0.009105367016,      5.634818511,      5.634818511,  -0.008953164529,               -0,               -0, -5.229007133e-16,     -37597.65952,      37597.65952
           1.018,             7121,            0.063,               45,                0,                0,    0.06966025387,     -27.98767321,      6672.372361,      5.736247895,      5.736247895,  -0.009114320175,      5.634818503,      5.634818503,  -0.008953164527,               -0,               -0,  1.846783401e-15,     -37597.65952,      37597.65952
           1.019,             7121,            0.063,               45,              360,                0,    0.06972868241,     -27.98767321,      6672.372352,      5.741882713,      5.741882713,  -0.009123273333,      5.634818495,      5.634818495,  -0.008953164525,               -0,               -0, -2.721176737e-15,     -37597.65952,      37597.65952
            1.02,             7121,            0.063,               45,              360,                0,    0.06979711094,     -27.98767321,      6672.372343,      5.747517532,      5.747517532,  -0.009132226491,      5.634818487,      5.634818487,  -0.008953164522,               -0,               -0, -2.343660707e-15,     -37597.65952,      37597.65952
           1.021,             7121,            0.063,               45,              360,                0,    0.06986553948,     -27.98767321,      6672.372333,       5.75315235,       5.75315235,   -0.00914117965,       5.63481848,       5.63481848,   -0.00895316452,               -0,               -0, -1.449105393e-15,     -37597.65952,      37597.65952
           1.022,             7121,            0.063,               45,                0,                0,    0.06993396801,     -27.98767321,      6672.372324,      5.758787169,      5.758787169,  -0.009150132808,      5.634818472,      5.634818472,  -0.008953164518,               -0,               -0,  2.639480247e-15,     -37597.65952,      37597.65952
           1.023,             7121,            0.063,               45,                0,                0,    0.07000239655,     -27.98767321,      6672.372315,      5.764421987,      5.764421987,  -0.009159085966,      5.634818464,      5.634818464,  -0.008953164515,               -0,               -0,  4.889363102e-16,     -37597.65952,      37597.65952
           1.024,             7121,            0.063,               45,                0,                0,    0.07007082508,     -27.98767321,      6672.372306,      5.770056806,      5.770056806,  -0.009168039124,      5.634818456,      5.634818456,  -0.008953164513,               -0,               -0,  2.001798139e-15,     -37597.65952,      37597.65952
           1.025,             7121,            0.063,               45,              360,                0,    0.07013925362,     -27.98767321,      6672.372297,      5.775691624,      5.775691624,  -0.009176992282,      5.634818449,      5.634818449,  -0.008953164511,               -0,               -0, -2.365199315e-15,     -37597.65952,      37597.65952
           1.026,             7121,            0.063,               45,              360,                0,    0.07020768216,     -27.98767321,      6672.372288,      5.781326443,      5.781326443,  -0.009185945441,      5.634818441,      5.634818441,  -0.008953164509,               -0,               -0, -7.289321117e-16,     -37597.65952,      37597.65952
           1.027,             7121,            0.063,               45,                0,                0,     0.0702761107,     -27.98767321,      6672.372278,      5.786961261,      5.786961261,  -0.009194898599,      5.634818433,      5.634818433,  -0.008953164506,               -0,               -0,  2.482166351e-15,     -37597.65952,      37597.65952
           1.028,             7121,            0.063,               45,              360,                0,    0.07034453923,     -27.98767321,      6672.372269,      5.792596079,      5.792596079,  -0.009203851757,      5.634818425,      5.634818425,  -0.008953164504,               -0,               -0, -2.165060878e-15,     -37597.65952,      37597.65952
           1.029,             7121,            0.063,               45,                0,                0,    0.07041296776,     -27.98767321,       6672.37226,      5.798230898,      5.798230898,  -0.009212804915,      5.634818418,      5.634818418,  -0.008953164502,               -0,               -0,   2.21723604e-15,     -37597.65952,      37597.65952
            1.03,             7121,            0.063,               45,              360,                0,    0.07048139631,     -27.98767321,      6672.372251,      5.803865716,      5.803865716,  -0.009221758073,       5.63481841,       5.63481841,  -0.008953164499,               -0,               -0, -9.095260238e-16,     -37597.65952,      37597.65952
           1.031,             7121,            0.063,               45,              360,                0,    0.07054982483,     -27.98767321,      6672.372242,      5.809500535,      5.809500535,  -0.009230711231,      5.634818402,      5.634818402,  -0.008953164497,               -0,               -0, -1.762923418e-15,     -37597.65952,      37597.65952
           1.032,             7121,            0.063,               45,                0,                0,    0.07061825339,     -27.98767321,      6672.372232,      5.815135353,      5.815135353,  -0.009239664389,      5.634818394,      5.634818394,  -0.008953164494,               -0,               -0,  2.494194355e-15,     -37597.65952,      37597.65952
           1.033,             7121,            0.063,               45,                0,                0,    0.07068668191,     -27.98767321,      6672.372223,      5.820770171,      5.820770171,  -0.009248617548,      5.634818387,      5.634818387,  -0.008953164492,               -0,               -0,  2.278529122e-15,     -37597.65952,      37597.65952
           1.034,             7121,            0.063,               45,                0,                0,    0.07075511044,     -27.98767321,      6672.372214,       5.82640499,       5.82640499,  -0.009257570706,      5.634818379,      5.634818379,   -0.00895316449,               -0,               -0,  2.367782195e-15,     -37597.65952,      37597.65952
           1.035,             7121,            0.063,               45,              360,                0,    0.07082353898,     -27.98767321,      6672.372205,      5.832039808,      5.832039808,  -0.009266523864,      5.634818371,      5.634818371,  -0.008953164487,               -0,               -0, -1.666475146e-15,     -37597.65952,      37597.65952
           1.036,             7121,            0.063,               45,                0,                0,    0.07089196752,     -27.98767321,      6672.372195,      5.837674627,      5.837674627,  -0.009275477022,      5.634818363,      5.634818363,  -0.008953164485,               -0,               -0,  2.058886957e-15,     -37597.65952,      37597.65952
           1.037,             7121,            0.063,               45,                0,                0,    0.07096039606,     -27.98767321,      6672.372186,      5.843309445,      5.843309445,   -0.00928443018,      5.634818355,      5.634818355,  -0.008953164483,               -0,               -0,    2.0100136e-15,     -37597.65952,      37597.65952
           1.038,             7121,            0.063,               45,                0,              360,     0.0710288246,     -27.98767321,      6672.372177,      5.848944263,      5.848944263,  -0.009293383338,      5.634818347,      5.634818347,   -0.00895316448,               -0,               -0,  2.964608475e-15,     -37597.65952,      37597.65952
           1.039,             7121,            0.063,               45,                0,              360,    0.07109725314,     -27.98767321,      6672.372167,      5.854579082,      5.854579082,  -0.009302336496,       5.63481834,       5.63481834,  -0.008953164478,               -0,               -0,  6.894319618e-16,     -37597.65952,      37597.65952
            1.04,             7121,            0.063,               45,              360,                0,    0.07116568167,     -27.98767321,      6672.372158,        5.8602139,        5.8602139,  -0.009311289654,      5.634818332,      5.634818332,  -0.008953164476,               -0,               -0, -2.229883427e-16,     -37597.65952,      37597.65952
           1.041,             7121,            0.063,               45,                0,                0,     0.0712341102,     -27.98767321,      6672.372149,      5.865848718,      5.865848718,  -0.009320242812,      5.634818324,      5.634818324,  -0.008953164473,               -0,               -0,   2.90434973e-15,     -37597.65952,      37597.65952
           1.042,             7121,            0.063,               45,                0,                0,    0.07130253873,     -27.98767321,      6672.372139,      5.871483537,      5.871483537,   -0.00932919597,      5.634818316,      5.634818316,  -0.008953164471,               -0,               -0,  6.382975441e-16,     -37597.65952,      37597.65952
           1.043,             7121,            0.063,               45,                0,                0,    0.07137096727,     -27.98767321,       6672.37213,      5.877118355,      5.877118355,  -0.009338149128,      5.634818308,      5.634818308,  -0.008953164469,               -0,               -0,  2.761285807e-15,     -37597.65952,      37597.65952
           1.044,             7121,            0.063,               45,              360,                0,     0.0714393958,     -27.98767321,      6672.372121,      5.882753173,      5.882753173,  -0.009347102286,        5.6348183,        5.6348183,  -0.008953164466,               -0,               -0, -1.598329208e-16,     -37597.65952,      37597.65952
           1.045,             7121,            0.063,               45,              360,                0,    0.07150782434,     -27.98767321,      6672.372111,      5.888387991,      5.888387991,  -0.009356055443,      5.634818292,      5.634818292,  -0.008953164464,               -0,               -0, -3.347350753e-15,     -37597.65952,      37597.65952
