Time (sec),Semi-Major Axis (km),Eccentricity,Inclination (deg),RAAN (deg),Argument of Periapsis (deg),True Anomaly (deg),Orbital Energy (km^2/sec^2),Radius_1 (km),Radius_2 (km),Radius_3 (km),Velocity_1 (km/s),Velocity_2 (km/s),Velocity_3 (km/s),Acceleration_1 (km/s^2),Acceleration_2 (km/s^2),Acceleration_3 (km/s^2),Angular_Momemntum_1 (km^2/s),Angular_Momemntum_2 (km^2/s),Angular_Momemntum_3 (km^2/s)
               0,             7121,            0.063,               45,                0,                0,                0,     -27.98767321,         6672.377,                0,                0,                0,      5.634822421,      5.634822421,  -0.008953165704,               -0,               -0,                0,     -37597.65952,      37597.65952
              10,             7121,            0.063,               45,              360,                0,     0.6842834897,     -27.98767321,      6671.929348,      56.34696405,      56.34696405,   -0.08952927639,       5.63444438,       5.63444438,  -0.008953052178,               -0,               -0,  -7.25001157e-14,     -37597.65952,      37597.65952
              20,             7121,            0.063,               45,              360,                0,      1.368555411,     -27.98767321,      6670.586462,      112.6863676,      112.6863676,    -0.1790442697,      5.633310337,      5.633310337,   -0.00895271163,               -0,               -0, -8.262665845e-14,     -37597.65952,      37597.65952
              30,             7121,            0.063,               45,              360,                0,      2.052804198,     -27.98767321,      6668.348557,      169.0106515,      169.0106515,    -0.2685307012,       5.63142053,       5.63142053,  -0.008952144148,               -0,               -0, -1.811486528e-13,     -37597.65952,      37597.65952
              40,             7121,            0.063,               45,              360,                0,       2.73701829,     -27.98767321,      6665.215991,      225.3122602,      225.3122602,    -0.3579743009,      5.628775357,      5.628775357,  -0.008951349881,               -0,               -0, -2.974468135e-13,     -37597.65952,      37597.65952
              50,             7121,            0.063,               45,              360,                0,      3.421186135,     -27.98767321,      6661.189262,      281.5836426,      281.5836426,    -0.4473608116,      5.625375374,      5.625375374,  -0.008950329036,               -0,               -0, -1.507414496e-13,     -37597.65952,      37597.65952
              60,             7121,            0.063,               45,              360,                0,      4.105296192,     -27.98767321,      6656.269012,       337.817254,       337.817254,    -0.5366759937,      5.621221294,      5.621221294,  -0.008949081879,               -0,               -0, -3.179744609e-13,     -37597.65952,      37597.65952
              70,             7121,            0.063,               45,                0,                0,      4.789336933,     -27.98767321,      6650.456027,      394.0055577,      394.0055577,    -0.6259056289,       5.61631399,       5.61631399,  -0.008947608735,               -0,               -0,  2.818491069e-14,     -37597.65952,      37597.65952
              80,             7121,            0.063,               45,              360,                0,      5.473296847,     -27.98767321,      6643.751232,      450.1410265,      450.1410265,    -0.7150355251,      5.610654492,      5.610654492,  -0.008945909988,               -0,               -0, -3.352898477e-14,     -37597.65952,      37597.65952
              90,             7121,            0.063,               45,                0,                0,      6.157164442,     -27.98767321,      6636.155696,      506.2161441,      506.2161441,    -0.8040515203,      5.604243987,      5.604243987,  -0.008943986079,               -0,               -0,  2.945707626e-14,     -37597.65952,      37597.65952
             100,             7121,            0.063,               45,                0,                0,      6.840928245,     -27.98767321,      6627.670629,      562.2234073,      562.2234073,    -0.8929394869,       5.59708382,       5.59708382,  -0.008941837508,               -0,               -0,  1.522761593e-13,     -37597.65952,      37597.65952
             110,             7121,            0.063,               45,                0,                0,      7.524576813,     -27.98767321,       6618.29738,      618.1553266,      618.1553266,    -0.9816853361,      5.589175489,      5.589175489,  -0.008939464835,               -0,               -0,  1.011300941e-13,     -37597.65952,      37597.65952
             120,             7121,            0.063,               45,              360,                0,      8.208098724,     -27.98767321,      6608.037442,      674.0044287,      674.0044287,     -1.070275022,      5.580520652,      5.580520652,  -0.008936868673,               -0,               -0,  -1.00331409e-13,     -37597.65952,      37597.65952
             130,             7121,            0.063,               45,              360,                0,      8.891482589,     -27.98767321,      6596.892447,      729.7632573,      729.7632573,     -1.158694545,      5.571121116,      5.571121116,  -0.008934049697,               -0,               -0, -8.165154516e-15,     -37597.65952,      37597.65952
             140,             7121,    0.06299999999,               45,              360,                0,      9.574717051,     -27.98767321,      6584.864165,      785.4243752,      785.4243752,     -1.246929959,      5.560978847,      5.560978847,  -0.008931008636,               -0,               -0, -3.269503511e-13,     -37597.65952,      37597.65952
             150,             7121,    0.06299999999,               45,                0,                0,      10.25779079,     -27.98767321,      6571.954508,      840.9803655,      840.9803655,      -1.33496737,      5.550095961,      5.550095961,  -0.008927746275,               -0,               -0,  1.407594957e-13,     -37597.65952,      37597.65952
             160,             7121,    0.06299999999,               45,              360,                0,      10.94069251,     -27.98767321,      6558.165524,      896.4238332,      896.4238332,     -1.422792946,      5.538474727,      5.538474727,  -0.008924263457,               -0,               -0, -3.906188585e-14,     -37597.65952,      37597.65952
             170,             7121,    0.06299999999,               45,                0,                0,      11.62341099,     -27.98767321,      6543.499401,      951.7474069,      951.7474069,     -1.510392917,      5.526117565,      5.526117565,  -0.008920561079,               -0,               -0,  1.334397343e-13,     -37597.65952,      37597.65952
             180,             7121,    0.06299999999,               45,                0,                0,        12.305935,     -27.98767321,      6527.958463,       1006.94374,       1006.94374,     -1.597753582,      5.513027044,      5.513027044,  -0.008916640095,               -0,               -0,  1.423561364e-15,     -37597.65952,      37597.65952
             190,             7121,    0.06299999999,               45,                0,                0,       12.9882534,     -27.98767321,      6511.545172,      1062.005512,      1062.005512,      -1.68486131,      5.499205883,      5.499205883,  -0.008912501509,               -0,               -0,   8.11887501e-14,     -37597.65952,      37597.65952
             200,             7121,    0.06299999999,               45,                0,                0,      13.67035508,     -27.98767321,      6494.262125,      1116.925432,      1116.925432,     -1.771702545,      5.484656948,      5.484656948,  -0.008908146384,               -0,               -0,  1.473645339e-13,     -37597.65952,      37597.65952
             210,             7121,    0.06299999999,               45,              360,                0,      14.35222897,     -27.98767321,      6476.112055,      1171.696235,      1171.696235,     -1.858263813,      5.469383251,      5.469383251,  -0.008903575833,               -0,               -0, -1.374452032e-13,     -37597.65952,      37597.65952
             220,             7121,    0.06299999999,               45,              360,                0,      15.03386407,     -27.98767321,      6457.097827,      1226.310691,      1226.310691,     -1.944531719,       5.45338795,       5.45338795,  -0.008898791023,               -0,               -0, -1.819787888e-13,     -37597.65952,      37597.65952
             230,             7121,    0.06299999999,               45,                0,                0,      15.71524944,     -27.98767321,      6437.222443,        1280.7616,        1280.7616,     -2.030492958,      5.436674345,      5.436674345,  -0.008893793173,               -0,               -0,  1.429522464e-12,     -37597.65952,      37597.65952
             240,             7121,    0.06299999999,               45,                0,                0,      16.39637417,     -27.98767321,      6416.489034,      1335.041795,      1335.041795,     -2.116134314,       5.41924588,       5.41924588,  -0.008888583552,               -0,               -0,  9.717134065e-13,     -37597.65952,      37597.65952
             250,             7121,    0.06299999998,               45,                0,                0,      17.07722743,     -27.98767321,      6394.900866,      1389.144147,      1389.144147,     -2.201442666,      5.401106138,      5.401106138,  -0.008883163481,               -0,               -0,  1.377709734e-12,     -37597.65952,      37597.65952
             260,             7121,    0.06299999998,               45,                0,                0,      17.75779846,     -27.98767321,      6372.461334,       1443.06156,       1443.06156,      -2.28640499,      5.382258843,      5.382258843,  -0.008877534331,               -0,               -0,   1.32065253e-12,     -37597.65952,      37597.65952
             270,             7121,    0.06299999998,               45,                0,                0,      18.43807654,     -27.98767321,      6349.173963,      1496.786978,      1496.786978,     -2.371008364,      5.362707854,      5.362707854,  -0.008871697521,               -0,               -0,  1.286744242e-12,     -37597.65952,      37597.65952
             280,             7121,    0.06299999998,               45,                0,                0,      19.11805103,     -27.98767321,      6325.042406,      1550.313384,      1550.313384,     -2.455239969,      5.342457167,      5.342457167,  -0.008865654519,               -0,               -0,  6.844867189e-13,     -37597.65952,      37597.65952
             290,             7121,    0.06299999998,               45,                0,                0,      19.79771136,     -27.98767321,      6300.070445,      1603.633803,      1603.633803,     -2.539087096,      5.321510912,      5.321510912,  -0.008859406841,               -0,               -0,  2.371216869e-13,     -37597.65952,      37597.65952
             300,             7121,    0.06299999998,               45,                0,                0,      20.47704704,     -27.98767321,      6274.261988,      1656.741298,      1656.741298,     -2.622537148,      5.299873353,      5.299873353,  -0.008852956049,               -0,               -0,  1.226654621e-12,     -37597.65952,      37597.65952
             310,             7121,    0.06299999998,               45,                0,                0,      21.15604763,     -27.98767321,      6247.621068,       1709.62898,       1709.62898,     -2.705577641,      5.277548881,      5.277548881,  -0.008846303752,               -0,               -0,  6.284510723e-14,     -37597.65952,      37597.65952
             320,             7121,    0.06299999998,               45,                0,                0,      21.83470279,     -27.98767321,      6220.151842,      1762.290001,      1762.290001,     -2.788196209,      5.254542019,      5.254542019,  -0.008839451601,               -0,               -0,  1.230121493e-12,     -37597.65952,      37597.65952
             330,             7121,    0.06299999997,               45,                0,                0,      22.51300225,     -27.98767321,      6191.858591,      1814.717561,      1814.717561,     -2.870380608,      5.230857415,      5.230857415,  -0.008832401295,               -0,               -0,  1.124794723e-12,     -37597.65952,      37597.65952
             340,             7121,    0.06299999997,               45,              360,                0,      23.19093581,     -27.98767321,      6162.745717,      1866.904906,      1866.904906,     -2.952118718,      5.206499842,      5.206499842,  -0.008825154575,               -0,               -0, -1.150673035e-13,     -37597.65952,      37597.65952
             350,             7121,    0.06299999997,               45,                0,                0,      23.86849335,     -27.98767321,      6132.817744,      1918.845331,      1918.845331,     -3.033398546,      5.181474195,      5.181474195,  -0.008817713222,               -0,               -0,  2.645609698e-13,     -37597.65952,      37597.65952
             360,             7121,    0.06299999997,               45,                0,                0,      24.54566486,     -27.98767321,      6102.079313,       1970.53218,       1970.53218,     -3.114208229,      5.155785491,      5.155785491,  -0.008810079063,               -0,               -0,   9.12519921e-13,     -37597.65952,      37597.65952
             370,             7121,    0.06299999997,               45,                0,                0,       25.2224404,     -27.98767321,      6070.535186,      2021.958848,      2021.958848,     -3.194536036,      5.129438866,      5.129438866,  -0.008802253961,               -0,               -0,  1.201913965e-13,     -37597.65952,      37597.65952
             380,             7121,    0.06299999997,               45,              360,                0,       25.8988101,     -27.98767321,      6038.190238,      2073.118782,      2073.118782,     -3.274370374,       5.10243957,       5.10243957,   -0.00879423982,               -0,               -0, -1.244275358e-13,     -37597.65952,      37597.65952
             390,             7121,    0.06299999996,               45,              360,                0,      26.57476421,     -27.98767321,      6005.049461,      2124.005481,      2124.005481,     -3.353699785,       5.07479297,       5.07479297,  -0.008786038584,               -0,               -0, -4.457127002e-13,     -37597.65952,      37597.65952
             400,             7121,    0.06299999996,               45,                0,                0,      27.25029306,     -27.98767321,      5971.117963,      2174.612501,      2174.612501,     -3.432512954,      5.046504545,      5.046504545,  -0.008777652232,               -0,               -0,  1.892542576e-12,     -37597.65952,      37597.65952
             410,             7121,    0.06299999996,               45,                0,                0,      27.92538706,     -27.98767321,       5936.40096,      2224.933451,      2224.933451,     -3.510798709,      5.017579882,      5.017579882,  -0.008769082782,               -0,               -0,  3.317073024e-12,     -37597.65952,      37597.65952
             420,             7121,    0.06299999996,               45,                0,                0,      28.60003673,     -27.98767321,      5900.903783,      2274.961997,      2274.961997,     -3.588546024,      4.988024677,      4.988024677,  -0.008760332286,               -0,               -0,  2.854944563e-12,     -37597.65952,      37597.65952
             430,             7121,    0.06299999996,               45,                0,                0,      29.27423269,     -27.98767321,      5864.631871,      2324.691862,      2324.691862,     -3.665744021,      4.957844732,      4.957844732,   -0.00875140283,               -0,               -0,  1.636175157e-12,     -37597.65952,      37597.65952
             440,             7121,    0.06299999996,               45,                0,                0,      29.94796565,     -27.98767321,       5827.59077,      2374.116829,      2374.116829,      -3.74238197,       4.92704595,       4.92704595,  -0.008742296535,               -0,               -0,  2.101908355e-12,     -37597.65952,      37597.65952
             450,             7121,    0.06299999995,               45,                0,                0,      30.62122642,     -27.98767321,      5789.786134,      2423.230739,      2423.230739,     -3.818449298,      4.895634338,      4.895634338,  -0.008733015553,               -0,               -0,  1.969188306e-12,     -37597.65952,      37597.65952
             460,             7121,    0.06299999995,               45,                0,                0,      31.29400591,     -27.98767321,      5751.223721,      2472.027493,      2472.027493,     -3.893935584,      4.863615998,      4.863615998,  -0.008723562067,               -0,               -0,  1.418158278e-12,     -37597.65952,      37597.65952
             470,             7121,    0.06299999995,               45,                0,                0,      31.96629515,     -27.98767321,      5711.909393,      2520.501057,      2520.501057,     -3.968830562,      4.830997131,      4.830997131,  -0.008713938293,               -0,               -0,  2.117318315e-12,     -37597.65952,      37597.65952
             480,             7121,    0.06299999995,               45,                0,                0,      32.63808524,     -27.98767321,      5671.849114,      2568.645455,      2568.645455,     -4.043124129,       4.79778403,       4.79778403,  -0.008704146472,               -0,               -0,  1.555785177e-12,     -37597.65952,      37597.65952
             490,             7121,    0.06299999995,               45,                0,                0,      33.30936743,     -27.98767321,      5631.048948,      2616.454778,      2616.454778,     -4.116806339,      4.763983078,      4.763983078,  -0.008694188877,               -0,               -0,  4.360128691e-12,     -37597.65952,      37597.65952
             500,             7121,    0.06299999994,               45,                0,                0,      33.98013304,     -27.98767321,      5589.515058,      2663.923179,      2663.923179,     -4.189867409,       4.72960075,       4.72960075,  -0.008684067805,               -0,               -0,  3.781679639e-12,     -37597.65952,      37597.65952
             510,             7121,    0.06299999994,               45,                0,                0,      34.65037353,     -27.98767321,      5547.253703,      2711.044877,      2711.044877,      -4.26229772,      4.694643605,      4.694643605,  -0.008673785581,               -0,               -0,    5.0239574e-12,     -37597.65952,      37597.65952
             520,             7121,    0.06299999994,               45,                0,                0,      35.32008044,     -27.98767321,      5504.271238,      2757.814157,      2757.814157,     -4.334087819,      4.659118286,      4.659118286,  -0.008663344554,               -0,               -0,  5.106759187e-12,     -37597.65952,      37597.65952
             530,             7121,    0.06299999994,               45,                0,                0,      35.98924544,     -27.98767321,      5460.574111,      2804.225371,      2804.225371,     -4.405228418,      4.623031518,      4.623031518,  -0.008652747098,               -0,               -0,  4.015957783e-12,     -37597.65952,      37597.65952
             540,             7121,    0.06299999994,               45,                0,                0,      36.65786031,     -27.98767321,      5416.168865,      2850.272939,      2850.272939,     -4.475710398,      4.586390105,      4.586390105,  -0.008641995607,               -0,               -0,  4.792120333e-12,     -37597.65952,      37597.65952
             550,             7121,    0.06299999993,               45,                0,                0,      37.32591694,     -27.98767321,      5371.062129,      2895.951347,      2895.951347,     -4.545524812,      4.549200927,      4.549200927,  -0.008631092498,               -0,               -0,  4.956658856e-12,     -37597.65952,      37597.65952
             560,             7121,    0.06299999993,               45,                0,                0,      37.99340734,     -27.98767321,      5325.260623,      2941.255154,      2941.255154,     -4.614662881,      4.511470937,      4.511470937,  -0.008620040211,               -0,               -0,  3.796049154e-12,     -37597.65952,      37597.65952
             570,             7121,    0.06299999993,               45,                0,                0,      38.66032364,     -27.98767321,      5278.771154,      2986.178987,      2986.178987,     -4.683115998,      4.473207162,      4.473207162,  -0.008608841201,               -0,               -0,  3.601492191e-12,     -37597.65952,      37597.65952
             580,             7121,    0.06299999993,               45,                0,                0,      39.32665807,     -27.98767321,      5231.600614,      3030.717542,      3030.717542,     -4.750875731,      4.434416694,      4.434416694,  -0.008597497945,               -0,               -0,  4.585529093e-12,     -37597.65952,      37597.65952
             590,             7121,    0.06299999993,               45,                0,                0,      39.99240299,     -27.98767321,      5183.755978,      3074.865589,      3074.865589,      -4.81793382,      4.395106695,      4.395106695,  -0.008586012935,               -0,               -0,  4.611588528e-12,     -37597.65952,      37597.65952
             600,             7121,    0.06299999992,               45,                0,                0,      40.65755088,     -27.98767321,      5135.244304,      3118.617968,      3118.617968,     -4.884282182,      4.355284388,      4.355284388,   -0.00857438868,               -0,               -0,   3.89685005e-12,     -37597.65952,      37597.65952
             610,             7121,    0.06299999992,               45,                0,                0,      41.32209434,     -27.98767321,      5086.072727,      3161.969593,      3161.969593,     -4.949912906,       4.31495706,       4.31495706,  -0.008562627705,               -0,               -0,  4.830110063e-12,     -37597.65952,      37597.65952
             620,             7121,    0.06299999992,               45,                0,                0,      41.98602609,     -27.98767321,      5036.248463,       3204.91545,       3204.91545,     -5.014818263,      4.274132054,      4.274132054,  -0.008550732548,               -0,               -0,  3.372127619e-12,     -37597.65952,      37597.65952
             630,             7121,    0.06299999992,               45,                0,                0,      42.64933897,     -27.98767321,      4985.778805,        3247.4506,        3247.4506,     -5.078990695,      4.232816771,      4.232816771,  -0.008538705759,               -0,               -0,  3.320286741e-12,     -37597.65952,      37597.65952
             640,             7121,    0.06299999991,               45,                0,                0,      43.31202593,     -27.98767321,      4934.671117,      3289.570176,      3289.570176,     -5.142422826,      4.191018665,      4.191018665,  -0.008526549903,               -0,               -0,   4.13525635e-12,     -37597.65952,      37597.65952
             650,             7121,    0.06299999991,               45,                0,                0,      43.97408006,     -27.98767321,       4882.93284,      3331.269389,      3331.269389,     -5.205107456,      4.148745242,      4.148745242,  -0.008514267554,               -0,               -0,  3.550786255e-12,     -37597.65952,      37597.65952
             660,             7121,    0.06299999991,               45,                0,                0,      44.63549458,     -27.98767321,      4830.571483,      3372.543522,      3372.543522,     -5.267037565,      4.106004055,      4.106004055,  -0.008501861296,               -0,               -0,  2.993413192e-12,     -37597.65952,      37597.65952
             670,             7121,    0.06299999991,               45,                0,                0,      45.29626282,     -27.98767321,      4777.594627,      3413.387936,      3413.387936,     -5.328206309,      4.062802707,      4.062802707,  -0.008489333722,               -0,               -0,    3.6593435e-12,     -37597.65952,      37597.65952
             680,             7121,    0.06299999991,               45,                0,                0,      45.95637822,     -27.98767321,      4724.009917,      3453.798068,      3453.798068,     -5.388607027,      4.019148841,      4.019148841,  -0.008476687432,               -0,               -0,  3.562021971e-12,     -37597.65952,      37597.65952
             690,             7121,     0.0629999999,               45,                0,                0,      46.61583438,     -27.98767321,      4669.825068,       3493.76943,       3493.76943,     -5.448233233,      3.975050142,      3.975050142,  -0.008463925036,               -0,               -0,  4.142337268e-12,     -37597.65952,      37597.65952
             700,             7121,     0.0629999999,               45,                0,                0,      47.27462501,     -27.98767321,      4615.047855,      3533.297613,      3533.297613,     -5.507078624,      3.930514336,      3.930514336,  -0.008451049145,               -0,               -0,  4.227453837e-12,     -37597.65952,      37597.65952
             710,             7121,     0.0629999999,               45,                0,                0,      47.93274394,     -27.98767321,      4559.686118,      3572.378286,      3572.378286,     -5.565137074,      3.885549184,      3.885549184,   -0.00843806238,               -0,               -0,  3.479008284e-12,     -37597.65952,      37597.65952
             720,             7121,     0.0629999999,               45,                0,                0,      48.59018512,     -27.98767321,      4503.747757,      3611.007192,      3611.007192,     -5.622402637,      3.840162481,      3.840162481,  -0.008424967361,               -0,               -0,  3.126403382e-12,     -37597.65952,      37597.65952
             730,             7121,    0.06299999989,               45,                0,                0,      49.24694266,     -27.98767321,      4447.240728,      3649.180156,      3649.180156,     -5.678869546,      3.794362053,      3.794362053,  -0.008411766716,               -0,               -0,  3.476865901e-12,     -37597.65952,      37597.65952
             740,             7121,    0.06299999989,               45,                0,                0,      49.90301076,     -27.98767321,      4390.173047,       3686.89308,       3686.89308,     -5.734532213,      3.748155758,      3.748155758,  -0.008398463071,               -0,               -0,  2.885939746e-12,     -37597.65952,      37597.65952
             750,             7121,    0.06299999989,               45,                0,                0,      50.55838377,     -27.98767321,      4332.552783,      3724.141945,      3724.141945,     -5.789385228,      3.701551478,      3.701551478,  -0.008385059056,               -0,               -0,  2.875531456e-12,     -37597.65952,      37597.65952
             760,             7121,    0.06299999989,               45,                0,                0,      51.21305616,     -27.98767321,      4274.388058,      3760.922809,      3760.922809,      -5.84342336,      3.654557122,      3.654557122,  -0.008371557298,               -0,               -0,   3.64394245e-12,     -37597.65952,      37597.65952
             770,             7121,    0.06299999988,               45,                0,                0,      51.86702253,     -27.98767321,      4215.687049,      3797.231813,      3797.231813,     -5.896641555,      3.607180619,      3.607180619,  -0.008357960426,               -0,               -0,  3.829994219e-12,     -37597.65952,      37597.65952
             780,             7121,    0.06299999988,               45,                0,                0,      52.52027761,     -27.98767321,      4156.457977,      3833.065174,      3833.065174,     -5.949034937,      3.559429919,      3.559429919,  -0.008344271066,               -0,               -0,  2.395919737e-12,     -37597.65952,      37597.65952
             790,             7121,    0.06299999988,               45,                0,                0,      53.17281624,     -27.98767321,      4096.709115,      3868.419191,      3868.419191,     -6.000598808,       3.51131299,       3.51131299,  -0.008330491843,               -0,               -0,  3.202693725e-12,     -37597.65952,      37597.65952
             800,             7121,    0.06299999988,               45,                0,                0,      53.82463343,     -27.98767321,      4036.448781,       3903.29024,       3903.29024,     -6.051328644,      3.462837817,      3.462837817,  -0.008316625377,               -0,               -0,  2.634525516e-12,     -37597.65952,      37597.65952
             810,             7121,    0.06299999987,               45,                0,                0,      54.47572426,     -27.98767321,      3975.685337,       3937.67478,       3937.67478,     -6.101220097,      3.414012395,      3.414012395,  -0.008302674285,               -0,               -0,  3.088537059e-12,     -37597.65952,      37597.65952
             820,             7121,    0.06299999987,               45,                0,                0,        55.126084,     -27.98767321,      3914.427187,      3971.569347,      3971.569347,     -6.150268994,      3.364844733,      3.364844733,  -0.008288641178,               -0,               -0,  5.546571671e-12,     -37597.65952,      37597.65952
             830,             7121,    0.06299999987,               45,                0,                0,        55.775708,     -27.98767321,      3852.682779,       4004.97056,       4004.97056,     -6.198471338,      3.315342847,      3.315342847,  -0.008274528663,               -0,               -0,  4.837432306e-12,     -37597.65952,      37597.65952
             840,             7121,    0.06299999987,               45,                0,                0,      56.42459176,     -27.98767321,      3790.460595,      4037.875117,      4037.875117,     -6.245823302,       3.26551476,       3.26551476,  -0.008260339337,               -0,               -0,  4.808814538e-12,     -37597.65952,      37597.65952
             850,             7121,    0.06299999986,               45,                0,                0,       57.0727309,     -27.98767321,      3727.769159,      4070.279795,      4070.279795,     -6.292321233,      3.215368503,      3.215368503,  -0.008246075794,               -0,               -0,  5.000410263e-12,     -37597.65952,      37597.65952
             860,             7121,    0.06299999986,               45,                0,                0,      57.72012118,     -27.98767321,      3664.617029,      4102.181453,      4102.181453,     -6.337961649,      3.164912104,      3.164912104,  -0.008231740617,               -0,               -0,  3.904425448e-12,     -37597.65952,      37597.65952
             870,             7121,    0.06299999986,               45,                0,                0,      58.36675848,     -27.98767321,      3601.012796,       4133.57703,       4133.57703,     -6.382741238,      3.114153597,      3.114153597,   -0.00821733638,               -0,               -0,  4.209245271e-12,     -37597.65952,      37597.65952
             880,             7121,    0.06299999986,               45,                0,                0,       59.0126388,     -27.98767321,      3536.965084,      4164.463545,      4164.463545,     -6.426656857,       3.06310101,       3.06310101,  -0.008202865649,               -0,               -0,  5.034295557e-12,     -37597.65952,      37597.65952
             890,             7121,    0.06299999985,               45,                0,                0,      59.65775827,     -27.98767321,      3472.482549,      4194.838097,      4194.838097,     -6.469705532,      3.011762372,      3.011762372,  -0.008188330979,               -0,               -0,  3.909457223e-12,     -37597.65952,      37597.65952
             900,             7121,    0.06299999985,               45,                0,                0,      60.30211316,     -27.98767321,      3407.573873,      4224.697865,      4224.697865,     -6.511884456,      2.960145704,      2.960145704,  -0.008173734915,               -0,               -0,  4.641400976e-12,     -37597.65952,      37597.65952
             910,             7121,    0.06299999985,               45,                0,                0,      60.94569986,     -27.98767321,      3342.247767,      4254.040111,      4254.040111,     -6.553190986,      2.908259019,      2.908259019,  -0.008159079988,               -0,               -0,  4.767666671e-12,     -37597.65952,      37597.65952
             920,             7121,    0.06299999985,               45,                0,                0,      61.58851488,     -27.98767321,      3276.512969,      4282.862172,      4282.862172,     -6.593622644,      2.856110323,      2.856110323,  -0.008144368718,               -0,               -0,  4.285762152e-12,     -37597.65952,      37597.65952
             930,             7121,    0.06299999984,               45,                0,                0,      62.23055485,     -27.98767321,      3210.378239,       4311.16147,       4311.16147,     -6.633177118,      2.803707611,      2.803707611,  -0.008129603614,               -0,               -0,  4.881257192e-12,     -37597.65952,      37597.65952
             940,             7121,    0.06299999984,               45,                0,                0,      62.87181654,     -27.98767321,      3143.852358,      4338.935504,      4338.935504,     -6.671852253,      2.751058864,      2.751058864,  -0.008114787168,               -0,               -0,  4.445843648e-12,     -37597.65952,      37597.65952
             950,             7121,    0.06299999984,               45,                0,                0,      63.51229684,     -27.98767321,      3076.944131,      4366.181854,      4366.181854,     -6.709646058,      2.698172049,      2.698172049,   -0.00809992186,               -0,               -0,  4.831916598e-12,     -37597.65952,      37597.65952
             960,             7121,    0.06299999984,               45,                0,                0,      64.15199276,     -27.98767321,      3009.662381,      4392.898178,      4392.898178,     -6.746556701,      2.645055116,      2.645055116,  -0.008085010156,               -0,               -0,  1.504538786e-12,     -37597.65952,      37597.65952
             970,             7121,    0.06299999983,               45,                0,                0,      64.79090144,     -27.98767321,      2942.015947,      4419.082216,      4419.082216,     -6.782582505,      2.591715998,      2.591715998,  -0.008070054504,               -0,               -0,  1.112789377e-12,     -37597.65952,      37597.65952
             980,             7121,    0.06299999983,               45,                0,                0,      65.42902014,     -27.98767321,      2874.013685,      4444.731784,      4444.731784,      -6.81772195,      2.538162608,      2.538162608,  -0.008055057339,               -0,               -0,  1.890089355e-12,     -37597.65952,      37597.65952
             990,             7121,    0.06299999983,               45,                0,                0,      66.06634624,     -27.98767321,      2805.664467,       4469.84478,       4469.84478,     -6.851973673,      2.484402838,      2.484402838,  -0.008040021079,               -0,               -0,  2.064514085e-12,     -37597.65952,      37597.65952
            1000,             7121,    0.06299999983,               45,                0,                0,      66.70287725,     -27.98767321,      2736.977175,      4494.419179,      4494.419179,     -6.885336461,      2.430444556,      2.430444556,  -0.008024948123,               -0,               -0,  1.160569497e-12,     -37597.65952,      37597.65952
            1010,             7121,    0.06299999982,               45,                0,                0,      67.33861079,     -27.98767321,      2667.960704,      4518.453036,      4518.453036,     -6.917809252,      2.376295607,      2.376295607,  -0.008009840856,               -0,               -0,  2.028231084e-12,     -37597.65952,      37597.65952
            1020,             7121,    0.06299999982,               45,                0,                0,      67.97354462,     -27.98767321,       2598.62396,      4541.944482,      4541.944482,     -6.949391137,       2.32196381,       2.32196381,  -0.007994701644,               -0,               -0,  1.363053375e-12,     -37597.65952,      37597.65952
            1030,             7121,    0.06299999982,               45,                0,                0,      68.60767659,     -27.98767321,      2528.975854,      4564.891728,      4564.891728,     -6.980081353,      2.267456955,      2.267456955,  -0.007979532833,               -0,               -0,  2.805600047e-12,     -37597.65952,      37597.65952
            1040,             7121,    0.06299999982,               45,                0,                0,      69.24100469,     -27.98767321,      2459.025307,      4587.293063,      4587.293063,     -7.009879282,      2.212782803,      2.212782803,  -0.007964336753,               -0,               -0,  2.751556517e-12,     -37597.65952,      37597.65952
            1050,             7121,    0.06299999982,               45,                0,                0,      69.87352704,     -27.98767321,      2388.781244,      4609.146852,      4609.146852,     -7.038784454,      2.157949088,      2.157949088,  -0.007949115713,               -0,               -0,  2.396896072e-12,     -37597.65952,      37597.65952
            1060,             7121,    0.06299999981,               45,                0,                0,      70.50524185,     -27.98767321,      2318.252595,      4630.451539,      4630.451539,     -7.066796539,      2.102963507,      2.102963507,  -0.007933872004,               -0,               -0,  1.885578361e-12,     -37597.65952,      37597.65952
            1070,             7121,    0.06299999981,               45,                0,                0,      71.13614747,     -27.98767321,      2247.448291,      4651.205642,      4651.205642,     -7.093915351,       2.04783373,       2.04783373,  -0.007918607896,               -0,               -0,    1.8284462e-12,     -37597.65952,      37597.65952
            1080,             7121,    0.06299999981,               45,                0,                0,      71.76624234,     -27.98767321,      2176.377266,      4671.407758,      4671.407758,      -7.12014084,      1.992567386,      1.992567386,   -0.00790332564,               -0,               -0,  2.730171848e-12,     -37597.65952,      37597.65952
            1090,             7121,    0.06299999981,               45,                0,                0,      72.39552506,     -27.98767321,      2105.048452,       4691.05656,       4691.05656,     -7.145473096,      1.937172075,      1.937172075,  -0.007888027466,               -0,               -0,  1.293969197e-12,     -37597.65952,      37597.65952
            1100,             7121,     0.0629999998,               45,                0,                0,      73.02399429,     -27.98767321,       2033.47078,      4710.150795,      4710.150795,     -7.169912346,      1.881655355,      1.881655355,  -0.007872715582,               -0,               -0,  2.619081523e-12,     -37597.65952,      37597.65952
            1110,             7121,     0.0629999998,               45,                0,                0,      73.65164886,     -27.98767321,       1961.65318,      4728.689287,      4728.689287,     -7.193458947,      1.826024749,      1.826024749,  -0.007857392176,               -0,               -0,  2.095193743e-12,     -37597.65952,      37597.65952
            1120,             7121,     0.0629999998,               45,                0,                0,      74.27848766,     -27.98767321,      1889.604575,      4746.670935,      4746.670935,     -7.216113393,      1.770287738,      1.770287738,  -0.007842059416,               -0,               -0,  2.097877923e-12,     -37597.65952,      37597.65952
            1130,             7121,     0.0629999998,               45,                0,                0,      74.90450973,     -27.98767321,      1817.333884,      4764.094712,      4764.094712,     -7.237876305,      1.714451766,      1.714451766,  -0.007826719444,               -0,               -0,  1.865209639e-12,     -37597.65952,      37597.65952
            1140,             7121,    0.06299999979,               45,                0,                0,      75.52971421,     -27.98767321,      1744.850019,      4780.959665,      4780.959665,     -7.258748433,      1.658524233,      1.658524233,  -0.007811374385,               -0,               -0,  2.504961981e-12,     -37597.65952,      37597.65952
            1150,             7121,    0.06299999979,               45,                0,                0,      76.15410035,     -27.98767321,      1672.161882,      4797.264916,      4797.264916,     -7.278730655,      1.602512498,      1.602512498,  -0.007796026338,               -0,               -0,  2.540303424e-12,     -37597.65952,      37597.65952
            1160,             7121,    0.06299999979,               45,                0,                0,      76.77766751,     -27.98767321,      1599.278368,      4813.009659,      4813.009659,     -7.297823972,      1.546423875,      1.546423875,  -0.007780677382,               -0,               -0,  2.473334699e-12,     -37597.65952,      37597.65952
            1170,             7121,    0.06299999979,               45,                0,                0,      77.40041515,     -27.98767321,      1526.208362,      4828.193162,      4828.193162,     -7.316029509,      1.490265634,      1.490265634,  -0.007765329571,               -0,               -0,  1.761008548e-12,     -37597.65952,      37597.65952
            1180,             7121,    0.06299999978,               45,                0,                0,      78.02234285,     -27.98767321,      1452.960733,      4842.814764,      4842.814764,     -7.333348512,      1.434045002,      1.434045002,  -0.007749984939,               -0,               -0,  1.758238737e-12,     -37597.65952,      37597.65952
            1190,             7121,    0.06299999978,               45,                0,                0,       78.6434503,     -27.98767321,      1379.544342,      4856.873878,      4856.873878,     -7.349782344,      1.377769156,      1.377769156,  -0.007734645495,               -0,               -0,  2.420926942e-12,     -37597.65952,      37597.65952
            1200,             7121,    0.06299999978,               45,                0,                0,      79.26373728,     -27.98767321,      1305.968032,      4870.369987,      4870.369987,     -7.365332489,      1.321445228,      1.321445228,  -0.007719313224,               -0,               -0,  1.760662002e-12,     -37597.65952,      37597.65952
            1210,             7121,    0.06299999978,               45,                0,                0,      79.88320369,     -27.98767321,      1232.240633,      4883.302645,      4883.302645,     -7.380000542,        1.2650803,        1.2650803,  -0.007703990091,               -0,               -0,  1.909590671e-12,     -37597.65952,      37597.65952
            1220,             7121,    0.06299999978,               45,                0,                0,      80.50184952,     -27.98767321,      1158.370956,      4895.671479,      4895.671479,     -7.393788213,      1.208681408,      1.208681408,  -0.007688678034,               -0,               -0,  2.330382798e-12,     -37597.65952,      37597.65952
            1230,             7121,    0.06299999977,               45,                0,                0,      81.11967488,     -27.98767321,      1084.367797,      4907.476184,      4907.476184,     -7.406697325,      1.152255537,      1.152255537,  -0.007673378969,               -0,               -0,  1.891291931e-12,     -37597.65952,      37597.65952
            1240,             7121,    0.06299999977,               45,                0,                0,      81.73667997,     -27.98767321,      1010.239932,      4918.716523,      4918.716523,     -7.418729807,       1.09580962,       1.09580962,  -0.007658094788,               -0,               -0,  2.007119615e-12,     -37597.65952,      37597.65952
            1250,             7121,    0.06299999977,               45,                0,                0,      82.35286509,     -27.98767321,      935.9961162,      4929.392332,      4929.392332,     -7.429887698,      1.039350541,      1.039350541,   -0.00764282736,               -0,               -0,  1.782539348e-12,     -37597.65952,      37597.65952
            1260,             7121,    0.06299999977,               45,                0,                0,      82.96823065,     -27.98767321,      861.6450859,      4939.503513,      4939.503513,     -7.440173142,     0.9828851323,     0.9828851323,  -0.007627578528,               -0,               -0,  2.155179834e-12,     -37597.65952,      37597.65952
            1270,             7121,    0.06299999976,               45,                0,                0,      83.58277714,     -27.98767321,       787.195554,      4949.050036,      4949.050036,     -7.449588387,     0.9264201719,     0.9264201719,  -0.007612350114,               -0,               -0,   2.00821444e-12,     -37597.65952,      37597.65952
            1280,             7121,    0.06299999976,               45,                0,                0,      84.19650518,     -27.98767321,       712.656211,       4958.03194,       4958.03194,     -7.458135781,     0.8699623865,     0.8699623865,  -0.007597143913,               -0,               -0,  2.625577857e-12,     -37597.65952,      37597.65952
            1290,             7121,    0.06299999976,               45,                0,                0,      84.80941545,     -27.98767321,      638.0357231,       4966.44933,       4966.44933,     -7.465817775,     0.8135184484,     0.8135184484,  -0.007581961699,               -0,               -0,  2.092136857e-12,     -37597.65952,      37597.65952
            1300,             7121,    0.06299999976,               45,                0,                0,      85.42150876,     -27.98767321,      563.3427317,      4974.302378,      4974.302378,     -7.472636914,     0.7570949762,     0.7570949762,  -0.007566805218,               -0,               -0,   2.07679269e-12,     -37597.65952,      37597.65952
            1310,             7121,    0.06299999976,               45,                0,                0,      86.03278599,     -27.98767321,      488.5858522,       4981.59132,       4981.59132,     -7.478595841,     0.7006985334,     0.7006985334,  -0.007551676196,               -0,               -0,  2.413526565e-12,     -37597.65952,      37597.65952
            1320,             7121,    0.06299999975,               45,                0,                0,      86.64324811,     -27.98767321,      413.7736732,       4988.31646,       4988.31646,     -7.483697295,     0.6443356285,     0.6443356285,  -0.007536576332,               -0,               -0,  2.016355219e-12,     -37597.65952,      37597.65952
            1330,             7121,    0.06299999975,               45,                0,                0,      87.25289622,     -27.98767321,      338.9147552,      4994.478166,      4994.478166,     -7.487944104,     0.5880127146,     0.5880127146,  -0.007521507303,               -0,               -0,  2.013821303e-12,     -37597.65952,      37597.65952
            1340,             7121,    0.06299999975,               45,                0,                0,      87.86173147,     -27.98767321,      264.0176302,      5000.076869,      5000.076869,     -7.491339188,     0.5317361883,     0.5317361883,  -0.007506470759,               -0,               -0,   2.15227313e-12,     -37597.65952,      37597.65952
            1350,             7121,    0.06299999975,               45,                0,                0,      88.46975511,     -27.98767321,      189.0908005,      5005.113065,      5005.113065,     -7.493885555,     0.4755123901,     0.4755123901,   -0.00749146833,               -0,               -0,  2.396628467e-12,     -37597.65952,      37597.65952
            1360,             7121,    0.06299999974,               45,                0,                0,      89.07696851,     -27.98767321,      114.1427379,      5009.587313,      5009.587313,       -7.4955863,     0.4193476035,     0.4193476035,  -0.007476501617,               -0,               -0,   2.37741088e-12,     -37597.65952,      37597.65952
            1370,             7121,    0.06299999974,               45,                0,                0,      89.68337309,     -27.98767321,      39.18188267,      5013.500235,      5013.500235,     -7.496444603,     0.3632480548,     0.3632480548,  -0.007461572202,               -0,               -0,   2.20176361e-12,     -37597.65952,      37597.65952
            1380,             7121,    0.06299999974,               45,                0,                0,      90.28897037,     -27.98767321,      -35.7833569,      5016.852513,      5016.852513,     -7.496463726,     0.3072199129,     0.3072199129,  -0.007446681639,               -0,               -0,  2.219000886e-12,     -37597.65952,      37597.65952
            1390,             7121,    0.06299999974,               45,                0,                0,      90.89376196,     -27.98767321,     -110.7446057,      5019.644891,      5019.644891,     -7.495647013,     0.2512692888,     0.2512692888,  -0.007431831461,               -0,               -0,  2.140578615e-12,     -37597.65952,      37597.65952
            1400,             7121,    0.06299999974,               45,                0,                0,      91.49774957,     -27.98767321,     -185.6935224,      5021.878177,      5021.878177,     -7.493997887,     0.1954022355,     0.1954022355,  -0.007417023176,               -0,               -0,  2.244055779e-12,     -37597.65952,      37597.65952
            1410,             7121,    0.06299999973,               45,                0,                0,      92.10093496,     -27.98767321,     -260.6218004,      5023.553235,      5023.553235,     -7.491519849,     0.1396247476,     0.1396247476,  -0.007402258268,               -0,               -0,  2.283711168e-12,     -37597.65952,      37597.65952
            1420,             7121,    0.06299999973,               45,                0,                0,      92.70331999,     -27.98767321,     -335.5211683,       5024.67099,       5024.67099,     -7.488216475,     0.0839427613,     0.0839427613,  -0.007387538198,               -0,               -0,  2.221468546e-12,     -37597.65952,      37597.65952
            1430,             7121,    0.06299999973,               45,                0,                0,      93.30490662,     -27.98767321,     -410.3833909,      5025.232428,      5025.232428,     -7.484091416,    0.02836215396,    0.02836215396,  -0.007372864403,               -0,               -0,  2.245368898e-12,     -37597.65952,      37597.65952
            1440,             7121,    0.06299999973,               45,                0,                0,      93.90569687,     -27.98767321,       -485.20027,      5025.238591,      5025.238591,     -7.479148393,   -0.02711125591,   -0.02711125591,  -0.007358238296,               -0,               -0,  2.231487117e-12,     -37597.65952,      37597.65952
            1450,             7121,    0.06299999973,               45,                0,                0,      94.50569283,     -27.98767321,     -559.9636448,      5024.690579,      5024.690579,       -7.4733912,   -0.08247170883,   -0.08247170883,  -0.007343661269,               -0,               -0,  2.215108857e-12,     -37597.65952,      37597.65952
            1460,             7121,    0.06299999972,               45,                0,                0,       95.1048967,     -27.98767321,      -634.665393,      5023.589552,      5023.589552,     -7.466823699,    -0.1377135045,    -0.1377135045,  -0.007329134688,               -0,               -0,  2.282978791e-12,     -37597.65952,      37597.65952
            1470,             7121,    0.06299999972,               45,                0,                0,      95.70331074,     -27.98767321,     -709.2974309,      5021.936724,      5021.936724,     -7.459449819,    -0.1928310019,    -0.1928310019,  -0.007314659898,               -0,               -0,  2.280390194e-12,     -37597.65952,      37597.65952
            1480,             7121,    0.06299999972,               45,                0,                0,      96.30093728,     -27.98767321,     -783.8517147,      5019.733365,      5019.733365,     -7.451273554,    -0.2478186192,    -0.2478186192,   -0.00730023822,               -0,               -0,  2.153297329e-12,     -37597.65952,      37597.65952
            1490,             7121,    0.06299999972,               45,                0,                0,      96.89777874,     -27.98767321,     -858.3202408,      5016.980803,      5016.980803,     -7.442298961,    -0.3026708342,    -0.3026708342,  -0.007285870952,               -0,               -0,   2.25888402e-12,     -37597.65952,      37597.65952
            1500,             7121,    0.06299999972,               45,                0,                0,      97.49383761,     -27.98767321,     -932.6950466,      5013.680418,      5013.680418,     -7.432530162,     -0.357382184,     -0.357382184,  -0.007271559371,               -0,               -0,  2.244491492e-12,     -37597.65952,      37597.65952
            1510,             7121,    0.06299999971,               45,                0,                0,      98.08911645,     -27.98767321,     -1006.968211,      5009.833646,      5009.833646,     -7.421971335,    -0.4119472652,    -0.4119472652,   -0.00725730473,               -0,               -0,  2.154707637e-12,     -37597.65952,      37597.65952
            1520,             7121,    0.06299999971,               45,                0,                0,      98.68361789,     -27.98767321,     -1081.131854,      5005.441978,      5005.441978,     -7.410626721,    -0.4663607338,    -0.4663607338,  -0.007243108261,               -0,               -0,  2.415440179e-12,     -37597.65952,      37597.65952
            1530,             7121,    0.06299999971,               45,                0,                0,      99.27734465,     -27.98767321,      -1155.17814,      5000.506955,      5000.506955,     -7.398500617,    -0.5206173052,    -0.5206173052,  -0.007228971171,               -0,               -0,   2.20885976e-12,     -37597.65952,      37597.65952
            1540,             7121,    0.06299999971,               45,                0,                0,      99.87029949,     -27.98767321,     -1229.099276,      4995.030172,      4995.030172,     -7.385597373,    -0.5747117543,    -0.5747117543,  -0.007214894649,               -0,               -0,  2.141153982e-12,     -37597.65952,      37597.65952
            1550,             7121,    0.06299999971,               45,                0,                0,      100.4624853,     -27.98767321,     -1302.887512,      4989.013277,      4989.013277,     -7.371921397,    -0.6286389151,    -0.6286389151,   -0.00720087986,               -0,               -0,  2.130589732e-12,     -37597.65952,      37597.65952
            1560,             7121,    0.06299999971,               45,                0,                0,      101.0539049,     -27.98767321,     -1376.535143,      4982.457969,      4982.457969,     -7.357477146,    -0.6823936812,    -0.6823936812,  -0.007186927946,               -0,               -0,  2.305504609e-12,     -37597.65952,      37597.65952
            1570,             7121,     0.0629999997,               45,                0,                0,      101.6445614,     -27.98767321,     -1450.034509,      4975.365995,      4975.365995,     -7.342269131,     -0.735971005,     -0.735971005,  -0.007173040032,               -0,               -0,  2.422992045e-12,     -37597.65952,      37597.65952
            1580,             7121,     0.0629999997,               45,                0,                0,      102.2344577,     -27.98767321,     -1523.377995,      4967.739157,      4967.739157,     -7.326301912,    -0.7893658981,    -0.7893658981,  -0.007159217217,               -0,               -0,  1.990611395e-12,     -37597.65952,      37597.65952
            1590,             7121,     0.0629999997,               45,                0,                0,       102.823597,     -27.98767321,     -1596.558032,      4959.579302,      4959.579302,     -7.309580094,    -0.8425734311,    -0.8425734311,  -0.007145460582,               -0,               -0,  1.748261912e-12,     -37597.65952,      37597.65952
            1600,             7121,     0.0629999997,               45,                0,                0,      103.4119825,     -27.98767321,     -1669.567097,      4950.888329,      4950.888329,     -7.292108333,     -0.895588733,     -0.895588733,  -0.007131771186,               -0,               -0,  2.623010669e-12,     -37597.65952,      37597.65952
            1610,             7121,     0.0629999997,               45,                0,                0,      103.9996175,     -27.98767321,     -1742.397714,      4941.668184,      4941.668184,     -7.273891327,    -0.9484069918,    -0.9484069918,  -0.007118150068,               -0,               -0,  1.886786971e-12,     -37597.65952,      37597.65952
            1620,             7121,     0.0629999997,               45,                0,                0,      104.5865051,     -27.98767321,     -1815.042455,      4931.920862,      4931.920862,     -7.254933819,     -1.001023454,     -1.001023454,  -0.007104598246,               -0,               -0,  2.575507965e-12,     -37597.65952,      37597.65952
            1630,             7121,    0.06299999969,               45,                0,                0,      105.1726489,     -27.98767321,     -1887.493938,      4921.648403,      4921.648403,     -7.235240594,     -1.053433424,     -1.053433424,  -0.007091116717,               -0,               -0,  2.426086512e-12,     -37597.65952,      37597.65952
            1640,             7121,    0.06299999969,               45,                0,                0,      105.7580521,     -27.98767321,     -1959.744831,      4910.852897,      4910.852897,     -7.214816479,     -1.105632264,     -1.105632264,  -0.007077706461,               -0,               -0,  2.376332611e-12,     -37597.65952,      37597.65952
            1650,             7121,    0.06299999969,               45,                0,                0,      106.3427184,     -27.98767321,     -2031.787848,      4899.536477,      4899.536477,     -7.193666339,     -1.157615394,     -1.157615394,  -0.007064368435,               -0,               -0,  2.205774135e-12,     -37597.65952,      37597.65952
            1660,             7121,    0.06299999969,               45,                0,                0,      106.9266512,     -27.98767321,     -2103.615754,      4887.701323,      4887.701323,     -7.171795077,     -1.209378293,     -1.209378293,  -0.007051103578,               -0,               -0,  2.585911157e-12,     -37597.65952,      37597.65952
            1670,             7121,    0.06299999969,               45,                0,                0,      107.5098542,     -27.98767321,     -2175.221362,       4875.34966,       4875.34966,     -7.149207636,     -1.260916496,     -1.260916496,   -0.00703791281,               -0,               -0,  2.588826927e-12,     -37597.65952,      37597.65952
            1680,             7121,    0.06299999969,               45,                0,                0,       108.092331,     -27.98767321,     -2246.597536,      4862.483757,      4862.483757,     -7.125908992,     -1.312225596,     -1.312225596,   -0.00702479703,               -0,               -0,  1.799691548e-12,     -37597.65952,      37597.65952
            1690,             7121,    0.06299999968,               45,                0,                0,      108.6740853,     -27.98767321,     -2317.737188,      4849.105926,      4849.105926,     -7.101904157,     -1.363301241,     -1.363301241,  -0.007011757121,               -0,               -0,  1.981269177e-12,     -37597.65952,      37597.65952
            1700,             7121,    0.06299999968,               45,                0,                0,      109.2551209,     -27.98767321,     -2388.633282,      4835.218524,      4835.218524,     -7.077198173,     -1.414139138,     -1.414139138,  -0.006998793944,               -0,               -0,  2.348321675e-12,     -37597.65952,      37597.65952
            1710,             7121,    0.06299999968,               45,                0,                0,      109.8354416,     -27.98767321,     -2459.278831,       4820.82395,       4820.82395,     -7.051796119,     -1.464735048,     -1.464735048,  -0.006985908345,               -0,               -0,  1.705581692e-12,     -37597.65952,      37597.65952
            1720,             7121,    0.06299999968,               45,                0,                0,      110.4150513,     -27.98767321,     -2529.666901,      4805.924644,      4805.924644,     -7.025703101,      -1.51508479,      -1.51508479,   -0.00697310115,               -0,               -0,  1.797286492e-12,     -37597.65952,      37597.65952
            1730,             7121,    0.06299999968,               45,                0,                0,      110.9939539,     -27.98767321,     -2599.790607,      4790.523089,      4790.523089,     -6.998924255,     -1.565184237,     -1.565184237,  -0.006960373167,               -0,               -0,  2.048857721e-12,     -37597.65952,      37597.65952
            1740,             7121,    0.06299999968,               45,                0,                0,      111.5721535,     -27.98767321,     -2669.643117,      4774.621807,      4774.621807,     -6.971464748,     -1.615029318,     -1.615029318,  -0.006947725186,               -0,               -0,  2.093859157e-12,     -37597.65952,      37597.65952
            1750,             7121,    0.06299999967,               45,                0,                0,       112.149654,     -27.98767321,      -2739.21765,      4758.223364,      4758.223364,     -6.943329771,     -1.664616018,     -1.664616018,  -0.006935157981,               -0,               -0,  2.300754299e-12,     -37597.65952,      37597.65952
            1760,             7121,    0.06299999967,               45,                0,                0,      112.7264595,     -27.98767321,     -2808.507478,      4741.330361,      4741.330361,     -6.914524544,     -1.713940376,     -1.713940376,  -0.006922672308,               -0,               -0,  2.287247403e-12,     -37597.65952,      37597.65952
            1770,             7121,    0.06299999967,               45,                0,                0,      113.3025742,     -27.98767321,     -2877.505924,      4723.945444,      4723.945444,      -6.88505431,     -1.762998484,     -1.762998484,  -0.006910268905,               -0,               -0,  2.280935924e-12,     -37597.65952,      37597.65952
            1780,             7121,    0.06299999967,               45,                0,                0,      113.8780021,     -27.98767321,     -2946.206365,      4706.071292,      4706.071292,     -6.854924337,     -1.811786489,     -1.811786489,  -0.006897948494,               -0,               -0,   2.65324676e-12,     -37597.65952,      37597.65952
            1790,             7121,    0.06299999967,               45,                0,                0,      114.4527477,     -27.98767321,      -3014.60223,      4687.710627,      4687.710627,     -6.824139916,     -1.860300593,     -1.860300593,  -0.006885711781,               -0,               -0,  2.080456385e-12,     -37597.65952,      37597.65952
            1800,             7121,    0.06299999967,               45,                0,                0,       115.026815,     -27.98767321,        -3082.687,      4668.866206,      4668.866206,     -6.792706359,      -1.90853705,      -1.90853705,  -0.006873559455,               -0,               -0,  2.691696363e-12,     -37597.65952,      37597.65952
            1810,             7121,    0.06299999967,               45,                0,                0,      115.6002085,     -27.98767321,     -3150.454211,      4649.540824,      4649.540824,     -6.760629002,     -1.956492165,     -1.956492165,   -0.00686149219,               -0,               -0,  1.693233139e-12,     -37597.65952,      37597.65952
            1820,             7121,    0.06299999966,               45,                0,                0,      116.1729325,     -27.98767321,     -3217.897452,      4629.737312,      4629.737312,     -6.727913197,       -2.0041623,       -2.0041623,  -0.006849510643,               -0,               -0,  2.175002532e-12,     -37597.65952,      37597.65952
            1830,             7121,    0.06299999966,               45,                0,                0,      116.7449914,     -27.98767321,     -3285.010364,       4609.45854,       4609.45854,     -6.694564317,     -2.051543865,     -2.051543865,  -0.006837615455,               -0,               -0,  1.997038744e-12,     -37597.65952,      37597.65952
            1840,             7121,    0.06299999966,               45,                0,                0,      117.3163897,     -27.98767321,     -3351.786646,      4588.707409,      4588.707409,     -6.660587753,     -2.098633325,     -2.098633325,  -0.006825807253,               -0,               -0,  2.575561791e-12,     -37597.65952,      37597.65952
            1850,             7121,    0.06299999966,               45,                0,                0,      117.8871317,     -27.98767321,     -3418.220045,      4567.486858,      4567.486858,     -6.625988913,     -2.145427192,     -2.145427192,  -0.006814086649,               -0,               -0,  1.712103765e-12,     -37597.65952,      37597.65952
            1860,             7121,    0.06299999966,               45,                0,                0,      118.4572221,     -27.98767321,     -3484.304368,      4545.799862,      4545.799862,     -6.590773222,     -2.191922034,     -2.191922034,  -0.006802454239,               -0,               -0,  2.028779042e-12,     -37597.65952,      37597.65952
            1870,             7121,    0.06299999966,               45,                0,                0,      119.0266655,     -27.98767321,     -3550.033472,      4523.649426,      4523.649426,     -6.554946119,     -2.238114467,     -2.238114467,  -0.006790910606,               -0,               -0,  1.922794712e-12,     -37597.65952,      37597.65952
            1880,             7121,    0.06299999966,               45,                0,                0,      119.5954664,     -27.98767321,      -3615.40127,      4501.038591,      4501.038591,     -6.518513058,     -2.284001157,     -2.284001157,  -0.006779456316,               -0,               -0,  1.975662656e-12,     -37597.65952,      37597.65952
            1890,             7121,    0.06299999965,               45,                0,                0,      120.1636295,     -27.98767321,     -3680.401731,      4477.970433,      4477.970433,     -6.481479508,      -2.32957882,      -2.32957882,  -0.006768091923,               -0,               -0,  1.353664007e-12,     -37597.65952,      37597.65952
            1900,             7121,    0.06299999965,               45,                0,                0,      120.7311594,     -27.98767321,     -3745.028877,      4454.448056,      4454.448056,     -6.443850949,     -2.374844221,     -2.374844221,  -0.006756817966,               -0,               -0,  1.984740239e-12,     -37597.65952,      37597.65952
            1910,             7121,    0.06299999965,               45,                0,                0,       121.298061,     -27.98767321,     -3809.276785,        4430.4746,        4430.4746,     -6.405632874,     -2.419794175,     -2.419794175,  -0.006745634972,               -0,               -0,  2.151747063e-12,     -37597.65952,      37597.65952
            1920,             7121,    0.06299999965,               45,                0,                0,      121.8643389,     -27.98767321,     -3873.139588,      4406.053234,      4406.053234,     -6.366830787,     -2.464425545,     -2.464425545,  -0.006734543453,               -0,               -0,  2.012936437e-12,     -37597.65952,      37597.65952
            1930,             7121,    0.06299999965,               45,                0,                0,       122.429998,     -27.98767321,     -3936.611472,      4381.187161,      4381.187161,     -6.327450202,     -2.508735241,     -2.508735241,  -0.006723543908,               -0,               -0,  2.465188955e-12,     -37597.65952,      37597.65952
            1940,             7121,    0.06299999965,               45,                0,                0,      122.9950431,     -27.98767321,     -3999.686682,      4355.879612,      4355.879612,     -6.287496645,     -2.552720222,     -2.552720222,  -0.006712636823,               -0,               -0,  1.643062066e-12,     -37597.65952,      37597.65952
            1950,             7121,    0.06299999965,               45,                0,                0,       123.559479,     -27.98767321,     -4062.359514,      4330.133849,      4330.133849,     -6.246975648,     -2.596377493,     -2.596377493,  -0.006701822672,               -0,               -0,  1.298211559e-12,     -37597.65952,      37597.65952
            1960,             7121,    0.06299999965,               45,                0,                0,      124.1233107,     -27.98767321,     -4124.624322,      4303.953164,      4303.953164,     -6.205892753,     -2.639704108,     -2.639704108,  -0.006691101916,               -0,               -0,  1.362968416e-12,     -37597.65952,      37597.65952
            1970,             7121,    0.06299999964,               45,                0,                0,      124.6865431,     -27.98767321,     -4186.475514,      4277.340879,      4277.340879,     -6.164253511,     -2.682697164,     -2.682697164,  -0.006680475002,               -0,               -0,  2.494442807e-12,     -37597.65952,      37597.65952
            1980,             7121,    0.06299999964,               45,                0,                0,      125.2491811,     -27.98767321,     -4247.907556,      4250.300342,      4250.300342,     -6.122063477,     -2.725353806,     -2.725353806,  -0.006669942369,               -0,               -0,  1.313113245e-12,     -37597.65952,      37597.65952
            1990,             7121,    0.06299999964,               45,                0,                0,      125.8112298,     -27.98767321,     -4308.914967,      4222.834933,      4222.834933,     -6.079328215,     -2.767671224,     -2.767671224,  -0.006659504441,               -0,               -0,  1.595452237e-12,     -37597.65952,      37597.65952
            2000,             7121,    0.06299999964,               45,                0,                0,      126.3726942,     -27.98767321,     -4369.492321,      4194.948058,      4194.948058,     -6.036053293,     -2.809646654,     -2.809646654,   -0.00664916163,               -0,               -0,  1.388220434e-12,     -37597.65952,      37597.65952
            2010,             7121,    0.06299999964,               45,                0,                0,      126.9335793,     -27.98767321,     -4429.634252,      4166.643149,      4166.643149,     -5.992244285,     -2.851277374,     -2.851277374,   -0.00663891434,               -0,               -0,  1.670760904e-12,     -37597.65952,      37597.65952
            2020,             7121,    0.06299999964,               45,                0,                0,      127.4938902,     -27.98767321,     -4489.335445,      4137.923668,      4137.923668,     -5.947906769,     -2.892560709,     -2.892560709,  -0.006628762959,               -0,               -0,  1.336456269e-12,     -37597.65952,      37597.65952
            2030,             7121,    0.06299999964,               45,                0,                0,      128.0536322,     -27.98767321,     -4548.590644,      4108.793102,      4108.793102,     -5.903046329,     -2.933494026,     -2.933494026,  -0.006618707869,               -0,               -0,  1.677631759e-12,     -37597.65952,      37597.65952
            2040,             7121,    0.06299999964,               45,                0,                0,      128.6128102,     -27.98767321,     -4607.394648,      4079.254963,      4079.254963,     -5.857668549,     -2.974074735,     -2.974074735,  -0.006608749437,               -0,               -0,  2.581488795e-12,     -37597.65952,      37597.65952
            2050,             7121,    0.06299999964,               45,                0,                0,      129.1714295,     -27.98767321,      -4665.74231,      4049.312791,      4049.312791,     -5.811779018,     -3.014300291,     -3.014300291,  -0.006598888023,               -0,               -0,  1.533080282e-12,     -37597.65952,      37597.65952
            2060,             7121,    0.06299999963,               45,                0,                0,      129.7294953,     -27.98767321,     -4723.628541,       4018.97015,       4018.97015,     -5.765383328,     -3.054168188,     -3.054168188,  -0.006589123974,               -0,               -0,  1.201816894e-12,     -37597.65952,      37597.65952
            2070,             7121,    0.06299999963,               45,                0,                0,      130.2870128,     -27.98767321,     -4781.048308,      3988.230628,      3988.230628,     -5.718487072,     -3.093675965,     -3.093675965,  -0.006579457628,               -0,               -0,  2.234496749e-12,     -37597.65952,      37597.65952
            2080,             7121,    0.06299999963,               45,                0,                0,      130.8439873,     -27.98767321,     -4837.996632,      3957.097839,      3957.097839,     -5.671095843,       -3.1328212,       -3.1328212,  -0.006569889313,               -0,               -0,  1.650880328e-12,     -37597.65952,      37597.65952
            2090,             7121,    0.06299999963,               45,                0,                0,       131.400424,     -27.98767321,     -4894.468593,       3925.57542,       3925.57542,     -5.623215236,     -3.171601515,     -3.171601515,  -0.006560419349,               -0,               -0,  1.188657158e-12,     -37597.65952,      37597.65952
            2100,             7121,    0.06299999963,               45,                0,                0,      131.9563283,     -27.98767321,     -4950.459324,      3893.667033,      3893.667033,     -5.574850849,     -3.210014569,     -3.210014569,  -0.006551048043,               -0,               -0,  1.197430452e-12,     -37597.65952,      37597.65952
            2110,             7121,    0.06299999963,               45,                0,                0,      132.5117055,     -27.98767321,     -5005.964016,      3861.376361,      3861.376361,     -5.526008275,     -3.248058065,     -3.248058065,  -0.006541775695,               -0,               -0,  1.399646558e-12,     -37597.65952,      37597.65952
            2120,             7121,    0.06299999963,               45,                0,                0,       133.066561,     -27.98767321,     -5060.977915,      3828.707111,      3828.707111,     -5.476693111,     -3.285729743,     -3.285729743,  -0.006532602597,               -0,               -0,  8.585774405e-13,     -37597.65952,      37597.65952
            2130,             7121,    0.06299999963,               45,                0,                0,      133.6209001,     -27.98767321,     -5115.496322,      3795.663013,      3795.663013,     -5.426910951,     -3.323027382,     -3.323027382,  -0.006523529029,               -0,               -0,  2.263281911e-12,     -37597.65952,      37597.65952
            2140,             7121,    0.06299999963,               45,                0,                0,      134.1747282,     -27.98767321,     -5169.514596,      3762.247817,      3762.247817,     -5.376667388,     -3.359948803,     -3.359948803,  -0.006514555264,               -0,               -0,  8.246525039e-13,     -37597.65952,      37597.65952
            2150,             7121,    0.06299999963,               45,                0,                0,      134.7280508,     -27.98767321,      -5223.02815,      3728.465298,      3728.465298,     -5.325968013,     -3.396491862,     -3.396491862,  -0.006505681568,               -0,               -0,  1.023487912e-12,     -37597.65952,      37597.65952
            2160,             7121,    0.06299999962,               45,                0,                0,      135.2808734,     -27.98767321,     -5276.032455,      3694.319248,      3694.319248,     -5.274818417,     -3.432654455,     -3.432654455,  -0.006496908196,               -0,               -0,  1.434949699e-12,     -37597.65952,      37597.65952
            2170,             7121,    0.06299999962,               45,                0,                0,      135.8332013,     -27.98767321,     -5328.523036,      3659.813484,      3659.813484,     -5.223224186,     -3.468434515,     -3.468434515,  -0.006488235396,               -0,               -0,  2.500568566e-12,     -37597.65952,      37597.65952
            2180,             7121,    0.06299999962,               45,                0,                0,      136.3850401,     -27.98767321,     -5380.495475,       3624.95184,       3624.95184,     -5.171190906,     -3.503830012,     -3.503830012,  -0.006479663409,               -0,               -0,  9.514742122e-13,     -37597.65952,      37597.65952
            2190,             7121,    0.06299999962,               45,                0,                0,      136.9363953,     -27.98767321,      -5431.94541,      3589.738172,      3589.738172,     -5.118724159,     -3.538838954,     -3.538838954,  -0.006471192467,               -0,               -0,  1.049929024e-12,     -37597.65952,      37597.65952
            2200,             7121,    0.06299999962,               45,                0,                0,      137.4872724,     -27.98767321,     -5482.868532,      3554.176356,      3554.176356,     -5.065829522,     -3.573459384,     -3.573459384,  -0.006462822795,               -0,               -0,  2.258067144e-12,     -37597.65952,      37597.65952
            2210,             7121,    0.06299999962,               45,                0,                0,       138.037677,     -27.98767321,     -5533.260592,      3518.270286,      3518.270286,      -5.01251257,     -3.607689382,     -3.607689382,   -0.00645455461,               -0,               -0,  2.449654451e-12,     -37597.65952,      37597.65952
            2220,             7121,    0.06299999962,               45,                0,                0,      138.5876147,     -27.98767321,     -5583.117394,      3482.023876,      3482.023876,     -4.958778876,     -3.641527061,     -3.641527061,  -0.006446388123,               -0,               -0,  8.465960347e-13,     -37597.65952,      37597.65952
            2230,             7121,    0.06299999962,               45,                0,                0,      139.1370909,     -27.98767321,     -5632.434799,      3445.441058,      3445.441058,     -4.904634005,     -3.674970573,     -3.674970573,  -0.006438323536,               -0,               -0,   2.41487369e-12,     -37597.65952,      37597.65952
            2240,             7121,    0.06299999962,               45,                0,                0,      139.6861115,     -27.98767321,     -5681.208722,      3408.525784,      3408.525784,     -4.850083521,     -3.708018101,     -3.708018101,  -0.006430361048,               -0,               -0,  9.840347783e-13,     -37597.65952,      37597.65952
            2250,             7121,    0.06299999962,               45,                0,                0,      140.2346819,     -27.98767321,     -5729.435136,      3371.282022,      3371.282022,     -4.795132982,     -3.740667866,     -3.740667866,  -0.006422500846,               -0,               -0,  1.050303698e-12,     -37597.65952,      37597.65952
            2260,             7121,    0.06299999962,               45,                0,                0,      140.7828078,     -27.98767321,     -5777.110067,      3333.713759,      3333.713759,     -4.739787941,     -3.772918119,     -3.772918119,  -0.006414743114,               -0,               -0,  1.299371114e-12,     -37597.65952,      37597.65952
            2270,             7121,    0.06299999962,               45,                0,                0,      141.3304949,     -27.98767321,     -5824.229598,      3295.824997,      3295.824997,     -4.684053946,     -3.804767147,     -3.804767147,   -0.00640708803,               -0,               -0,  1.818292667e-12,     -37597.65952,      37597.65952
            2280,             7121,    0.06299999961,               45,                0,                0,      141.8777489,     -27.98767321,     -5870.789868,      3257.619759,      3257.619759,      -4.62793654,     -3.836213271,     -3.836213271,  -0.006399535764,               -0,               -0,  1.251493199e-12,     -37597.65952,      37597.65952
            2290,             7121,    0.06299999961,               45,                0,                0,      142.4245754,     -27.98767321,      -5916.78707,       3219.10208,       3219.10208,     -4.571441262,     -3.867254842,     -3.867254842,   -0.00639208648,               -0,               -0,  1.176391775e-12,     -37597.65952,      37597.65952
            2300,             7121,    0.06299999961,               45,                0,                0,      142.9709802,     -27.98767321,     -5962.217452,      3180.276016,      3180.276016,     -4.514573642,     -3.897890245,     -3.897890245,  -0.006384740337,               -0,               -0,  2.208444441e-12,     -37597.65952,      37597.65952
            2310,             7121,    0.06299999961,               45,                0,                0,       143.516969,     -27.98767321,      -6007.07732,      3141.145635,      3141.145635,     -4.457339208,     -3.928117896,     -3.928117896,  -0.006377497489,               -0,               -0,  1.124992281e-12,     -37597.65952,      37597.65952
            2320,             7121,    0.06299999961,               45,                0,                0,      144.0625474,     -27.98767321,     -6051.363032,      3101.715022,      3101.715022,     -4.399743479,     -3.957936245,     -3.957936245,  -0.006370358083,               -0,               -0,  8.132190289e-13,     -37597.65952,      37597.65952
            2330,             7121,    0.06299999961,               45,                0,                0,      144.6077214,     -27.98767321,     -6095.071003,      3061.988279,      3061.988279,      -4.34179197,      -3.98734377,      -3.98734377,   -0.00636332226,               -0,               -0,  1.124276829e-12,     -37597.65952,      37597.65952
            2340,             7121,    0.06299999961,               45,                0,                0,      145.1524966,     -27.98767321,     -6138.197704,      3021.969521,      3021.969521,     -4.283490189,     -4.016338983,     -4.016338983,  -0.006356390159,               -0,               -0,  1.846444865e-12,     -37597.65952,      37597.65952
            2350,             7121,    0.06299999961,               45,                0,                0,      145.6968789,     -27.98767321,     -6180.739658,      2981.662879,      2981.662879,     -4.224843638,     -4.044920423,     -4.044920423,   -0.00634956191,               -0,               -0,  2.532457834e-12,     -37597.65952,      37597.65952
            2360,             7121,    0.06299999961,               45,                0,                0,      146.2408739,     -27.98767321,     -6222.693446,      2941.072497,      2941.072497,     -4.165857812,     -4.073086663,     -4.073086663,   -0.00634283764,               -0,               -0,   2.36928019e-12,     -37597.65952,      37597.65952
            2370,             7121,    0.06299999961,               45,                0,                0,      146.7844876,     -27.98767321,     -6264.055701,      2900.202534,      2900.202534,       -4.1065382,     -4.100836303,     -4.100836303,  -0.006336217472,               -0,               -0,  2.171517968e-12,     -37597.65952,      37597.65952
            2380,             7121,    0.06299999961,               45,                0,                0,      147.3277258,     -27.98767321,     -6304.823115,      2859.057164,      2859.057164,     -4.046890284,     -4.128167973,     -4.128167973,  -0.006329701522,               -0,               -0,  3.276596583e-12,     -37597.65952,      37597.65952
            2390,             7121,    0.06299999961,               45,                0,                0,      147.8705943,     -27.98767321,     -6344.992431,      2817.640573,      2817.640573,      -3.98691954,     -4.155080333,     -4.155080333,  -0.006323289903,               -0,               -0,  1.912108355e-12,     -37597.65952,      37597.65952
            2400,             7121,    0.06299999961,               45,                0,                0,      148.4130989,     -27.98767321,     -6384.560448,      2775.956959,      2775.956959,     -3.926631435,     -4.181572071,     -4.181572071,  -0.006316982724,               -0,               -0,  3.311388543e-12,     -37597.65952,      37597.65952
            2410,             7121,    0.06299999961,               45,                0,                0,      148.9552455,     -27.98767321,      -6423.52402,      2734.010537,      2734.010537,     -3.866031433,     -4.207641904,     -4.207641904,  -0.006310780088,               -0,               -0,  1.843370763e-12,     -37597.65952,      37597.65952
            2420,             7121,    0.06299999961,               45,                0,                0,        149.49704,     -27.98767321,     -6461.880055,      2691.805532,      2691.805532,     -3.805124988,     -4.233288577,     -4.233288577,  -0.006304682095,               -0,               -0,  2.771152357e-12,     -37597.65952,      37597.65952
            2430,             7121,     0.0629999996,               45,                0,                0,      150.0384882,     -27.98767321,     -6499.625517,      2649.346181,      2649.346181,     -3.743917548,     -4.258510862,     -4.258510862,  -0.006298688841,               -0,               -0,  1.777531286e-12,     -37597.65952,      37597.65952
            2440,             7121,     0.0629999996,               45,                0,                0,      150.5795961,     -27.98767321,     -6536.757421,      2606.636733,      2606.636733,     -3.682414553,     -4.283307559,     -4.283307559,  -0.006292800418,               -0,               -0,  1.625918925e-12,     -37597.65952,      37597.65952
            2450,             7121,     0.0629999996,               45,                0,                0,      151.1203696,     -27.98767321,     -6573.272841,      2563.681452,      2563.681452,     -3.620621439,     -4.307677496,     -4.307677496,  -0.006287016914,               -0,               -0,   2.14529086e-12,     -37597.65952,      37597.65952
            2460,             7121,     0.0629999996,               45,                0,                0,      151.6608145,     -27.98767321,     -6609.168901,       2520.48461,       2520.48461,     -3.558543632,     -4.331619526,     -4.331619526,  -0.006281338413,               -0,               -0,  2.778334545e-12,     -37597.65952,      37597.65952
            2470,             7121,     0.0629999996,               45,                0,                0,      152.2009368,     -27.98767321,     -6644.442782,      2477.050492,      2477.050492,     -3.496186551,      -4.35513253,      -4.35513253,  -0.006275764997,               -0,               -0,  2.432035872e-12,     -37597.65952,      37597.65952
            2480,             7121,     0.0629999996,               45,                0,                0,      152.7407425,     -27.98767321,     -6679.091719,      2433.383393,      2433.383393,     -3.433555611,     -4.378215414,     -4.378215414,  -0.006270296741,               -0,               -0,  2.965991178e-12,     -37597.65952,      37597.65952
            2490,             7121,     0.0629999996,               45,                0,                0,      153.2802374,     -27.98767321,        -6713.113,      2389.487621,      2389.487621,     -3.370656216,     -4.400867112,     -4.400867112,  -0.006264933721,               -0,               -0,  2.732505324e-12,     -37597.65952,      37597.65952
            2500,             7121,     0.0629999996,               45,                0,                0,      153.8194275,     -27.98767321,     -6746.503967,      2345.367491,      2345.367491,     -3.307493765,     -4.423086581,     -4.423086581,  -0.006259676008,               -0,               -0,  2.350792515e-12,     -37597.65952,      37597.65952
            2510,             7121,     0.0629999996,               45,                0,                0,      154.3583188,     -27.98767321,     -6779.262016,      2301.027333,      2301.027333,     -3.244073651,     -4.444872806,     -4.444872806,  -0.006254523668,               -0,               -0,  4.548706635e-12,     -37597.65952,      37597.65952
            2520,             7121,     0.0629999996,               45,                0,                0,      154.8969173,     -27.98767321,     -6811.384599,      2256.471483,      2256.471483,     -3.180401257,     -4.466224794,     -4.466224794,  -0.006249476768,               -0,               -0,  4.613261432e-12,     -37597.65952,      37597.65952
            2530,             7121,     0.0629999996,               45,                0,                0,      155.4352289,     -27.98767321,     -6842.869218,      2211.704288,      2211.704288,     -3.116481963,      -4.48714158,      -4.48714158,  -0.006244535368,               -0,               -0,  4.686560048e-12,     -37597.65952,      37597.65952
            2540,             7121,     0.0629999996,               45,                0,                0,      155.9732596,     -27.98767321,     -6873.713433,      2166.730105,      2166.730105,     -3.052321138,     -4.507622222,     -4.507622222,  -0.006239699528,               -0,               -0,  3.102812563e-12,     -37597.65952,      37597.65952
            2550,             7121,     0.0629999996,               45,                0,                0,      156.5110155,     -27.98767321,     -6903.914854,        2121.5533,        2121.5533,     -2.987924148,     -4.527665802,     -4.527665802,  -0.006234969303,               -0,               -0,   3.86874022e-12,     -37597.65952,      37597.65952
            2560,             7121,     0.0629999996,               45,                0,                0,      157.0485025,     -27.98767321,     -6933.471146,      2076.178249,      2076.178249,     -2.923296349,     -4.547271425,     -4.547271425,  -0.006230344749,               -0,               -0,   4.01569341e-12,     -37597.65952,      37597.65952
            2570,             7121,     0.0629999996,               45,                0,                0,      157.5857266,     -27.98767321,     -6962.380029,      2030.609335,      2030.609335,     -2.858443092,     -4.566438224,     -4.566438224,  -0.006225825915,               -0,               -0,  3.473141227e-12,     -37597.65952,      37597.65952
            2580,             7121,     0.0629999996,               45,                0,                0,      158.1226939,     -27.98767321,     -6990.639274,       1984.85095,       1984.85095,     -2.793369721,      -4.58516535,      -4.58516535,  -0.006221412851,               -0,               -0,  3.437906907e-12,     -37597.65952,      37597.65952
            2590,             7121,     0.0629999996,               45,                0,                0,      158.6594103,     -27.98767321,     -7018.246708,      1938.907496,      1938.907496,     -2.728081574,      -4.60345198,      -4.60345198,  -0.006217105602,               -0,               -0,  3.305938432e-12,     -37597.65952,      37597.65952
            2600,             7121,     0.0629999996,               45,                0,                0,      159.1958819,     -27.98767321,     -7045.200208,      1892.783381,      1892.783381,     -2.662583981,     -4.621297316,     -4.621297316,  -0.006212904214,               -0,               -0,   3.57746237e-12,     -37597.65952,      37597.65952
            2610,             7121,     0.0629999996,               45,                0,                0,      159.7321148,     -27.98767321,     -7071.497707,      1846.483023,      1846.483023,     -2.596882266,     -4.638700578,     -4.638700578,  -0.006208808728,               -0,               -0,  3.647878761e-12,     -37597.65952,      37597.65952
            2620,             7121,     0.0629999996,               45,                0,                0,       160.268115,     -27.98767321,      -7097.13719,      1800.010846,      1800.010846,     -2.530981748,     -4.655661013,     -4.655661013,  -0.006204819184,               -0,               -0,  2.839225327e-12,     -37597.65952,      37597.65952
            2630,             7121,     0.0629999996,               45,                0,                0,      160.8038886,     -27.98767321,     -7122.116697,      1753.371281,      1753.371281,     -2.464887738,     -4.672177888,     -4.672177888,  -0.006200935621,               -0,               -0,  3.773065473e-12,     -37597.65952,      37597.65952
            2640,             7121,     0.0629999996,               45,                0,                0,      161.3394415,     -27.98767321,     -7146.434318,      1706.568769,      1706.568769,     -2.398605542,     -4.688250493,     -4.688250493,  -0.006197158073,               -0,               -0,  3.798041918e-12,     -37597.65952,      37597.65952
            2650,             7121,    0.06299999959,               45,                0,                0,      161.8747799,     -27.98767321,     -7170.088198,      1659.607755,      1659.607755,      -2.33214046,     -4.703878138,     -4.703878138,  -0.006193486575,               -0,               -0,  3.830679406e-12,     -37597.65952,      37597.65952
            2660,             7121,    0.06299999959,               45,                0,                0,      162.4099098,     -27.98767321,     -7193.076535,      1612.492692,      1612.492692,     -2.265497786,     -4.719060159,     -4.719060159,   -0.00618992116,               -0,               -0,  3.389953117e-12,     -37597.65952,      37597.65952
            2670,             7121,    0.06299999959,               45,                0,                0,      162.9448374,     -27.98767321,     -7215.397579,      1565.228039,      1565.228039,     -2.198682807,     -4.733795909,     -4.733795909,  -0.006186461857,               -0,               -0,  3.109531986e-12,     -37597.65952,      37597.65952
            2680,             7121,    0.06299999959,               45,                0,                0,      163.4795686,     -27.98767321,     -7237.049635,      1517.818263,      1517.818263,     -2.131700805,     -4.748084764,     -4.748084764,  -0.006183108697,               -0,               -0,  3.643811297e-12,     -37597.65952,      37597.65952
            2690,             7121,    0.06299999959,               45,                0,                0,      164.0141096,     -27.98767321,     -7258.031056,      1470.267836,      1470.267836,     -2.064557058,     -4.761926122,     -4.761926122,  -0.006179861707,               -0,               -0,  3.448447765e-12,     -37597.65952,      37597.65952
            2700,             7121,    0.06299999959,               45,                0,                0,      164.5484664,     -27.98767321,     -7278.340254,      1422.581234,      1422.581234,     -1.997256836,     -4.775319401,     -4.775319401,  -0.006176720911,               -0,               -0,  3.384559023e-12,     -37597.65952,      37597.65952
            2710,             7121,    0.06299999959,               45,                0,                0,      165.0826452,     -27.98767321,     -7297.975689,      1374.762943,      1374.762943,     -1.929805406,      -4.78826404,      -4.78826404,  -0.006173686336,               -0,               -0,  3.115551163e-12,     -37597.65952,      37597.65952
            2720,             7121,    0.06299999959,               45,                0,                0,      165.6166521,     -27.98767321,     -7316.935876,      1326.817451,      1326.817451,     -1.862208028,     -4.800759499,     -4.800759499,  -0.006170758004,               -0,               -0,  3.093571121e-12,     -37597.65952,      37597.65952
            2730,             7121,    0.06299999959,               45,                0,                0,      166.1504931,     -27.98767321,     -7335.219381,      1278.749252,      1278.749252,     -1.794469958,     -4.812805258,     -4.812805258,  -0.006167935936,               -0,               -0,  3.173171439e-12,     -37597.65952,      37597.65952
            2740,             7121,    0.06299999959,               45,                0,                0,      166.6841743,     -27.98767321,     -7352.824823,      1230.562846,      1230.562846,     -1.726596448,     -4.824400816,     -4.824400816,  -0.006165220154,               -0,               -0,  2.843061543e-12,     -37597.65952,      37597.65952
            2750,             7121,    0.06299999959,               45,                0,                0,      167.2177019,     -27.98767321,     -7369.750876,      1182.262738,      1182.262738,     -1.658592742,     -4.835545695,     -4.835545695,  -0.006162610677,               -0,               -0,  2.837517977e-12,     -37597.65952,      37597.65952
            2760,             7121,    0.06299999959,               45,                0,                0,       167.751082,     -27.98767321,     -7385.996262,      1133.853436,      1133.853436,     -1.590464083,     -4.846239435,     -4.846239435,  -0.006160107522,               -0,               -0,  3.049553695e-12,     -37597.65952,      37597.65952
            2770,             7121,    0.06299999959,               45,                0,                0,      168.2843207,     -27.98767321,     -7401.559758,      1085.339455,      1085.339455,     -1.522215709,     -4.856481596,     -4.856481596,  -0.006157710706,               -0,               -0,  2.847494898e-12,     -37597.65952,      37597.65952
            2780,             7121,    0.06299999959,               45,                0,                0,      168.8174241,     -27.98767321,     -7416.440194,      1036.725311,      1036.725311,     -1.453852852,     -4.866271759,     -4.866271759,  -0.006155420246,               -0,               -0,  2.870970843e-12,     -37597.65952,      37597.65952
            2790,             7121,    0.06299999959,               45,                0,                0,      169.3503984,     -27.98767321,     -7430.636451,      988.0155274,      988.0155274,      -1.38538074,     -4.875609522,     -4.875609522,  -0.006153236157,               -0,               -0,  3.494294367e-12,     -37597.65952,      37597.65952
            2800,             7121,    0.06299999959,               45,                0,                0,      169.8832496,     -27.98767321,     -7444.147462,      939.2146298,      939.2146298,       -1.3168046,     -4.884494505,     -4.884494505,  -0.006151158452,               -0,               -0,  4.007664381e-12,     -37597.65952,      37597.65952
            2810,             7121,    0.06299999959,               45,                0,                0,      170.4159839,     -27.98767321,     -7456.972214,      890.3271478,      890.3271478,     -1.248129652,     -4.892926346,     -4.892926346,  -0.006149187144,               -0,               -0,  3.883641881e-12,     -37597.65952,      37597.65952
            2820,             7121,    0.06299999959,               45,                0,                0,      170.9486074,     -27.98767321,     -7469.109743,      841.3576145,      841.3576145,     -1.179361114,     -4.900904702,     -4.900904702,  -0.006147322246,               -0,               -0,  4.478096461e-12,     -37597.65952,      37597.65952
            2830,             7121,    0.06299999959,               45,                0,                0,      171.4811263,     -27.98767321,     -7480.559141,      792.3105665,      792.3105665,     -1.110504201,     -4.908429251,     -4.908429251,  -0.006145563769,               -0,               -0,  4.524450787e-12,     -37597.65952,      37597.65952
            2840,             7121,    0.06299999959,               45,                0,                0,      172.0135467,     -27.98767321,      -7491.31955,      743.1905432,      743.1905432,     -1.041564123,     -4.915499688,     -4.915499688,  -0.006143911722,               -0,               -0,  4.677076864e-12,     -37597.65952,      37597.65952
            2850,             7121,    0.06299999959,               45,                0,                0,      172.5458748,     -27.98767321,     -7501.390164,      694.0020874,      694.0020874,     -0.972546088,     -4.922115727,     -4.922115727,  -0.006142366117,               -0,               -0,  5.218550025e-12,     -37597.65952,      37597.65952
            2860,             7121,    0.06299999959,               45,                0,                0,      173.0781166,     -27.98767321,     -7510.770229,      644.7497442,      644.7497442,    -0.9034553016,     -4.928277102,     -4.928277102,   -0.00614092696,               -0,               -0,  4.951046773e-12,     -37597.65952,      37597.65952
            2870,             7121,    0.06299999959,               45,                0,                0,      173.6102784,     -27.98767321,     -7519.459045,      595.4380617,      595.4380617,    -0.8342969663,     -4.933983566,     -4.933983566,  -0.006139594261,               -0,               -0,  5.059914764e-12,     -37597.65952,      37597.65952
            2880,             7121,    0.06299999959,               45,                0,                0,      174.1423662,     -27.98767321,     -7527.455961,      546.0715901,      546.0715901,    -0.7650762818,     -4.939234887,     -4.939234887,  -0.006138368028,               -0,               -0,    5.0542319e-12,     -37597.65952,      37597.65952
            2890,             7121,    0.06299999959,               45,                0,                0,      174.6743862,     -27.98767321,      -7534.76038,      496.6548818,      496.6548818,    -0.6957984458,     -4.944030858,     -4.944030858,  -0.006137248265,               -0,               -0,  4.752350057e-12,     -37597.65952,      37597.65952
            2900,             7121,    0.06299999959,               45,                0,                0,      175.2063446,     -27.98767321,     -7541.371757,      447.1924914,      447.1924914,    -0.6264686539,     -4.948371284,     -4.948371284,  -0.006136234981,               -0,               -0,  4.816797807e-12,     -37597.65952,      37597.65952
            2910,             7121,    0.06299999959,               45,                0,                0,      175.7382476,     -27.98767321,     -7547.289597,      397.6889752,      397.6889752,    -0.5570920996,     -4.952255992,     -4.952255992,   -0.00613532818,               -0,               -0,  4.799617033e-12,     -37597.65952,      37597.65952
            2920,             7121,    0.06299999959,               45,                0,                0,      176.2701012,     -27.98767321,      -7552.51346,      348.1488911,      348.1488911,    -0.4876739747,     -4.955684828,     -4.955684828,  -0.006134527866,               -0,               -0,  4.922602585e-12,     -37597.65952,      37597.65952
            2930,             7121,    0.06299999959,               45,                0,                0,      176.8019116,     -27.98767321,     -7557.042955,      298.5767987,      298.5767987,    -0.4182194694,     -4.958657653,     -4.958657653,  -0.006133834045,               -0,               -0,   4.85159245e-12,     -37597.65952,      37597.65952
            2940,             7121,    0.06299999959,               45,                0,                0,       177.333685,     -27.98767321,     -7560.877746,      248.9772585,      248.9772585,    -0.3487337727,     -4.961174351,     -4.961174351,  -0.006133246719,               -0,               -0,  4.660202402e-12,     -37597.65952,      37597.65952
            2950,             7121,    0.06299999959,               45,                0,                0,      177.8654275,     -27.98767321,     -7564.017544,      199.3548324,      199.3548324,    -0.2792220723,     -4.963234819,     -4.963234819,  -0.006132765892,               -0,               -0,  4.776021004e-12,     -37597.65952,      37597.65952
            2960,             7121,    0.06299999959,               45,                0,                0,      178.3971453,     -27.98767321,     -7566.462118,      149.7140832,      149.7140832,    -0.2096895549,     -4.964838977,     -4.964838977,  -0.006132391567,               -0,               -0,  4.784848406e-12,     -37597.65952,      37597.65952
            2970,             7121,    0.06299999959,               45,                0,                0,      178.9288446,     -27.98767321,     -7568.211283,      100.0595742,      100.0595742,    -0.1401414064,      -4.96598676,      -4.96598676,  -0.006132123744,               -0,               -0,  4.750046389e-12,     -37597.65952,      37597.65952
            2980,             7121,    0.06299999959,               45,                0,                0,      179.4605314,     -27.98767321,     -7569.264911,      50.39586939,      50.39586939,   -0.07058281225,     -4.966678122,     -4.966678122,  -0.006131962426,               -0,               -0,  4.711563187e-12,     -37597.65952,      37597.65952
            2990,             7121,    0.06299999959,               45,                0,                0,       179.992212,     -27.98767321,     -7569.622922,      0.727533214,      0.727533214,  -0.001018957393,     -4.966913037,     -4.966913037,  -0.006131907613,               -0,               -0,  4.659401431e-12,     -37597.65952,      37597.65952
            3000,             7121,    0.06299999959,               45,                0,                0,      180.5238926,     -27.98767321,      -7569.28529,     -48.94086982,     -48.94086982,     0.0685449734,     -4.966691494,     -4.966691494,  -0.006131959306,               -0,               -0,  4.690647279e-12,     -37597.65952,      37597.65952
            3010,             7121,    0.06299999959,               45,                0,                0,      181.0555791,     -27.98767321,      -7568.25204,     -98.60477517,     -98.60477517,     0.1381037954,     -4.966013503,     -4.966013503,  -0.006132117504,               -0,               -0,  4.734256105e-12,     -37597.65952,      37597.65952
            3020,             7121,    0.06299999959,               45,                0,                0,      181.5872779,     -27.98767321,     -7566.523248,     -148.2596185,     -148.2596185,     0.2076523236,     -4.964879091,     -4.964879091,  -0.006132382206,               -0,               -0,  4.659233995e-12,     -37597.65952,      37597.65952
            3030,             7121,    0.06299999959,               45,                0,                0,      182.1189951,     -27.98767321,     -7564.099045,     -197.9008357,     -197.9008357,     0.2771853726,     -4.963288302,     -4.963288302,  -0.006132753412,               -0,               -0,  4.723064477e-12,     -37597.65952,      37597.65952
            3040,             7121,    0.06299999959,               45,                0,                0,      182.6507368,     -27.98767321,      -7560.97961,     -247.5238635,     -247.5238635,     0.3466977566,       -4.9612412,       -4.9612412,  -0.006133231119,               -0,               -0,  4.915471765e-12,     -37597.65952,      37597.65952
            3050,             7121,    0.06299999959,               45,                0,                0,      183.1825092,     -27.98767321,     -7557.165176,     -297.1241389,     -297.1241389,     0.4161842889,     -4.958737866,     -4.958737866,  -0.006133815325,               -0,               -0,  4.916506808e-12,     -37597.65952,      37597.65952
            3060,             7121,    0.06299999959,               45,                0,                0,      183.7143185,     -27.98767321,     -7552.656027,     -346.6971003,     -346.6971003,     0.4856397817,     -4.955778401,     -4.955778401,  -0.006134506026,               -0,               -0,  4.725401843e-12,     -37597.65952,      37597.65952
            3070,             7121,    0.06299999959,               45,                0,                0,      184.2461707,     -27.98767321,     -7547.452501,     -396.2381869,     -396.2381869,     0.5550590461,     -4.952362923,     -4.952362923,   -0.00613530322,               -0,               -0,  4.771891911e-12,     -37597.65952,      37597.65952
            3080,             7121,    0.06299999959,               45,                0,                0,      184.7780721,     -27.98767321,     -7541.554984,     -445.7428392,     -445.7428392,     0.6244368921,     -4.948491567,     -4.948491567,  -0.006136206901,               -0,               -0,   4.83494586e-12,     -37597.65952,      37597.65952
            3090,             7121,    0.06299999959,               45,                0,                0,      185.3100288,     -27.98767321,     -7534.963918,     -495.2064992,     -495.2064992,     0.6937681278,     -4.944164489,     -4.944164489,  -0.006137217066,               -0,               -0,  4.974249169e-12,     -37597.65952,      37597.65952
            3100,             7121,    0.06299999959,               45,                0,                0,       185.842047,     -27.98767321,     -7527.679795,     -544.6246105,     -544.6246105,     0.7630475596,     -4.939381862,     -4.939381862,  -0.006138333709,               -0,               -0,  5.173018802e-12,     -37597.65952,      37597.65952
            3110,             7121,    0.06299999959,               45,                0,                0,      186.3741327,     -27.98767321,     -7519.703157,     -593.9926185,     -593.9926185,     0.8322699923,     -4.934143877,     -4.934143877,  -0.006139556824,               -0,               -0,  5.288742052e-12,     -37597.65952,      37597.65952
            3120,             7121,    0.06299999959,               45,                0,                0,      186.9062922,     -27.98767321,     -7511.034602,     -643.3059708,     -643.3059708,     0.9014302281,     -4.928450744,     -4.928450744,  -0.006140886404,               -0,               -0,  4.884528007e-12,     -37597.65952,      37597.65952
            3130,             7121,    0.06299999959,               45,                0,                0,      187.4385316,     -27.98767321,     -7501.674777,      -692.560117,      -692.560117,     0.9705230672,     -4.922302692,     -4.922302692,  -0.006142322442,               -0,               -0,  5.162974745e-12,     -37597.65952,      37597.65952
            3140,             7121,    0.06299999959,               45,                0,                0,       187.970857,     -27.98767321,     -7491.624383,     -741.7505091,     -741.7505091,      1.039543307,     -4.915699968,     -4.915699968,  -0.006143864929,               -0,               -0,  5.155901311e-12,     -37597.65952,      37597.65952
            3150,             7121,    0.06299999959,               45,                0,                0,      188.5032747,     -27.98767321,      -7480.88417,     -790.8726017,     -790.8726017,      1.108485743,     -4.908642839,     -4.908642839,  -0.006145513858,               -0,               -0,  4.999209563e-12,     -37597.65952,      37597.65952
            3160,             7121,    0.06299999959,               45,                0,                0,      189.0357906,     -27.98767321,     -7469.454945,     -839.9218521,     -839.9218521,      1.177345167,     -4.901131589,     -4.901131589,  -0.006147269217,               -0,               -0,   4.98012872e-12,     -37597.65952,      37597.65952
            3170,             7121,    0.06299999959,               45,                0,                0,       189.568411,     -27.98767321,     -7457.337561,     -888.8937207,     -888.8937207,      1.246116368,     -4.893166523,     -4.893166523,  -0.006149130998,               -0,               -0,  4.631273113e-12,     -37597.65952,      37597.65952
            3180,             7121,    0.06299999959,               45,                0,                0,       190.101142,     -27.98767321,     -7444.532929,     -937.7836709,     -937.7836709,      1.314794132,     -4.884747962,     -4.884747962,  -0.006151099188,               -0,               -0,  4.534839074e-12,     -37597.65952,      37597.65952
            3190,             7121,    0.06299999959,               45,                0,                0,      190.6339897,     -27.98767321,     -7431.042007,     -986.5871695,     -986.5871695,      1.383373241,     -4.875876249,     -4.875876249,  -0.006153173777,               -0,               -0,  4.642395538e-12,     -37597.65952,      37597.65952
            3200,             7121,    0.06299999959,               45,                0,                0,      191.1669602,     -27.98767321,      -7416.86581,     -1035.299687,     -1035.299687,      1.451848474,     -4.866551745,     -4.866551745,  -0.006155354749,               -0,               -0,  5.020037918e-12,     -37597.65952,      37597.65952
            3210,             7121,    0.06299999959,               45,                0,                0,      191.7000597,     -27.98767321,     -7402.005402,     -1083.916696,     -1083.916696,      1.520214606,      -4.85677483,      -4.85677483,  -0.006157642093,               -0,               -0,  5.459506719e-12,     -37597.65952,      37597.65952
            3220,             7121,    0.06299999959,               45,                0,                0,      192.2332944,     -27.98767321,     -7386.461899,     -1132.433676,     -1132.433676,      1.588466409,     -4.846545904,     -4.846545904,  -0.006160035793,               -0,               -0,  5.468371178e-12,     -37597.65952,      37597.65952
            3230,             7121,    0.06299999959,               45,                0,                0,      192.7666702,     -27.98767321,     -7370.236472,     -1180.846109,     -1180.846109,      1.656598649,     -4.835865387,     -4.835865387,  -0.006162535833,               -0,               -0,  5.349824587e-12,     -37597.65952,      37597.65952
            3240,             7121,    0.06299999959,               45,                0,                0,      193.3001935,     -27.98767321,     -7353.330342,      -1229.14948,      -1229.14948,       1.72460609,     -4.824733718,     -4.824733718,  -0.006165142196,               -0,               -0,   5.85371967e-12,     -37597.65952,      37597.65952
            3250,             7121,    0.06299999959,               45,                0,                0,      193.8338701,     -27.98767321,     -7335.744784,     -1277.339281,     -1277.339281,      1.792483489,     -4.813151355,     -4.813151355,  -0.006167854864,               -0,               -0,  5.099469572e-12,     -37597.65952,      37597.65952
            3260,             7121,    0.06299999959,               45,                0,                0,      194.3677063,     -27.98767321,     -7317.481123,     -1325.411007,     -1325.411007,      1.860225601,     -4.801118778,     -4.801118778,  -0.006170673818,               -0,               -0,   5.56937378e-12,     -37597.65952,      37597.65952
            3270,             7121,    0.06299999959,               45,                0,                0,      194.9017082,     -27.98767321,      -7298.54074,     -1373.360158,     -1373.360158,      1.927827175,     -4.788636486,     -4.788636486,  -0.006173599038,               -0,               -0,   5.47999141e-12,     -37597.65952,      37597.65952
            3280,             7121,    0.06299999959,               45,                0,                0,      195.4358819,     -27.98767321,     -7278.925066,     -1421.182239,     -1421.182239,      1.995282956,     -4.775704998,     -4.775704998,  -0.006176630501,               -0,               -0,  5.029918118e-12,     -37597.65952,      37597.65952
            3290,             7121,    0.06299999959,               45,                0,                0,      195.9702335,     -27.98767321,     -7258.635584,     -1468.872762,     -1468.872762,      2.062587682,     -4.762324854,     -4.762324854,  -0.006179768185,               -0,               -0,  5.414374941e-12,     -37597.65952,      37597.65952
            3300,             7121,    0.06299999959,               45,                0,                0,       196.504769,     -27.98767321,     -7237.673833,     -1516.427243,     -1516.427243,      2.129736088,     -4.748496615,     -4.748496615,  -0.006183012065,               -0,               -0,  4.716838856e-12,     -37597.65952,      37597.65952
            3310,             7121,    0.06299999959,               45,                0,                0,      197.0394945,     -27.98767321,     -7216.041401,     -1563.841203,     -1563.841203,      2.196722903,      -4.73422086,      -4.73422086,  -0.006186362115,               -0,               -0,  4.963547446e-12,     -37597.65952,      37597.65952
            3320,             7121,     0.0629999996,               45,                0,                0,      197.5744162,     -27.98767321,     -7193.739931,      -1611.11017,      -1611.11017,       2.26354285,     -4.719498194,     -4.719498194,  -0.006189818308,               -0,               -0,  5.161777259e-12,     -37597.65952,      37597.65952
            3330,             7121,     0.0629999996,               45,                0,                0,      198.1095401,     -27.98767321,     -7170.771118,     -1658.229679,     -1658.229679,      2.330190647,     -4.704329238,     -4.704329238,  -0.006193380615,               -0,               -0,  4.536078826e-12,     -37597.65952,      37597.65952
            3340,             7121,     0.0629999996,               45,                0,                0,      198.6448724,     -27.98767321,      -7147.13671,     -1705.195269,     -1705.195269,      2.396661007,     -4.688714637,     -4.688714637,  -0.006197049006,               -0,               -0,  4.767760574e-12,     -37597.65952,      37597.65952
            3350,             7121,     0.0629999996,               45,                0,                0,      199.1804189,     -27.98767321,     -7122.838507,     -1752.002488,     -1752.002488,      2.462948636,     -4.672655058,     -4.672655058,  -0.006200823447,               -0,               -0,  4.490694693e-12,     -37597.65952,      37597.65952
            3360,             7121,     0.0629999996,               45,                0,                0,      199.7161859,     -27.98767321,     -7097.878364,      -1798.64689,      -1798.64689,      2.529048234,     -4.656151188,     -4.656151188,  -0.006204703906,               -0,               -0,  5.281129392e-12,     -37597.65952,      37597.65952
            3370,             7121,     0.0629999996,               45,                0,                0,      200.2521794,     -27.98767321,     -7072.258187,     -1845.124034,     -1845.124034,      2.594954496,     -4.639203737,     -4.639203737,  -0.006208690345,               -0,               -0,   5.42055843e-12,     -37597.65952,      37597.65952
            3380,             7121,     0.0629999996,               45,                0,                0,      200.7884054,     -27.98767321,     -7045.979936,     -1891.429488,     -1891.429488,       2.66066211,     -4.621813437,     -4.621813437,  -0.006212782728,               -0,               -0,  4.329511088e-12,     -37597.65952,      37597.65952
            3390,             7121,     0.0629999996,               45,                0,                0,      201.3248699,     -27.98767321,     -7019.045625,     -1937.558829,     -1937.558829,      2.726165759,     -4.603981041,     -4.603981041,  -0.006216981014,               -0,               -0,  5.272028965e-12,     -37597.65952,      37597.65952
            3400,             7121,     0.0629999996,               45,                0,                0,      201.8615791,     -27.98767321,     -6991.457319,     -1983.507638,     -1983.507638,      2.791460118,     -4.585707327,     -4.585707327,  -0.006221285162,               -0,               -0,  4.029959871e-12,     -37597.65952,      37597.65952
            3410,             7121,     0.0629999996,               45,                0,                0,       202.398539,     -27.98767321,     -6963.217138,     -2029.271507,     -2029.271507,      2.856539857,     -4.566993094,     -4.566993094,  -0.006225695127,               -0,               -0,  4.586254909e-12,     -37597.65952,      37597.65952
            3420,             7121,     0.0629999996,               45,                0,                0,      202.9357555,     -27.98767321,     -6934.327255,     -2074.846034,     -2074.846034,      2.921399638,     -4.547839164,     -4.547839164,  -0.006230210863,               -0,               -0,  4.921665653e-12,     -37597.65952,      37597.65952
            3430,             7121,     0.0629999996,               45,                0,                0,      203.4732347,     -27.98767321,     -6904.789896,     -2120.226827,     -2120.226827,      2.986034118,     -4.528246384,     -4.528246384,  -0.006234832321,               -0,               -0,   3.83119511e-12,     -37597.65952,      37597.65952
            3440,             7121,     0.0629999996,               45,                0,                0,      204.0109825,     -27.98767321,     -6874.607341,     -2165.409502,     -2165.409502,      3.050437946,     -4.508215621,     -4.508215621,   -0.00623955945,               -0,               -0,  5.125990025e-12,     -37597.65952,      37597.65952
            3450,             7121,     0.0629999996,               45,                0,                0,      204.5490051,     -27.98767321,     -6843.781924,     -2210.389683,     -2210.389683,      3.114605765,     -4.487747771,     -4.487747771,  -0.006244392197,               -0,               -0,  4.672402006e-12,     -37597.65952,      37597.65952
            3460,             7121,     0.0629999996,               45,                0,                0,      205.0873084,     -27.98767321,      -6812.31603,     -2255.163003,     -2255.163003,      3.178532211,     -4.466843748,     -4.466843748,  -0.006249330506,               -0,               -0,  4.610896657e-12,     -37597.65952,      37597.65952
            3470,             7121,     0.0629999996,               45,                0,                0,      205.6258984,     -27.98767321,     -6780.212102,     -2299.725107,     -2299.725107,      3.242211914,     -4.445504495,     -4.445504495,  -0.006254374316,               -0,               -0,  4.820454029e-12,     -37597.65952,      37597.65952
            3480,             7121,     0.0629999996,               45,                0,                0,      206.1647811,     -27.98767321,     -6747.472633,     -2344.071646,     -2344.071646,      3.305639496,     -4.423730978,     -4.423730978,  -0.006259523568,               -0,               -0,  4.457351543e-12,     -37597.65952,      37597.65952
            3490,             7121,     0.0629999996,               45,                0,                0,      206.7039624,     -27.98767321,      -6714.10017,     -2388.198282,     -2388.198282,      3.368809571,     -4.401524186,     -4.401524186,  -0.006264778195,               -0,               -0,  3.450460239e-12,     -37597.65952,      37597.65952
            3500,             7121,     0.0629999996,               45,                0,                0,      207.2434483,     -27.98767321,     -6680.097317,     -2432.100688,     -2432.100688,      3.431716749,     -4.378885136,     -4.378885136,  -0.006270138131,               -0,               -0,  3.633574298e-12,     -37597.65952,      37597.65952
            3510,             7121,     0.0629999996,               45,                0,                0,      207.7832447,     -27.98767321,      -6645.46673,     -2475.774547,     -2475.774547,      3.494355631,     -4.355814868,     -4.355814868,  -0.006275603305,               -0,               -0,  4.112534291e-12,     -37597.65952,      37597.65952
            3520,             7121,     0.0629999996,               45,                0,                0,      208.3233577,     -27.98767321,     -6610.211117,     -2519.215552,     -2519.215552,      3.556720811,     -4.332314449,     -4.332314449,  -0.006281173642,               -0,               -0,  3.575107735e-12,     -37597.65952,      37597.65952
            3530,             7121,    0.06299999961,               45,                0,                0,      208.8637931,     -27.98767321,     -6574.333244,     -2562.419406,     -2562.419406,      3.618806877,     -4.308384972,     -4.308384972,  -0.006286849065,               -0,               -0,  3.242426838e-12,     -37597.65952,      37597.65952
            3540,             7121,    0.06299999961,               45,                0,                0,      209.4045568,     -27.98767321,     -6537.835928,     -2605.381825,     -2605.381825,      3.680608408,     -4.284027555,     -4.284027555,  -0.006292629494,               -0,               -0,  2.743192081e-12,     -37597.65952,      37597.65952
            3550,             7121,    0.06299999961,               45,                0,                0,      209.9456548,     -27.98767321,     -6500.722042,     -2648.098535,     -2648.098535,      3.742119979,     -4.259243343,     -4.259243343,  -0.006298514845,               -0,               -0,  2.895457284e-12,     -37597.65952,      37597.65952
            3560,             7121,    0.06299999961,               45,                0,                0,       210.487093,     -27.98767321,     -6462.994513,     -2690.565273,     -2690.565273,      3.803336155,     -4.234033509,     -4.234033509,  -0.006304505029,               -0,               -0,  4.120799797e-12,     -37597.65952,      37597.65952
            3570,             7121,    0.06299999961,               45,                0,                0,      211.0288773,     -27.98767321,     -6424.656322,      -2732.77779,      -2732.77779,      3.864251495,     -4.208399252,     -4.208399252,  -0.006310599955,               -0,               -0,  4.138350221e-12,     -37597.65952,      37597.65952
            3580,             7121,    0.06299999961,               45,                0,                0,      211.5710135,     -27.98767321,     -6385.710504,     -2774.731847,     -2774.731847,      3.924860552,     -4.182341797,     -4.182341797,  -0.006316799526,               -0,               -0,  3.864836391e-12,     -37597.65952,      37597.65952
            3590,             7121,    0.06299999961,               45,                0,                0,      212.1135075,     -27.98767321,      -6346.16015,      -2816.42322,      -2816.42322,      3.985157871,     -4.155862401,     -4.155862401,  -0.006323103644,               -0,               -0,  5.285871658e-12,     -37597.65952,      37597.65952
            3600,             7121,    0.06299999961,               45,                0,                0,      212.6563652,     -27.98767321,     -6306.008404,     -2857.847693,     -2857.847693,       4.04513799,     -4.128962344,     -4.128962344,  -0.006329512205,               -0,               -0,  4.742524367e-12,     -37597.65952,      37597.65952
            3610,             7121,    0.06299999961,               45,                0,                0,      213.1995925,     -27.98767321,     -6265.258466,     -2899.001069,     -2899.001069,      4.104795442,     -4.101642939,     -4.101642939,    -0.0063360251,               -0,               -0,  6.420064819e-12,     -37597.65952,      37597.65952
            3620,             7121,    0.06299999961,               45,                0,                0,      213.7431951,     -27.98767321,     -6223.913589,     -2939.879159,     -2939.879159,      4.164124749,     -4.073905524,     -4.073905524,  -0.006342642217,               -0,               -0,  5.202137831e-12,     -37597.65952,      37597.65952
            3630,             7121,    0.06299999961,               45,                0,                0,      214.2871789,     -27.98767321,     -6181.977083,      -2980.47779,      -2980.47779,      4.223120432,     -4.045751469,     -4.045751469,  -0.006349363438,               -0,               -0,  5.269269456e-12,     -37597.65952,      37597.65952
            3640,             7121,    0.06299999961,               45,                0,                0,      214.8315498,     -27.98767321,     -6139.452311,     -3020.792804,     -3020.792804,         4.281777,     -4.017182172,     -4.017182172,  -0.006356188643,               -0,               -0,  6.206869957e-12,     -37597.65952,      37597.65952
            3650,             7121,    0.06299999961,               45,                0,                0,      215.3763134,     -27.98767321,     -6096.342692,     -3060.820054,     -3060.820054,      4.340088959,      -3.98819906,      -3.98819906,  -0.006363117704,               -0,               -0,  5.308128043e-12,     -37597.65952,      37597.65952
            3660,             7121,    0.06299999961,               45,                0,                0,      215.9214756,     -27.98767321,     -6052.651699,     -3100.555411,     -3100.555411,      4.398050807,     -3.958803593,     -3.958803593,   -0.00637015049,               -0,               -0,  4.578462217e-12,     -37597.65952,      37597.65952
            3670,             7121,    0.06299999961,               45,                0,                0,      216.4670421,     -27.98767321,     -6008.382861,     -3139.994757,     -3139.994757,      4.455657037,     -3.928997258,     -3.928997258,  -0.006377286863,               -0,               -0,  5.527345142e-12,     -37597.65952,      37597.65952
            3680,             7121,    0.06299999962,               45,                0,                0,      217.0130188,     -27.98767321,     -5963.539762,     -3179.133991,     -3179.133991,      4.512902134,     -3.898781575,     -3.898781575,  -0.006384526683,               -0,               -0,  5.625920364e-12,     -37597.65952,      37597.65952
            3690,             7121,    0.06299999962,               45,                0,                0,      217.5594113,     -27.98767321,      -5918.12604,     -3217.969029,     -3217.969029,      4.569780578,     -3.868158095,     -3.868158095,  -0.006391869802,               -0,               -0,  4.957766465e-12,     -37597.65952,      37597.65952
            3700,             7121,    0.06299999962,               45,                0,                0,      218.1062254,     -27.98767321,     -5872.145391,     -3256.495799,     -3256.495799,      4.626286843,       -3.8371284,       -3.8371284,  -0.006399316067,               -0,               -0,  5.134820867e-12,     -37597.65952,      37597.65952
            3710,             7121,    0.06299999962,               45,                0,                0,      218.6534667,     -27.98767321,     -5825.601563,     -3294.710248,     -3294.710248,      4.682415397,     -3.805694105,     -3.805694105,  -0.006406865318,               -0,               -0,  4.636085942e-12,     -37597.65952,      37597.65952
            3720,             7121,    0.06299999962,               45,                0,                0,      219.2011411,     -27.98767321,      -5778.49836,     -3332.608338,     -3332.608338,      4.738160703,     -3.773856856,     -3.773856856,  -0.006414517393,               -0,               -0,  4.625044947e-12,     -37597.65952,      37597.65952
            3730,             7121,    0.06299999962,               45,                0,                0,      219.7492541,     -27.98767321,     -5730.839644,     -3370.186048,     -3370.186048,      4.793517218,     -3.741618332,     -3.741618332,   -0.00642227212,               -0,               -0,  4.854893036e-12,     -37597.65952,      37597.65952
            3740,             7121,    0.06299999962,               45,                0,                0,      220.2978114,     -27.98767321,      -5682.62933,     -3407.439373,     -3407.439373,      4.848479393,     -3.708980247,     -3.708980247,  -0.006430129322,               -0,               -0,    4.1709312e-12,     -37597.65952,      37597.65952
            3750,             7121,    0.06299999962,               45,                0,                0,      220.8468187,     -27.98767321,      -5633.87139,     -3444.364326,     -3444.364326,      4.903041676,     -3.675944346,     -3.675944346,  -0.006438088817,               -0,               -0,  4.633424106e-12,     -37597.65952,      37597.65952
            3760,             7121,    0.06299999962,               45,                0,                0,      221.3962815,     -27.98767321,     -5584.569848,      -3480.95694,      -3480.95694,      4.957198508,     -3.642512409,     -3.642512409,  -0.006446150415,               -0,               -0,   4.71198582e-12,     -37597.65952,      37597.65952
            3770,             7121,    0.06299999962,               45,                0,                0,      221.9462056,     -27.98767321,     -5534.728789,     -3517.213261,     -3517.213261,      5.010944327,     -3.608686251,     -3.608686251,   -0.00645431392,               -0,               -0,  4.553020584e-12,     -37597.65952,      37597.65952
            3780,             7121,    0.06299999962,               45,                0,                0,      222.4965964,     -27.98767321,     -5484.352351,     -3553.129357,     -3553.129357,      5.064273566,      -3.57446772,      -3.57446772,  -0.006462579128,               -0,               -0,  4.334739949e-12,     -37597.65952,      37597.65952
            3790,             7121,    0.06299999962,               45,                0,                0,      223.0474596,     -27.98767321,     -5433.444725,     -3588.701313,     -3588.701313,      5.117180654,     -3.539858701,     -3.539858701,   -0.00647094583,               -0,               -0,  4.922880172e-12,     -37597.65952,      37597.65952
            3800,             7121,    0.06299999963,               45,                0,                0,      223.5988007,     -27.98767321,     -5382.010163,     -3623.925235,     -3623.925235,      5.169660016,     -3.504861112,     -3.504861112,  -0.006479413809,               -0,               -0,  5.527901854e-12,     -37597.65952,      37597.65952
            3810,             7121,    0.06299999963,               45,                0,                0,      224.1506253,     -27.98767321,     -5330.052969,     -3658.797247,     -3658.797247,      5.221706074,     -3.469476911,     -3.469476911,  -0.006487982839,               -0,               -0,  4.104878483e-12,     -37597.65952,      37597.65952
            3820,             7121,    0.06299999963,               45,                0,                0,      224.7029388,     -27.98767321,     -5277.577505,     -3693.313492,     -3693.313492,      5.273313246,     -3.433708088,     -3.433708088,  -0.006496652689,               -0,               -0,  5.371082541e-12,     -37597.65952,      37597.65952
            3830,             7121,    0.06299999963,               45,                0,                0,      225.2557468,     -27.98767321,     -5224.588186,     -3727.470133,     -3727.470133,      5.324475947,     -3.397556672,     -3.397556672,  -0.006505423118,               -0,               -0,   5.26035191e-12,     -37597.65952,      37597.65952
            3840,             7121,    0.06299999963,               45,                0,                0,      225.8090546,     -27.98767321,     -5171.089486,     -3761.263357,     -3761.263357,       5.37518859,     -3.361024729,     -3.361024729,  -0.006514293879,               -0,               -0,  5.187223811e-12,     -37597.65952,      37597.65952
            3850,             7121,    0.06299999963,               45,                0,                0,      226.3628679,     -27.98767321,     -5117.085933,     -3794.689366,     -3794.689366,      5.425445586,     -3.324114362,     -3.324114362,  -0.006523264715,               -0,               -0,  3.848209901e-12,     -37597.65952,      37597.65952
            3860,             7121,    0.06299999963,               45,                0,                0,       226.917192,     -27.98767321,     -5062.582112,      -3827.74439,      -3827.74439,      5.475241343,     -3.286827714,     -3.286827714,  -0.006532335364,               -0,               -0,  3.714993866e-12,     -37597.65952,      37597.65952
            3870,             7121,    0.06299999963,               45,                0,                0,      227.4720322,     -27.98767321,     -5007.582662,     -3860.424674,     -3860.424674,      5.524570267,     -3.249166962,     -3.249166962,   -0.00654150555,               -0,               -0,  4.319465031e-12,     -37597.65952,      37597.65952
            3880,             7121,    0.06299999963,               45,                0,                0,      228.0273941,     -27.98767321,     -4952.092281,     -3892.726489,     -3892.726489,      5.573426765,     -3.211134327,     -3.211134327,  -0.006550774994,               -0,               -0,  3.980878843e-12,     -37597.65952,      37597.65952
            3890,             7121,    0.06299999963,               45,                0,                0,      228.5832828,     -27.98767321,      -4896.11572,     -3924.646128,     -3924.646128,      5.621805241,     -3.172732066,     -3.172732066,  -0.006560143406,               -0,               -0,  4.214439368e-12,     -37597.65952,      37597.65952
            3900,             7121,    0.06299999963,               45,                0,                0,      229.1397039,     -27.98767321,     -4839.657788,     -3956.179906,     -3956.179906,      5.669700099,     -3.133962478,     -3.133962478,  -0.006569610484,               -0,               -0,  5.002222452e-12,     -37597.65952,      37597.65952
            3910,             7121,    0.06299999964,               45,                0,                0,      229.6966626,     -27.98767321,     -4782.723349,     -3987.324161,     -3987.324161,      5.717105744,     -3.094827899,     -3.094827899,  -0.006579175922,               -0,               -0,  5.104580448e-12,     -37597.65952,      37597.65952
            3920,             7121,    0.06299999964,               45,                0,                0,      230.2541641,     -27.98767321,     -4725.317323,     -4018.075255,     -4018.075255,       5.76401658,     -3.055330709,     -3.055330709,    -0.0065888394,               -0,               -0,  4.495824562e-12,     -37597.65952,      37597.65952
            3930,             7121,    0.06299999964,               45,                0,                0,      230.8122137,     -27.98767321,     -4667.444686,     -4048.429575,     -4048.429575,      5.810427014,     -3.015473327,     -3.015473327,  -0.006598600592,               -0,               -0,  3.280903638e-12,     -37597.65952,      37597.65952
            3940,             7121,    0.06299999964,               45,                0,                0,      231.3708167,     -27.98767321,     -4609.110469,     -4078.383529,     -4078.383529,      5.856331452,     -2.975258214,     -2.975258214,  -0.006608459159,               -0,               -0,  4.135826112e-12,     -37597.65952,      37597.65952
            3950,             7121,    0.06299999964,               45,                0,                0,      231.9299783,     -27.98767321,     -4550.319762,     -4107.933555,     -4107.933555,      5.901724303,     -2.934687872,     -2.934687872,  -0.006618414753,               -0,               -0,  2.929269272e-12,     -37597.65952,      37597.65952
            3960,             7121,    0.06299999964,               45,                0,                0,      232.4897037,     -27.98767321,     -4491.077707,     -4137.076111,     -4137.076111,      5.946599979,     -2.893764849,     -2.893764849,  -0.006628467017,               -0,               -0,  2.716084299e-12,     -37597.65952,      37597.65952
            3970,             7121,    0.06299999964,               45,                0,                0,      233.0499979,     -27.98767321,     -4431.389505,     -4165.807685,     -4165.807685,      5.990952893,     -2.852491731,     -2.852491731,  -0.006638615582,               -0,               -0,  1.781867932e-12,     -37597.65952,      37597.65952
            3980,             7121,    0.06299999964,               45,                0,                0,      233.6108661,     -27.98767321,      -4371.26041,     -4194.124788,     -4194.124788,      6.034777463,     -2.810871149,     -2.810871149,  -0.006648860069,               -0,               -0,  2.829985774e-12,     -37597.65952,      37597.65952
            3990,             7121,    0.06299999964,               45,                0,                0,      234.1723134,     -27.98767321,     -4310.695735,     -4222.023958,     -4222.023958,      6.078068111,     -2.768905779,     -2.768905779,  -0.006659200087,               -0,               -0,  3.222995816e-12,     -37597.65952,      37597.65952
            4000,             7121,    0.06299999965,               45,                0,                0,      234.7343449,     -27.98767321,     -4249.700847,     -4249.501763,     -4249.501763,      6.120819261,     -2.726598341,     -2.726598341,  -0.006669635234,               -0,               -0,  2.583693752e-12,     -37597.65952,      37597.65952
            4010,             7121,    0.06299999965,               45,                0,                0,      235.2969656,     -27.98767321,     -4188.281167,     -4276.554794,     -4276.554794,      6.163025347,     -2.683951596,     -2.683951596,  -0.006680165099,               -0,               -0,  3.008454905e-12,     -37597.65952,      37597.65952
            4020,             7121,    0.06299999965,               45,                0,                0,      235.8601805,     -27.98767321,     -4126.442175,     -4303.179673,     -4303.179673,      6.204680804,     -2.640968355,     -2.640968355,  -0.006690789256,               -0,               -0,   1.68827275e-12,     -37597.65952,      37597.65952
            4030,             7121,    0.06299999965,               45,                0,                0,      236.4239946,     -27.98767321,     -4064.189405,     -4329.373049,     -4329.373049,      6.245780076,     -2.597651471,     -2.597651471,   -0.00670150727,               -0,               -0,  3.136818634e-12,     -37597.65952,      37597.65952
            4040,             7121,    0.06299999965,               45,                0,                0,      236.9884127,     -27.98767321,     -4001.528446,       -4355.1316,       -4355.1316,      6.286317612,     -2.554003845,     -2.554003845,  -0.006712318691,               -0,               -0,  1.715174965e-12,     -37597.65952,      37597.65952
            4050,             7121,    0.06299999965,               45,                0,                0,      237.5534399,     -27.98767321,     -3938.464944,     -4380.452033,     -4380.452033,      6.326287872,     -2.510028422,     -2.510028422,   -0.00672322306,               -0,               -0,  2.690220309e-12,     -37597.65952,      37597.65952
            4060,             7121,    0.06299999965,               45,                0,                0,      238.1190809,     -27.98767321,     -3875.004598,     -4405.331086,     -4405.331086,       6.36568532,     -2.465728195,     -2.465728195,  -0.006734219904,               -0,               -0,  2.765750627e-12,     -37597.65952,      37597.65952
            4070,             7121,    0.06299999965,               45,                0,                0,      238.6853406,     -27.98767321,     -3811.153165,     -4429.765525,     -4429.765525,      6.404504433,     -2.421106206,     -2.421106206,  -0.006745308735,               -0,               -0,  2.388440427e-12,     -37597.65952,      37597.65952
            4080,             7121,    0.06299999966,               45,                0,                0,      239.2522239,     -27.98767321,     -3746.916455,     -4453.752148,     -4453.752148,      6.442739695,      -2.37616554,      -2.37616554,  -0.006756489057,               -0,               -0,   2.46110218e-12,     -37597.65952,      37597.65952
            4090,             7121,    0.06299999966,               45,                0,                0,      239.8197353,     -27.98767321,     -3682.300336,     -4477.287784,     -4477.287784,      6.480385602,     -2.330909335,     -2.330909335,  -0.006767760356,               -0,               -0,  2.224316583e-12,     -37597.65952,      37597.65952
            4100,             7121,    0.06299999966,               45,                0,                0,      240.3878798,     -27.98767321,     -3617.310726,     -4500.369293,     -4500.369293,      6.517436661,     -2.285340774,     -2.285340774,  -0.006779122107,               -0,               -0,  2.892287341e-12,     -37597.65952,      37597.65952
            4110,             7121,    0.06299999966,               45,                0,                0,       240.956662,     -27.98767321,     -3551.953603,     -4522.993569,     -4522.993569,      6.553887391,     -2.239463091,     -2.239463091,  -0.006790573771,               -0,               -0,  1.408754817e-12,     -37597.65952,      37597.65952
            4120,             7121,    0.06299999966,               45,                0,                0,      241.5260864,     -27.98767321,     -3486.234998,     -4545.157536,     -4545.157536,      6.589732323,     -2.193279568,     -2.193279568,  -0.006802114796,               -0,               -0,  1.216178977e-12,     -37597.65952,      37597.65952
            4130,             7121,    0.06299999966,               45,                0,                0,      242.0961578,     -27.98767321,     -3420.160994,     -4566.858152,     -4566.858152,      6.624966003,     -2.146793537,     -2.146793537,  -0.006813744613,               -0,               -0,  2.754055083e-12,     -37597.65952,      37597.65952
            4140,             7121,    0.06299999966,               45,                0,                0,      242.6668807,     -27.98767321,     -3353.737733,     -4588.092409,     -4588.092409,      6.659582991,     -2.100008381,     -2.100008381,  -0.006825462641,               -0,               -0,  1.575516148e-12,     -37597.65952,      37597.65952
            4150,             7121,    0.06299999967,               45,                0,                0,      243.2382597,     -27.98767321,     -3286.971408,     -4608.857334,     -4608.857334,      6.693577862,     -2.052927532,     -2.052927532,  -0.006837268285,               -0,               -0,  1.311109132e-12,     -37597.65952,      37597.65952
            4160,             7121,    0.06299999967,               45,                0,                0,      243.8102992,     -27.98767321,     -3219.868268,     -4629.149986,     -4629.149986,      6.726945206,     -2.005554474,     -2.005554474,  -0.006849160934,               -0,               -0,  3.746013901e-12,     -37597.65952,      37597.65952
            4170,             7121,    0.06299999967,               45,                0,                0,      244.3830036,     -27.98767321,     -3152.434614,     -4648.967461,     -4648.967461,      6.759679634,     -1.957892742,     -1.957892742,   -0.00686113996,               -0,               -0,   3.08057689e-12,     -37597.65952,      37597.65952
            4180,             7121,    0.06299999967,               45,                0,                0,      244.9563774,     -27.98767321,     -3084.676803,      -4668.30689,      -4668.30689,      6.791775772,     -1.909945924,     -1.909945924,  -0.006873204724,               -0,               -0,   3.95466282e-12,     -37597.65952,      37597.65952
            4190,             7121,    0.06299999967,               45,                0,                0,       245.530425,     -27.98767321,     -3016.601244,     -4687.165441,     -4687.165441,      6.823228264,     -1.861717657,     -1.861717657,  -0.006885354567,               -0,               -0,  3.767136865e-12,     -37597.65952,      37597.65952
            4200,             7121,    0.06299999967,               45,                0,                0,      246.1051506,     -27.98767321,     -2948.214401,     -4705.540318,     -4705.540318,      6.854031777,     -1.813211634,     -1.813211634,  -0.006897588817,               -0,               -0,  4.009677428e-12,     -37597.65952,      37597.65952
            4210,             7121,    0.06299999967,               45,                0,                0,      246.6805585,     -27.98767321,      -2879.52279,     -4723.428761,     -4723.428761,      6.884180998,     -1.764431599,     -1.764431599,  -0.006909906786,               -0,               -0,  3.174683763e-12,     -37597.65952,      37597.65952
            4220,             7121,    0.06299999968,               45,                0,                0,       247.256653,     -27.98767321,     -2810.532979,     -4740.828049,     -4740.828049,      6.913670634,     -1.715381349,     -1.715381349,  -0.006922307768,               -0,               -0,  3.633458413e-12,     -37597.65952,      37597.65952
            4230,             7121,    0.06299999968,               45,                0,                0,      247.8334382,     -27.98767321,     -2741.251593,       -4757.7355,       -4757.7355,      6.942495418,     -1.666064736,     -1.666064736,  -0.006934791042,               -0,               -0,  4.655171699e-12,     -37597.65952,      37597.65952
            4240,             7121,    0.06299999968,               45,                0,                0,      248.4109183,     -27.98767321,     -2671.685305,     -4774.148469,     -4774.148469,      6.970650104,     -1.616485665,     -1.616485665,  -0.006947355869,               -0,               -0,   4.73041666e-12,     -37597.65952,      37597.65952
            4250,             7121,    0.06299999968,               45,                0,                0,      248.9890973,     -27.98767321,     -2601.840842,     -4790.064351,     -4790.064351,      6.998129473,     -1.566648096,     -1.566648096,  -0.006960001494,               -0,               -0,  4.766549568e-12,     -37597.65952,      37597.65952
            4260,             7121,    0.06299999968,               45,                0,                0,      249.5679793,     -27.98767321,     -2531.724984,     -4805.480582,     -4805.480582,      7.024928332,     -1.516556043,     -1.516556043,  -0.006972727145,               -0,               -0,  4.780643665e-12,     -37597.65952,      37597.65952
            4270,             7121,    0.06299999968,               45,                0,                0,      250.1475683,     -27.98767321,     -2461.344561,     -4820.394637,     -4820.394637,      7.051041515,     -1.466213576,     -1.466213576,  -0.006985532031,               -0,               -0,  4.475149176e-12,     -37597.65952,      37597.65952
            4280,             7121,    0.06299999968,               45,                0,                0,      250.7278681,     -27.98767321,     -2390.706456,     -4834.804033,     -4834.804033,      7.076463884,     -1.415624818,     -1.415624818,  -0.006998415344,               -0,               -0,  4.066240033e-12,     -37597.65952,      37597.65952
            4290,             7121,    0.06299999969,               45,                0,                0,      251.3088827,     -27.98767321,     -2319.817603,     -4848.706327,     -4848.706327,      7.101190331,      -1.36479395,      -1.36479395,   -0.00701137626,               -0,               -0,  4.431968287e-12,     -37597.65952,      37597.65952
            4300,             7121,    0.06299999969,               45,                0,                0,      251.8906159,     -27.98767321,     -2248.684986,     -4862.099119,     -4862.099119,      7.125215779,     -1.313725209,     -1.313725209,  -0.007024413934,               -0,               -0,  4.856847003e-12,     -37597.65952,      37597.65952
            4310,             7121,    0.06299999969,               45,                0,                0,      252.4730714,     -27.98767321,     -2177.315641,     -4874.980052,     -4874.980052,      7.148535183,     -1.262422887,     -1.262422887,  -0.007037527503,               -0,               -0,  4.376796781e-12,     -37597.65952,      37597.65952
            4320,             7121,    0.06299999969,               45,                0,                0,      253.0562531,     -27.98767321,     -2105.716653,     -4887.346813,     -4887.346813,       7.17114353,     -1.210891333,     -1.210891333,  -0.007050716087,               -0,               -0,  4.409457969e-12,     -37597.65952,      37597.65952
            4330,             7121,    0.06299999969,               45,                0,                0,      253.6401645,     -27.98767321,     -2033.895157,      -4899.19713,      -4899.19713,      7.193035842,     -1.159134954,     -1.159134954,  -0.007063978787,               -0,               -0,  4.409101987e-12,     -37597.65952,      37597.65952
            4340,             7121,    0.06299999969,               45,                0,                0,      254.2248092,     -27.98767321,     -1961.858339,     -4910.528777,     -4910.528777,      7.214207177,     -1.107158211,     -1.107158211,  -0.007077314683,               -0,               -0,  4.236156041e-12,     -37597.65952,      37597.65952
            4350,             7121,     0.0629999997,               45,                0,                0,      254.8101908,     -27.98767321,     -1889.613433,     -4921.339574,     -4921.339574,      7.234652631,     -1.054965625,     -1.054965625,  -0.007090722836,               -0,               -0,  4.082978794e-12,     -37597.65952,      37597.65952
            4360,             7121,     0.0629999997,               45,                0,                0,      255.3963128,     -27.98767321,     -1817.167722,     -4931.627385,     -4931.627385,      7.254367336,     -1.002561775,     -1.002561775,  -0.007104202291,               -0,               -0,  4.174230339e-12,     -37597.65952,      37597.65952
            4370,             7121,     0.0629999997,               45,                0,                0,      255.9831786,     -27.98767321,     -1744.528538,     -4941.390121,     -4941.390121,      7.273346466,    -0.9499512958,    -0.9499512958,  -0.007117752068,               -0,               -0,  3.995289061e-12,     -37597.65952,      37597.65952
            4380,             7121,     0.0629999997,               45,                0,                0,      256.5707916,     -27.98767321,     -1671.703261,     -4950.625738,     -4950.625738,      7.291585232,    -0.8971388813,    -0.8971388813,   -0.00713137117,               -0,               -0,  4.006683867e-12,     -37597.65952,      37597.65952
            4390,             7121,     0.0629999997,               45,                0,                0,      257.1591551,     -27.98767321,     -1598.699317,     -4959.332241,     -4959.332241,      7.309078893,    -0.8441292837,    -0.8441292837,  -0.007145058581,               -0,               -0,  4.402454772e-12,     -37597.65952,      37597.65952
            4400,             7121,     0.0629999997,               45,                0,                0,      257.7482723,     -27.98767321,     -1525.524182,     -4967.507683,     -4967.507683,      7.325822746,    -0.7909273133,    -0.7909273133,  -0.007158813261,               -0,               -0,   3.94489822e-12,     -37597.65952,      37597.65952
            4410,             7121,    0.06299999971,               45,                0,                0,      258.3381464,     -27.98767321,     -1452.185377,     -4975.150163,     -4975.150163,      7.341812138,    -0.7375378392,    -0.7375378392,  -0.007172634152,               -0,               -0,  3.820517978e-12,     -37597.65952,      37597.65952
            4420,             7121,    0.06299999971,               45,                0,                0,      258.9287806,     -27.98767321,      -1378.69047,     -4982.257831,     -4982.257831,      7.357042459,    -0.6839657891,    -0.6839657891,  -0.007186520175,               -0,               -0,   4.12076562e-12,     -37597.65952,      37597.65952
            4430,             7121,    0.06299999971,               45,                0,                0,      259.5201778,     -27.98767321,     -1305.047074,     -4988.828886,     -4988.828886,      7.371509148,    -0.6302161498,    -0.6302161498,  -0.007200470229,               -0,               -0,   4.09611251e-12,     -37597.65952,      37597.65952
            4440,             7121,    0.06299999971,               45,                0,                0,      260.1123411,     -27.98767321,     -1231.262848,     -4994.861579,     -4994.861579,      7.385207695,     -0.576293967,     -0.576293967,  -0.007214483193,               -0,               -0,  3.641559394e-12,     -37597.65952,      37597.65952
            4450,             7121,    0.06299999971,               45,                0,                0,      260.7052734,     -27.98767321,     -1157.345495,     -5000.354208,     -5000.354208,      7.398133639,    -0.5222043455,    -0.5222043455,  -0.007228557923,               -0,               -0,  4.005084379e-12,     -37597.65952,      37597.65952
            4460,             7121,    0.06299999972,               45,                0,                0,      261.2989775,     -27.98767321,     -1083.302765,     -5005.305125,     -5005.305125,      7.410282573,    -0.4679524496,    -0.4679524496,  -0.007242693255,               -0,               -0,  3.839448567e-12,     -37597.65952,      37597.65952
            4470,             7121,    0.06299999972,               45,                0,                0,      261.8934562,     -27.98767321,     -1009.142448,     -5009.712733,     -5009.712733,      7.421650142,    -0.4135435025,    -0.4135435025,  -0.007256888002,               -0,               -0,  4.063004313e-12,     -37597.65952,      37597.65952
            4480,             7121,    0.06299999972,               45,                0,                0,      262.4887122,     -27.98767321,     -934.8723809,     -5013.575489,     -5013.575489,      7.432232048,    -0.3589827872,    -0.3589827872,  -0.007271140956,               -0,               -0,  4.225463062e-12,     -37597.65952,      37597.65952
            4490,             7121,    0.06299999972,               45,                0,                0,      263.0847482,     -27.98767321,     -860.5004404,     -5016.891901,     -5016.891901,      7.442024052,    -0.3042756458,    -0.3042756458,  -0.007285450887,               -0,               -0,  4.078477081e-12,     -37597.65952,      37597.65952
            4500,             7121,    0.06299999972,               45,                0,                0,      263.6815667,     -27.98767321,     -786.0345468,     -5019.660532,     -5019.660532,       7.45102197,    -0.2494274802,    -0.2494274802,  -0.007299816541,               -0,               -0,  4.040999096e-12,     -37597.65952,      37597.65952
            4510,             7121,    0.06299999972,               45,                0,                0,      264.2791702,     -27.98767321,     -711.4826617,     -5021.879999,     -5021.879999,       7.45922168,    -0.1944437513,    -0.1944437513,  -0.007314236643,               -0,               -0,  4.058240224e-12,     -37597.65952,      37597.65952
            4520,             7121,    0.06299999973,               45,                0,                0,      264.8775611,     -27.98767321,     -636.8527874,     -5023.548973,     -5023.548973,      7.466619124,    -0.1393299797,    -0.1393299797,  -0.007328709896,               -0,               -0,  4.206379927e-12,     -37597.65952,      37597.65952
            4530,             7121,    0.06299999973,               45,                0,                0,      265.4767418,     -27.98767321,     -562.1529668,     -5024.666183,     -5024.666183,      7.473210304,   -0.08409174553,   -0.08409174553,  -0.007343234979,               -0,               -0,  4.123069046e-12,     -37597.65952,      37597.65952
            4540,             7121,    0.06299999973,               45,                0,                0,      266.0767145,     -27.98767321,      -487.391282,     -5025.230412,     -5025.230412,       7.47899129,   -0.02873468798,   -0.02873468798,  -0.007357810547,               -0,               -0,  4.061432632e-12,     -37597.65952,      37597.65952
            4550,             7121,    0.06299999973,               45,                0,                0,      266.6774815,     -27.98767321,     -412.5758545,       -5025.2405,       -5025.2405,      7.483958218,    0.02673549436,    0.02673549436,  -0.007372435236,               -0,               -0,  4.098557833e-12,     -37597.65952,      37597.65952
            4560,             7121,    0.06299999973,               45,                0,                0,      267.2790448,     -27.98767321,     -337.7148439,     -5024.695344,     -5024.695344,      7.488107293,    0.08231304374,    0.08231304374,  -0.007387107654,               -0,               -0,  4.181871425e-12,     -37597.65952,      37597.65952
            4570,             7121,    0.06299999974,               45,                0,                0,      267.8814064,     -27.98767321,     -262.8164473,     -5023.593901,     -5023.593901,      7.491434791,     0.1379921434,     0.1379921434,  -0.007401826389,               -0,               -0,  4.104401081e-12,     -37597.65952,      37597.65952
            4580,             7121,    0.06299999974,               45,                0,                0,      268.4845683,     -27.98767321,     -187.8888988,     -5021.935182,     -5021.935182,      7.493937059,     0.1937669176,     0.1937669176,  -0.007416590004,               -0,               -0,  4.150759454e-12,     -37597.65952,      37597.65952
            4590,             7121,    0.06299999974,               45,                0,                0,      269.0885324,     -27.98767321,     -112.9404688,     -5019.718263,     -5019.718263,      7.495610518,      0.249631432,      0.249631432,  -0.007431397039,               -0,               -0,  4.154424895e-12,     -37597.65952,      37597.65952
            4600,             7121,    0.06299999974,               45,                0,                0,      269.6933004,     -27.98767321,     -37.97946287,     -5016.942275,     -5016.942275,      7.496451665,     0.3055796936,     0.3055796936,  -0.007446246011,               -0,               -0,  4.258180135e-12,     -37597.65952,      37597.65952
            4610,             7121,    0.06299999974,               45,                0,                0,       270.298874,     -27.98767321,      36.98577869,      -5013.60641,      -5013.60641,      7.496457076,     0.3616056511,     0.3616056511,  -0.007461135412,               -0,               -0,  4.077876975e-12,     -37597.65952,      37597.65952
            4620,             7121,    0.06299999975,               45,                0,                0,      270.9052549,     -27.98767321,      111.9468817,     -5009.709923,     -5009.709923,      7.495623404,     0.4177031953,     0.4177031953,  -0.007476063712,               -0,               -0,  4.289292643e-12,     -37597.65952,      37597.65952
            4630,             7121,    0.06299999975,               45,                0,                0,      271.5124446,     -27.98767321,      186.8954389,     -5005.252128,     -5005.252128,      7.493947384,      0.473866159,      0.473866159,  -0.007491029354,               -0,               -0,   4.63146629e-12,     -37597.65952,      37597.65952
            4640,             7121,    0.06299999975,               45,                0,                0,      272.1204445,     -27.98767321,      261.8230109,     -5000.232403,     -5000.232403,      7.491425834,     0.5300883175,     0.5300883175,   -0.00750603076,               -0,               -0,  5.124476655e-12,     -37597.65952,      37597.65952
            4650,             7121,    0.06299999975,               45,                0,                0,       272.729256,     -27.98767321,      336.7211268,     -4994.650185,     -4994.650185,      7.488055657,     0.5863633889,     0.5863633889,  -0.007521066327,               -0,               -0,  5.215598968e-12,     -37597.65952,      37597.65952
            4660,             7121,    0.06299999976,               45,                0,                0,      273.3388802,     -27.98767321,      411.5812852,     -4988.504979,     -4988.504979,      7.483833842,     0.6426850346,     0.6426850346,  -0.007536134428,               -0,               -0,  4.984030479e-12,     -37597.65952,      37597.65952
            4670,             7121,    0.06299999976,               45,                0,                0,      273.9493185,     -27.98767321,      486.3949551,     -4981.796351,     -4981.796351,      7.478757466,     0.6990468593,     0.6990468593,  -0.007551233412,               -0,               -0,  5.174256867e-12,     -37597.65952,      37597.65952
            4680,             7121,    0.06299999976,               45,                0,                0,      274.5605718,     -27.98767321,      561.1535766,      -4974.52393,      -4974.52393,      7.472823697,     0.7554424119,     0.7554424119,  -0.007566361604,               -0,               -0,  4.998282715e-12,     -37597.65952,      37597.65952
            4690,             7121,    0.06299999976,               45,                0,                0,      275.1726412,     -27.98767321,      635.8485619,     -4966.687412,     -4966.687412,      7.466029797,     0.8118651853,     0.8118651853,  -0.007581517305,               -0,               -0,   4.93789327e-12,     -37597.65952,      37597.65952
            4700,             7121,    0.06299999976,               45,                0,                0,      275.7855276,     -27.98767321,      710.4712965,     -4958.286557,     -4958.286557,      7.458373118,     0.8683086176,     0.8683086176,   -0.00759669879,               -0,               -0,  5.158142248e-12,     -37597.65952,      37597.65952
            4710,             7121,    0.06299999977,               45,                0,                0,      276.3992316,     -27.98767321,      785.0131398,     -4949.321193,     -4949.321193,      7.449851111,      0.924766092,      0.924766092,  -0.007611904313,               -0,               -0,  5.200196984e-12,     -37597.65952,      37597.65952
            4720,             7121,    0.06299999977,               45,                0,                0,      277.0137541,     -27.98767321,      859.4654261,     -4939.791211,     -4939.791211,      7.440461324,     0.9812309375,     0.9812309375,  -0.007627132102,               -0,               -0,  4.623021295e-12,     -37597.65952,      37597.65952
            4730,             7121,    0.06299999977,               45,                0,                0,      277.6290957,     -27.98767321,      933.8194658,     -4929.696572,     -4929.696572,      7.430201405,       1.03769643,       1.03769643,  -0.007642380361,               -0,               -0,  4.715278691e-12,     -37597.65952,      37597.65952
            4740,             7121,    0.06299999977,               45,                0,                0,      278.2452568,     -27.98767321,      1008.066546,     -4919.037303,     -4919.037303,      7.419069103,      1.094155791,      1.094155791,  -0.007657647271,               -0,               -0,  4.152106791e-12,     -37597.65952,      37597.65952
            4750,             7121,    0.06299999977,               45,                0,                0,      278.8622379,     -27.98767321,      1082.197933,     -4907.813499,     -4907.813499,      7.407062272,      1.150602191,      1.150602191,  -0.007672930987,               -0,               -0,  4.523541253e-12,     -37597.65952,      37597.65952
            4760,             7121,    0.06299999978,               45,                0,                0,      279.4800392,     -27.98767321,       1156.20487,     -4896.025325,     -4896.025325,      7.394178869,      1.207028748,      1.207028748,  -0.007688229643,               -0,               -0,  3.928160032e-12,     -37597.65952,      37597.65952
            4770,             7121,    0.06299999978,               45,                0,                0,       280.098661,     -27.98767321,      1230.078582,     -4883.673013,     -4883.673013,      7.380416962,      1.263428529,      1.263428529,  -0.007703541346,               -0,               -0,  4.119160869e-12,     -37597.65952,      37597.65952
            4780,             7121,    0.06299999978,               45,                0,                0,      280.7181033,     -27.98767321,      1303.810275,     -4870.756867,     -4870.756867,      7.365774725,      1.319794551,      1.319794551,  -0.007718864183,               -0,               -0,  4.702690918e-12,     -37597.65952,      37597.65952
            4790,             7121,    0.06299999978,               45,                0,                0,      281.3383663,     -27.98767321,      1377.391136,     -4857.277258,     -4857.277258,      7.350250445,      1.376119781,      1.376119781,  -0.007734196213,               -0,               -0,  4.024582246e-12,     -37597.65952,      37597.65952
            4800,             7121,    0.06299999979,               45,                0,                0,      281.9594497,     -27.98767321,      1450.812338,     -4843.234631,     -4843.234631,      7.333842522,      1.432397137,      1.432397137,  -0.007749535476,               -0,               -0,  4.614486842e-12,     -37597.65952,      37597.65952
            4810,             7121,    0.06299999979,               45,                0,                0,      282.5813534,     -27.98767321,      1524.065036,     -4828.629499,     -4828.629499,       7.31654947,      1.488619488,      1.488619488,  -0.007764879984,               -0,               -0,  4.678846802e-12,     -37597.65952,      37597.65952
            4820,             7121,    0.06299999979,               45,                0,                0,       283.204077,     -27.98767321,      1597.140372,     -4813.462448,     -4813.462448,      7.298369923,      1.544779659,      1.544779659,   -0.00778022773,               -0,               -0,  4.470525554e-12,     -37597.65952,      37597.65952
            4830,             7121,    0.06299999979,               45,                0,                0,      283.8276202,     -27.98767321,      1670.029475,     -4797.734137,     -4797.734137,       7.27930263,      1.600870424,      1.600870424,  -0.007795576682,               -0,               -0,  3.935309269e-12,     -37597.65952,      37597.65952
            4840,             7121,     0.0629999998,               45,                0,                0,      284.4519823,     -27.98767321,      1742.723462,     -4781.445296,     -4781.445296,      7.259346464,      1.656884516,      1.656884516,  -0.007810924785,               -0,               -0,   4.07342115e-12,     -37597.65952,      37597.65952
            4850,             7121,     0.0629999998,               45,                0,                0,      285.0771628,     -27.98767321,      1815.213438,     -4764.596727,     -4764.596727,      7.238500419,       1.71281462,       1.71281462,  -0.007826269962,               -0,               -0,  4.201652589e-12,     -37597.65952,      37597.65952
            4860,             7121,     0.0629999998,               45,                0,                0,       285.703161,     -27.98767321,      1887.490501,     -4747.189308,     -4747.189308,      7.216763614,      1.768653379,      1.768653379,  -0.007841610113,               -0,               -0,  3.898233844e-12,     -37597.65952,      37597.65952
            4870,             7121,     0.0629999998,               45,                0,                0,      286.3299758,     -27.98767321,      1959.545739,     -4729.223988,     -4729.223988,      7.194135296,      1.824393395,      1.824393395,  -0.007856943115,               -0,               -0,  3.892349032e-12,     -37597.65952,      37597.65952
            4880,             7121,     0.0629999998,               45,                0,                0,      286.9576065,     -27.98767321,      2031.370233,     -4710.701794,     -4710.701794,      7.170614837,      1.880027224,      1.880027224,  -0.007872266825,               -0,               -0,  4.442615039e-12,     -37597.65952,      37597.65952
            4890,             7121,    0.06299999981,               45,                0,                0,      287.5860519,     -27.98767321,       2102.95506,     -4691.623823,     -4691.623823,      7.146201744,      1.935547387,      1.935547387,  -0.007887579078,               -0,               -0,  3.975203253e-12,     -37597.65952,      37597.65952
            4900,             7121,    0.06299999981,               45,                0,                0,      288.2153108,     -27.98767321,      2174.291291,      -4671.99125,      -4671.99125,      7.120895652,      1.990946363,      1.990946363,  -0.007902877685,               -0,               -0,  4.921752949e-12,     -37597.65952,      37597.65952
            4910,             7121,    0.06299999981,               45,                0,                0,      288.8453819,     -27.98767321,      2245.369996,     -4651.805325,     -4651.805325,      7.094696333,      2.046216592,      2.046216592,  -0.007918160439,               -0,               -0,   3.87931294e-12,     -37597.65952,      37597.65952
            4920,             7121,    0.06299999981,               45,                0,                0,      289.4762638,     -27.98767321,       2316.18224,     -4631.067373,     -4631.067373,      7.067603692,      2.101350479,      2.101350479,   -0.00793342511,               -0,               -0,  4.146858029e-12,     -37597.65952,      37597.65952
            4930,             7121,    0.06299999982,               45,                0,                0,      290.1079549,     -27.98767321,      2386.719092,     -4609.778795,     -4609.778795,      7.039617773,      2.156340392,      2.156340392,  -0.007948669449,               -0,               -0,  4.229625318e-12,     -37597.65952,      37597.65952
            4940,             7121,    0.06299999982,               45,                0,                0,      290.7404536,     -27.98767321,      2456.971619,      -4587.94107,      -4587.94107,      7.010738761,      2.211178666,      2.211178666,  -0.007963891185,               -0,               -0,  4.762023824e-12,     -37597.65952,      37597.65952
            4950,             7121,    0.06299999982,               45,                0,                0,      291.3737582,     -27.98767321,      2526.930891,     -4565.555753,     -4565.555753,      6.980966979,      2.265857602,      2.265857602,   -0.00797908803,               -0,               -0,  4.735269764e-12,     -37597.65952,      37597.65952
            4960,             7121,    0.06299999982,               45,                0,                0,      292.0078666,     -27.98767321,      2596.587984,     -4542.624475,     -4542.624475,      6.950302895,      2.320369468,      2.320369468,  -0.007994257672,               -0,               -0,  3.861896554e-12,     -37597.65952,      37597.65952
            4970,             7121,    0.06299999983,               45,                0,                0,       292.642777,     -27.98767321,      2665.933977,     -4519.148946,     -4519.148946,      6.918747121,      2.374706505,      2.374706505,  -0.008009397785,               -0,               -0,  3.907227726e-12,     -37597.65952,      37597.65952
            4980,             7121,    0.06299999983,               45,                0,                0,      293.2784871,     -27.98767321,      2734.959957,     -4495.130954,     -4495.130954,      6.886300417,      2.428860921,      2.428860921,  -0.008024506022,               -0,               -0,  3.110470535e-12,     -37597.65952,      37597.65952
            4990,             7121,    0.06299999983,               45,                0,                0,      293.9149948,     -27.98767321,      2803.657018,     -4470.572363,     -4470.572363,      6.852963687,      2.482824899,      2.482824899,  -0.008039580016,               -0,               -0,  3.601922434e-12,     -37597.65952,      37597.65952
            5000,             7121,    0.06299999983,               45,                0,                0,      294.5522977,     -27.98767321,      2872.016267,     -4445.475117,     -4445.475117,       6.81873799,      2.536590597,      2.536590597,  -0.008054617386,               -0,               -0,   4.03672496e-12,     -37597.65952,      37597.65952
            5010,             7121,    0.06299999984,               45,                0,                0,      295.1903932,     -27.98767321,      2940.028819,     -4419.841238,     -4419.841238,      6.783624532,      2.590150145,      2.590150145,   -0.00806961573,               -0,               -0,  4.705718145e-12,     -37597.65952,      37597.65952
            5020,             7121,    0.06299999984,               45,                0,                0,      295.8292787,     -27.98767321,      3007.685803,     -4393.672827,     -4393.672827,      6.747624673,      2.643495652,      2.643495652,  -0.008084572633,               -0,               -0,  4.511660784e-12,     -37597.65952,      37597.65952
            5030,             7121,    0.06299999984,               45,                0,                0,      296.4689516,     -27.98767321,      3074.978363,     -4366.972065,     -4366.972065,      6.710739929,      2.696619207,      2.696619207,  -0.008099485659,               -0,               -0,  3.474861884e-12,     -37597.65952,      37597.65952
            5040,             7121,    0.06299999984,               45,                0,                0,       297.109409,     -27.98767321,      3141.897657,     -4339.741209,     -4339.741209,      6.672971971,      2.749512876,      2.749512876,  -0.008114352361,               -0,               -0,  3.160129766e-12,     -37597.65952,      37597.65952
            5050,             7121,    0.06299999985,               45,                0,                0,      297.7506479,     -27.98767321,      3208.434864,       -4311.9826,       -4311.9826,      6.634322627,      2.802168711,      2.802168711,  -0.008129170274,               -0,               -0,  3.359972303e-12,     -37597.65952,      37597.65952
            5060,             7121,    0.06299999985,               45,                0,                0,      298.3926651,     -27.98767321,      3274.581179,     -4283.698654,     -4283.698654,      6.594793884,      2.854578744,      2.854578744,  -0.008143936918,               -0,               -0,  4.099885667e-12,     -37597.65952,      37597.65952
            5070,             7121,    0.06299999985,               45,                0,                0,      299.0354574,     -27.98767321,      3340.327818,     -4254.891871,     -4254.891871,      6.554387891,      2.906734995,      2.906734995,    -0.0081586498,               -0,               -0,  4.300369862e-12,     -37597.65952,      37597.65952
            5080,             7121,    0.06299999985,               45,                0,                0,      299.6790216,     -27.98767321,       3405.66602,     -4225.564827,     -4225.564827,      6.513106956,      2.958629469,      2.958629469,  -0.008173306413,               -0,               -0,  3.417385969e-12,     -37597.65952,      37597.65952
            5090,             7121,    0.06299999985,               45,                0,                0,       300.323354,     -27.98767321,      3470.587048,     -4195.720181,     -4195.720181,      6.470953553,      3.010254162,      3.010254162,  -0.008187904238,               -0,               -0,  4.211186515e-12,     -37597.65952,      37597.65952
            5100,             7121,    0.06299999986,               45,                0,                0,      300.9684511,     -27.98767321,      3535.082192,      -4165.36067,      -4165.36067,      6.427930318,      3.061601059,      3.061601059,  -0.008202440743,               -0,               -0,  2.956425377e-12,     -37597.65952,      37597.65952
            5110,             7121,    0.06299999986,               45,                0,                0,      301.6143092,     -27.98767321,      3599.142765,     -4134.489112,     -4134.489112,      6.384040055,      3.112662139,      3.112662139,  -0.008216913383,               -0,               -0,  3.764840955e-12,     -37597.65952,      37597.65952
            5120,             7121,    0.06299999986,               45,                0,                0,      302.2609244,     -27.98767321,      3662.760112,     -4103.108407,     -4103.108407,      6.339285733,      3.163429376,      3.163429376,  -0.008231319604,               -0,               -0,  3.114444005e-12,     -37597.65952,      37597.65952
            5130,             7121,    0.06299999986,               45,                0,                0,      302.9082927,     -27.98767321,       3725.92561,     -4071.221531,     -4071.221531,      6.293670489,      3.213894739,      3.213894739,  -0.008245656841,               -0,               -0,   3.27514934e-12,     -37597.65952,      37597.65952
            5140,             7121,    0.06299999987,               45,                0,                0,      303.5564099,     -27.98767321,      3788.630663,     -4038.831545,     -4038.831545,       6.24719763,      3.264050197,      3.264050197,   -0.00825992252,               -0,               -0,  4.450063537e-12,     -37597.65952,      37597.65952
            5150,             7121,    0.06299999987,               45,                0,                0,      304.2052719,     -27.98767321,      3850.866715,     -4005.941587,     -4005.941587,      6.199870634,      3.313887718,      3.313887718,  -0.008274114056,               -0,               -0,  3.632596553e-12,     -37597.65952,      37597.65952
            5160,             7121,    0.06299999987,               45,                0,                0,      304.8548743,     -27.98767321,      3912.625241,     -3972.554877,     -3972.554877,      6.151693149,      3.363399274,      3.363399274,  -0.008288228859,               -0,               -0,  4.417747939e-12,     -37597.65952,      37597.65952
            5170,             7121,    0.06299999987,               45,                0,                0,      305.5052126,     -27.98767321,      3973.897756,     -3938.674715,     -3938.674715,      6.102668995,      3.412576842,      3.412576842,  -0.008302264329,               -0,               -0,  3.835266728e-12,     -37597.65952,      37597.65952
            5180,             7121,    0.06299999988,               45,                0,                0,      306.1562821,     -27.98767321,      4034.675812,      -3904.30448,      -3904.30448,      6.052802167,      3.461412404,      3.461412404,  -0.008316217861,               -0,               -0,  2.639777165e-12,     -37597.65952,      37597.65952
            5190,             7121,    0.06299999988,               45,                0,                0,       306.808078,     -27.98767321,      4094.951004,     -3869.447634,     -3869.447634,      6.002096831,      3.509897951,      3.509897951,  -0.008330086843,               -0,               -0,  3.341354473e-12,     -37597.65952,      37597.65952
            5200,             7121,    0.06299999988,               45,                0,                0,      307.4605956,     -27.98767321,      4154.714968,     -3834.107715,     -3834.107715,       5.95055733,      3.558025488,      3.558025488,  -0.008343868659,               -0,               -0,  2.905421757e-12,     -37597.65952,      37597.65952
            5210,             7121,    0.06299999988,               45,                0,                0,      308.1138298,     -27.98767321,      4213.959385,     -3798.288344,     -3798.288344,      5.898188182,       3.60578703,       3.60578703,  -0.008357560689,               -0,               -0,   4.12136029e-12,     -37597.65952,      37597.65952
            5220,             7121,    0.06299999989,               45,                0,                0,      308.7677754,     -27.98767321,      4272.675982,     -3761.993221,     -3761.993221,      5.844994082,      3.653174609,      3.653174609,  -0.008371160307,               -0,               -0,  2.931832119e-12,     -37597.65952,      37597.65952
            5230,             7121,    0.06299999989,               45,                0,                0,      309.4224271,     -27.98767321,      4330.856533,     -3725.226125,     -3725.226125,      5.790979899,      3.700180273,      3.700180273,  -0.008384664889,               -0,               -0,  2.857846397e-12,     -37597.65952,      37597.65952
            5240,             7121,    0.06299999989,               45,                0,                0,      310.0777797,     -27.98767321,      4388.492863,     -3687.990915,     -3687.990915,      5.736150683,      3.746796093,      3.746796093,  -0.008398071806,               -0,               -0,  2.963169875e-12,     -37597.65952,      37597.65952
            5250,             7121,    0.06299999989,               45,                0,                0,      310.7338275,     -27.98767321,      4445.576847,     -3650.291529,     -3650.291529,       5.68051166,      3.793014159,      3.793014159,  -0.008411378428,               -0,               -0,  3.327336907e-12,     -37597.65952,      37597.65952
            5260,             7121,    0.06299999989,               45,                0,                0,      311.3905649,     -27.98767321,      4502.100415,     -3612.131984,     -3612.131984,      5.624068233,      3.838826589,      3.838826589,  -0.008424582129,               -0,               -0,  3.276607322e-12,     -37597.65952,      37597.65952
            5270,             7121,     0.0629999999,               45,                0,                0,      312.0479862,     -27.98767321,      4558.055549,     -3573.516375,     -3573.516375,      5.566825985,      3.884225523,      3.884225523,  -0.008437680278,               -0,               -0,  3.310449055e-12,     -37597.65952,      37597.65952
            5280,             7121,     0.0629999999,               45,                0,                0,      312.7060853,     -27.98767321,      4613.434291,     -3534.448878,     -3534.448878,      5.508790679,      3.929203136,      3.929203136,  -0.008450670253,               -0,               -0,  3.448364217e-12,     -37597.65952,      37597.65952
            5290,             7121,     0.0629999999,               45,                0,                0,      313.3648564,     -27.98767321,      4668.228739,     -3494.933743,     -3494.933743,      5.449968256,       3.97375163,       3.97375163,  -0.008463549429,               -0,               -0,  3.879758706e-12,     -37597.65952,      37597.65952
            5300,             7121,     0.0629999999,               45,                0,                0,      314.0242931,     -27.98767321,      4722.431053,     -3454.975301,     -3454.975301,      5.390364835,      4.017863244,      4.017863244,  -0.008476315187,               -0,               -0,  3.761304514e-12,     -37597.65952,      37597.65952
            5310,             7121,    0.06299999991,               45,                0,                0,      314.6843893,     -27.98767321,      4776.033453,      -3414.57796,      -3414.57796,      5.329986715,      4.061530251,      4.061530251,  -0.008488964915,               -0,               -0,  3.318202951e-12,     -37597.65952,      37597.65952
            5320,             7121,    0.06299999991,               45,                0,                0,      315.3451385,     -27.98767321,      4829.028226,     -3373.746204,     -3373.746204,      5.268840377,      4.104744965,      4.104744965,  -0.008501496005,               -0,               -0,   3.62067883e-12,     -37597.65952,      37597.65952
            5330,             7121,    0.06299999991,               45,                0,                0,      316.0065342,     -27.98767321,      4881.407722,     -3332.484594,     -3332.484594,      5.206932476,       4.14749974,       4.14749974,  -0.008513905854,               -0,               -0,   2.59186318e-12,     -37597.65952,      37597.65952
            5340,             7121,    0.06299999991,               45,                0,                0,      316.6685697,     -27.98767321,       4933.16436,     -3290.797768,     -3290.797768,      5.144269851,      4.189786974,      4.189786974,   -0.00852619187,               -0,               -0,  2.882068475e-12,     -37597.65952,      37597.65952
            5350,             7121,    0.06299999992,               45,                0,                0,      317.3312382,     -27.98767321,      4984.290627,     -3248.690438,     -3248.690438,      5.080859517,      4.231599112,      4.231599112,  -0.008538351468,               -0,               -0,  3.445975139e-12,     -37597.65952,      37597.65952
            5360,             7121,    0.06299999992,               45,                0,                0,      317.9945328,     -27.98767321,      5034.779082,     -3206.167394,     -3206.167394,      5.016708668,      4.272928645,      4.272928645,  -0.008550382074,               -0,               -0,   3.46399102e-12,     -37597.65952,      37597.65952
            5370,             7121,    0.06299999992,               45,                0,                0,      318.6584466,     -27.98767321,      5084.622357,     -3163.233499,     -3163.233499,      4.951824676,       4.31376812,       4.31376812,  -0.008562281124,               -0,               -0,  2.108947092e-12,     -37597.65952,      37597.65952
            5380,             7121,    0.06299999992,               45,                0,                0,      319.3229722,     -27.98767321,      5133.813157,      -3119.89369,      -3119.89369,      4.886215092,      4.354110133,      4.354110133,  -0.008574046066,               -0,               -0,  2.203697743e-12,     -37597.65952,      37597.65952
            5390,             7121,    0.06299999992,               45,                0,                0,      319.9881025,     -27.98767321,      5182.344265,     -3076.152979,     -3076.152979,      4.819887643,      4.393947338,      4.393947338,  -0.008585674362,               -0,               -0,  2.635965153e-12,     -37597.65952,      37597.65952
            5400,             7121,    0.06299999993,               45,                0,                0,        320.65383,     -27.98767321,      5230.208543,      -3032.01645,      -3032.01645,      4.752850231,      4.433272448,      4.433272448,  -0.008597163487,               -0,               -0,  2.246913298e-12,     -37597.65952,      37597.65952
            5410,             7121,    0.06299999993,               45,                0,                0,      321.3201473,     -27.98767321,       5277.39893,     -2987.489261,     -2987.489261,      4.685110937,      4.472078238,      4.472078238,  -0.008608510932,               -0,               -0,  3.055727506e-12,     -37597.65952,      37597.65952
            5420,             7121,    0.06299999993,               45,                0,                0,      321.9870467,     -27.98767321,       5323.90845,      -2942.57664,      -2942.57664,      4.616678013,      4.510357544,      4.510357544,  -0.008619714202,               -0,               -0,  2.213269334e-12,     -37597.65952,      37597.65952
            5430,             7121,    0.06299999993,               45,                0,                0,      322.6545204,     -27.98767321,      5369.730207,     -2897.283889,     -2897.283889,      4.547559889,      4.548103271,      4.548103271,  -0.008630770823,               -0,               -0,  2.108283345e-12,     -37597.65952,      37597.65952
            5440,             7121,    0.06299999993,               45,                0,                0,      323.3225605,     -27.98767321,      5414.857392,     -2851.616377,     -2851.616377,      4.477765165,      4.585308392,      4.585308392,  -0.008641678337,               -0,               -0,  2.520396463e-12,     -37597.65952,      37597.65952
            5450,             7121,    0.06299999994,               45,                0,                0,      323.9911591,     -27.98767321,      5459.283284,     -2805.579546,     -2805.579546,      4.407302614,       4.62196595,       4.62196595,  -0.008652434304,               -0,               -0,  1.841337149e-12,     -37597.65952,      37597.65952
            5460,             7121,    0.06299999994,               45,                0,                0,      324.6603081,     -27.98767321,      5503.001248,     -2759.178906,     -2759.178906,      4.336181181,      4.658069064,      4.658069064,  -0.008663036307,               -0,               -0,  2.920440932e-12,     -37597.65952,      37597.65952
            5470,             7121,    0.06299999994,               45,                0,                0,      325.3299993,     -27.98767321,      5546.004741,     -2712.420036,     -2712.420036,      4.264409979,      4.693610926,      4.693610926,   -0.00867348195,               -0,               -0,  1.533514857e-12,     -37597.65952,      37597.65952
            5480,             7121,    0.06299999994,               45,                0,                0,      326.0002243,     -27.98767321,      5588.287313,     -2665.308581,     -2665.308581,      4.191998289,      4.728584811,      4.728584811,   -0.00868376886,               -0,               -0,  2.722791909e-12,     -37597.65952,      37597.65952
            5490,             7121,    0.06299999994,               45,                0,                0,      326.6709746,     -27.98767321,      5629.842604,     -2617.850255,     -2617.850255,      4.118955561,      4.762984072,      4.762984072,  -0.008693894686,               -0,               -0,  2.279275312e-12,     -37597.65952,      37597.65952
            5500,             7121,    0.06299999995,               45,                0,                0,      327.3422418,     -27.98767321,      5670.664352,     -2570.050837,     -2570.050837,       4.04529141,      4.796802148,      4.796802148,  -0.008703857103,               -0,               -0,  3.151769573e-12,     -37597.65952,      37597.65952
            5510,             7121,    0.06299999995,               45,                0,                0,      328.0140171,     -27.98767321,      5710.746393,     -2521.916171,     -2521.916171,      3.971015612,      4.830032562,      4.830032562,  -0.008713653813,               -0,               -0,  2.249222566e-12,     -37597.65952,      37597.65952
            5520,             7121,    0.06299999995,               45,                0,                0,      328.6862919,     -27.98767321,      5750.082659,     -2473.452166,     -2473.452166,      3.896138109,      4.862668927,      4.862668927,  -0.008723282543,               -0,               -0,  2.768086306e-12,     -37597.65952,      37597.65952
            5530,             7121,    0.06299999995,               45,                0,                0,      329.3590571,     -27.98767321,      5788.667183,     -2424.664793,     -2424.664793,      3.820669001,      4.894704948,      4.894704948,  -0.008732741049,               -0,               -0,  1.480727132e-12,     -37597.65952,      37597.65952
            5540,             7121,    0.06299999995,               45,                0,                0,      330.0323039,     -27.98767321,      5826.494101,     -2375.560089,     -2375.560089,      3.744618547,      4.926134422,      4.926134422,  -0.008742027116,               -0,               -0,  2.515376869e-12,     -37597.65952,      37597.65952
            5550,             7121,    0.06299999995,               45,                0,                0,      330.7060232,     -27.98767321,      5863.557651,     -2326.144147,     -2326.144147,      3.667997165,      4.956951242,      4.956951242,  -0.008751138559,               -0,               -0,  1.179205043e-12,     -37597.65952,      37597.65952
            5560,             7121,    0.06299999996,               45,                0,                0,      331.3802057,     -27.98767321,      5899.852177,     -2276.423126,     -2276.423126,      3.590815423,      4.987149401,      4.987149401,  -0.008760073226,               -0,               -0,  1.118022803e-12,     -37597.65952,      37597.65952
            5570,             7121,    0.06299999996,               45,                0,                0,      332.0548422,     -27.98767321,      5935.372127,     -2226.403241,     -2226.403241,      3.513084047,      5.016722991,      5.016722991,  -0.008768828995,               -0,               -0,  2.267893814e-12,     -37597.65952,      37597.65952
            5580,             7121,    0.06299999996,               45,                0,                0,      332.7299234,     -27.98767321,      5970.112062,     -2176.090767,     -2176.090767,      3.434813909,      5.045666207,      5.045666207,  -0.008777403778,               -0,               -0,  2.637139474e-12,     -37597.65952,      37597.65952
            5590,             7121,    0.06299999996,               45,                0,                0,      333.4054396,     -27.98767321,      6004.066646,     -2125.492037,     -2125.492037,      3.356016033,      5.073973351,      5.073973351,  -0.008785795522,               -0,               -0,   2.34775159e-12,     -37597.65952,      37597.65952
            5600,             7121,    0.06299999996,               45,                0,                0,      334.0813814,     -27.98767321,       6037.23066,     -2074.613439,     -2074.613439,      3.276701585,      5.101638832,      5.101638832,   -0.00879400221,               -0,               -0,  9.812865034e-13,     -37597.65952,      37597.65952
            5610,             7121,    0.06299999996,               45,                0,                0,       334.757739,     -27.98767321,      6069.598994,     -2023.461418,     -2023.461418,      3.196881877,      5.128657167,      5.128657167,  -0.008802021859,               -0,               -0,  1.881793273e-12,     -37597.65952,      37597.65952
            5620,             7121,    0.06299999997,               45,                0,                0,      335.4345028,     -27.98767321,      6101.166652,     -1972.042471,     -1972.042471,      3.116568362,      5.155022988,      5.155022988,  -0.008809852527,               -0,               -0,  2.581787245e-12,     -37597.65952,      37597.65952
            5630,             7121,    0.06299999997,               45,                0,                0,      336.1116629,     -27.98767321,      6131.928754,     -1920.363151,     -1920.363151,      3.035772629,       5.18073104,       5.18073104,  -0.008817492307,               -0,               -0,  8.710996838e-13,     -37597.65952,      37597.65952
            5640,             7121,    0.06299999997,               45,                0,                0,      336.7892093,     -27.98767321,      6161.880536,      -1868.43006,      -1868.43006,      2.954506407,      5.205776183,      5.205776183,  -0.008824939334,               -0,               -0,  1.996490016e-12,     -37597.65952,      37597.65952
            5650,             7121,    0.06299999997,               45,                0,                0,      337.4671319,     -27.98767321,      6191.017353,     -1816.249853,     -1816.249853,      2.872781552,      5.230153398,      5.230153398,  -0.008832191782,               -0,               -0,  7.484888501e-13,     -37597.65952,      37597.65952
            5660,             7121,    0.06299999997,               45,                0,                0,      338.1454208,     -27.98767321,      6219.334678,     -1763.829235,     -1763.829235,      2.790610055,      5.253857785,      5.253857785,  -0.008839247867,               -0,               -0,  2.353058577e-12,     -37597.65952,      37597.65952
            5670,             7121,    0.06299999997,               45,                0,                0,      338.8240657,     -27.98767321,      6246.828106,     -1711.174956,     -1711.174956,      2.708004033,      5.276884569,      5.276884569,  -0.008846105847,               -0,               -0,  9.906686525e-13,     -37597.65952,      37597.65952
            5680,             7121,    0.06299999997,               45,                0,                0,      339.5030563,     -27.98767321,      6273.493351,     -1658.293818,     -1658.293818,      2.624975726,      5.299229096,      5.299229096,  -0.008852764023,               -0,               -0,  2.869869277e-12,     -37597.65952,      37597.65952
            5690,             7121,    0.06299999997,               45,                0,                0,      340.1823823,     -27.98767321,      6299.326254,     -1605.192664,     -1605.192664,      2.541537495,      5.320886842,      5.320886842,  -0.008859220742,               -0,               -0,  2.707295433e-12,     -37597.65952,      37597.65952
            5700,             7121,    0.06299999998,               45,                0,                0,      340.8620333,     -27.98767321,      6324.322776,     -1551.878385,     -1551.878385,      2.457701822,      5.341853409,      5.341853409,  -0.008865474392,               -0,               -0,  2.215616508e-12,     -37597.65952,      37597.65952
            5710,             7121,    0.06299999998,               45,                0,                0,      341.5419988,     -27.98767321,      6348.479007,     -1498.357914,     -1498.357914,        2.3734813,      5.362124533,      5.362124533,  -0.008871523412,               -0,               -0,   2.83045079e-12,     -37597.65952,      37597.65952
            5720,             7121,    0.06299999998,               45,                0,                0,      342.2222681,     -27.98767321,      6371.791162,     -1444.638226,     -1444.638226,      2.288888635,      5.381696077,      5.381696077,  -0.008877366284,               -0,               -0,  2.552370842e-12,     -37597.65952,      37597.65952
            5730,             7121,    0.06299999998,               45,                0,                0,      342.9028307,     -27.98767321,      6394.255582,     -1390.726337,     -1390.726337,      2.203936644,      5.400564043,      5.400564043,  -0.008883001538,               -0,               -0,  2.388497984e-12,     -37597.65952,      37597.65952
            5740,             7121,    0.06299999998,               45,                0,                0,      343.5836758,     -27.98767321,       6415.86874,     -1336.629303,     -1336.629303,      2.118638244,      5.418724567,      5.418724567,  -0.008888427753,               -0,               -0,   2.64233637e-12,     -37597.65952,      37597.65952
            5750,             7121,    0.06299999998,               45,                0,                0,      344.2647928,     -27.98767321,      6436.627236,     -1282.354217,     -1282.354217,      2.033006457,       5.43617392,       5.43617392,  -0.008893643558,               -0,               -0,  2.372668781e-12,     -37597.65952,      37597.65952
            5760,             7121,    0.06299999998,               45,                0,                0,      344.9461706,     -27.98767321,      6456.527802,     -1227.908207,     -1227.908207,      1.947054402,      5.452908517,      5.452908517,  -0.008898647631,               -0,               -0,  1.946715662e-12,     -37597.65952,      37597.65952
            5770,             7121,    0.06299999998,               45,                0,                0,      345.6277986,     -27.98767321,        6475.5673,      -1173.29844,      -1173.29844,      1.860795291,      5.468924908,      5.468924908,    -0.0089034387,               -0,               -0,  2.142252684e-12,     -37597.65952,      37597.65952
            5780,             7121,    0.06299999998,               45,                0,                0,      346.3096656,     -27.98767321,      6493.742728,     -1118.532114,     -1118.532114,      1.774242427,       5.48421979,       5.48421979,  -0.008908015544,               -0,               -0,  2.143459037e-12,     -37597.65952,      37597.65952
            5790,             7121,    0.06299999998,               45,                0,                0,      346.9917608,     -27.98767321,      6511.051214,      -1063.61646,      -1063.61646,      1.687409203,      5.498790001,      5.498790001,  -0.008912376997,               -0,               -0,    2.1373122e-12,     -37597.65952,      37597.65952
            5800,             7121,    0.06299999999,               45,                0,                0,       347.674073,     -27.98767321,      6527.490023,      -1008.55874,      -1008.55874,      1.600309089,      5.512632524,      5.512632524,  -0.008916521941,               -0,               -0,  1.750391289e-12,     -37597.65952,      37597.65952
            5810,             7121,    0.06299999999,               45,                0,                0,      348.3565912,     -27.98767321,      6543.056552,      -953.366245,      -953.366245,      1.512955641,      5.525744489,      5.525744489,  -0.008920449315,               -0,               -0,  1.560921217e-12,     -37597.65952,      37597.65952
            5820,             7121,    0.06299999999,               45,                0,                0,      349.0393041,     -27.98767321,      6557.748336,     -898.0462945,     -898.0462945,      1.425362486,      5.538123172,      5.538123172,  -0.008924158111,               -0,               -0,  1.453703266e-12,     -37597.65952,      37597.65952
            5830,             7121,    0.06299999999,               45,                0,                0,      349.7222006,     -27.98767321,      6571.563048,     -842.6062344,     -842.6062344,      1.337543323,      5.549766001,      5.549766001,  -0.008927647374,               -0,               -0,  9.068211622e-13,     -37597.65952,      37597.65952
            5840,             7121,    0.06299999999,               45,                0,                0,      350.4052695,     -27.98767321,      6584.498495,     -787.0534355,     -787.0534355,      1.249511922,       5.56067055,       5.56067055,  -0.008930916206,               -0,               -0,  1.627957136e-12,     -37597.65952,      37597.65952
            5850,             7121,    0.06299999999,               45,                0,                0,      351.0884994,     -27.98767321,      6596.552625,      -731.395292,      -731.395292,      1.161282112,      5.570834546,      5.570834546,  -0.008933963762,               -0,               -0,  1.313887381e-12,     -37597.65952,      37597.65952
            5860,             7121,    0.06299999999,               45,                0,                0,       351.771879,     -27.98767321,      6607.723523,     -675.6392202,     -675.6392202,      1.072867784,      5.580255869,      5.580255869,  -0.008936789255,               -0,               -0,  1.479832567e-12,     -37597.65952,      37597.65952
            5870,             7121,    0.06299999999,               45,                0,                0,      352.4553971,     -27.98767321,      6618.009412,     -619.7926568,     -619.7926568,      0.984282884,      5.588932549,      5.588932549,  -0.008939391953,               -0,               -0,  1.474124972e-12,     -37597.65952,      37597.65952
            5880,             7121,    0.06299999999,               45,                0,                0,      353.1390421,     -27.98767321,      6627.408658,     -563.8630574,     -563.8630574,     0.8955414102,      5.596862773,      5.596862773,  -0.008941771183,               -0,               -0,  1.465149169e-12,     -37597.65952,      37597.65952
            5890,             7121,    0.06299999999,               45,                0,                0,      353.8228027,     -27.98767321,      6635.919765,     -507.8578951,     -507.8578951,     0.8066574068,       5.60404488,       5.60404488,  -0.008943926327,               -0,               -0,  1.352236719e-12,     -37597.65952,      37597.65952
            5900,             7121,    0.06299999999,               45,                0,                0,      354.5066674,     -27.98767321,      6643.541378,     -451.7846586,     -451.7846586,     0.7176449616,      5.610477366,      5.610477366,  -0.008945856825,               -0,               -0,  1.442472916e-12,     -37597.65952,      37597.65952
            5910,             7121,    0.06299999999,               45,                0,                0,      355.1906248,     -27.98767321,      6650.272283,      -395.650851,      -395.650851,     0.6285182009,      5.616158883,      5.616158883,  -0.008947562175,               -0,               -0,  1.281474622e-12,     -37597.65952,      37597.65952
            5920,             7121,    0.06299999999,               45,                0,                0,      355.8746633,     -27.98767321,      6656.111408,     -339.4639882,     -339.4639882,     0.5392912859,      5.621088238,      5.621088238,  -0.008949041934,               -0,               -0,    1.1681177e-12,     -37597.65952,      37597.65952
            5930,             7121,    0.06299999999,               45,                0,                0,      356.5587715,     -27.98767321,      6661.057823,      -283.231597,      -283.231597,     0.4499784079,      5.625264397,      5.625264397,  -0.008950295717,               -0,               -0,  1.321336881e-12,     -37597.65952,      37597.65952
            5940,             7121,    0.06299999999,               45,                0,                0,      357.2429378,     -27.98767321,      6665.110737,     -226.9612139,     -226.9612139,     0.3605937844,      5.628686483,      5.628686483,  -0.008951323196,               -0,               -0,   1.35689269e-12,     -37597.65952,      37597.65952
            5950,             7121,    0.06299999999,               45,                0,                0,      357.9271507,     -27.98767321,      6668.269507,     -170.6603833,     -170.6603833,     0.2711516546,      5.631353777,      5.631353777,  -0.008952124104,               -0,               -0,  1.258506176e-12,     -37597.65952,      37597.65952
            5960,             7121,    0.06299999999,               45,                0,                0,      358.6113986,     -27.98767321,      6670.533626,     -114.3366562,     -114.3366562,      0.181666275,      5.633265719,      5.633265719,  -0.008952698231,               -0,               -0,  1.281420949e-12,     -37597.65952,      37597.65952
            5970,             7121,    0.06299999999,               45,                0,                0,      359.2956701,     -27.98767321,      6671.902736,     -57.99758817,     -57.99758817,     0.0921519154,      5.634421906,      5.634421906,  -0.008953045429,               -0,               -0,  1.280446921e-12,     -37597.65952,      37597.65952
            5980,             7121,    0.06299999999,               45,                0,                0,      359.9799534,     -27.98767321,      6672.376616,     -1.650738113,     -1.650738113,   0.002622854355,      5.634822096,      5.634822096,  -0.008953165607,               -0,               -0,   1.28086433e-12,     -37597.65952,      37597.65952
